<?xml version="1.0"?>
<kml xmlns="http://www.opengis.net/kml/2.2">
  <Document>
    <name>Fuchs Elephant Charge 2024</name>
    <Style id="cab">
      <IconStyle>
        <scale>0.7</scale>
        <href>http://maps.google.com/mapfiles/kml/shapes/cabs.png</href>
      </IconStyle>
    </Style>
    <Folder>
      <name>Checkpoints</name>
      <open>0</open>
      <Placemark>
        <name>CLZ Kanyemba</name>
        <Point>
          <coordinates>28.5215989686165,-15.7905079600922</coordinates>
        </Point>
      </Placemark>
      <Placemark>
        <name>Country Choice Chicken</name>
        <Point>
          <coordinates>28.5491192221856,-15.7925118190758</coordinates>
        </Point>
      </Placemark>
      <Placemark>
        <name>Sunsweet</name>
        <Point>
          <coordinates>28.538376443391,-15.7926061877099</coordinates>
        </Point>
      </Placemark>
      <Placemark>
        <name>East Park Mall</name>
        <Point>
          <coordinates>28.569058,-15.803386</coordinates>
        </Point>
      </Placemark>
      <Placemark>
        <name>Leopards Hill Memorial Park</name>
        <Point>
          <coordinates>28.564025459,-15.768147875</coordinates>
        </Point>
      </Placemark>
      <Placemark>
        <name>Sky Trails</name>
        <Point>
          <coordinates>28.546946004,-15.782884002</coordinates>
        </Point>
      </Placemark>
      <Placemark>
        <name>National Milling</name>
        <Point>
          <coordinates>28.534135019,-15.804502797</coordinates>
        </Point>
      </Placemark>
      <Placemark>
        <name>Rapid Aluminium</name>
        <Point>
          <coordinates>28.562464127,-15.769008633</coordinates>
        </Point>
      </Placemark>
      <Placemark>
        <name>NewGrowCo</name>
        <Point>
          <coordinates>28.565470289,-15.770351727</coordinates>
        </Point>
      </Placemark>
      <Placemark>
        <name>Kal Tire</name>
        <Point>
          <coordinates>28.532442,-15.776831</coordinates>
        </Point>
      </Placemark>
    </Folder>
    <Folder>
      <name>Entries</name>
      <open>1</open>
      <Folder>
        <name>1 Camel</name>
        <open>0</open>
        <Folder>
          <name>Legs</name>
          <visibility>1</visibility>
          <open>0</open>
          <Placemark>
            <name>1 Kal Tire to CLZ Kanyemba</name>
            <styleUrl>#entry_445</styleUrl>
            <LineString>
              <coordinates>28.532440261840804,-15.77682750701953 28.532310485839844,-15.776929855346678 28.532310485839844,-15.776949882507326 28.53227043151855,-15.77698040008545 28.53227043151855,-15.77702045440674 28.532230377197266,-15.777059555053713 28.53219985961914,-15.77711009979248 28.532159805297848,-15.77717018127441 28.532129287719727,-15.777219772338867 28.532089233398434,-15.777279853820797 28.532049179077152,-15.777330398559567 28.531980514526367,-15.777409553527832 28.531980514526367,-15.777420043945314 28.531980514526367,-15.777440071105955 28.531940460205078,-15.777460098266602 28.53186988830566,-15.777529716491694 28.53186988830566,-15.777549743652346 28.531829833984375,-15.777589797973633 28.53175926208496,-15.77762985229492 28.53171920776367,-15.777680397033691 28.53165054321289,-15.777700424194338 28.53165054321289,-15.77772045135498 28.53165054321289,-15.77772045135498 28.531570434570316,-15.77777004241943 28.531570434570316,-15.777790069580078 28.531570434570316,-15.777810096740717 28.531539916992188,-15.777830123901365 28.53142929077148,-15.777879714965822 28.53138923645019,-15.777959823608395 28.531320571899414,-15.778050422668457 28.531320571899414,-15.778160095214847 28.53128051757812,-15.778229713439943 28.53120994567871,-15.778320312499996 28.531152534484857,-15.778370380402253 28.531152534484857,-15.778370380402253 28.531133211576016,-15.778399614187482 28.531133211576016,-15.778399614187482 28.531079864501955,-15.778483118331199 28.531079864501955,-15.778483118331199 28.53109831809997,-15.778513908386635 28.53109831809997,-15.778513908386635 28.531024932861317,-15.778615291305348 28.531024932861317,-15.778615291305348 28.53095054626465,-15.77871036529541 28.53095054626465,-15.778730392456055 28.530910491943356,-15.778739929199219 28.530910491943356,-15.778759956359863 28.530910491943356,-15.778759956359863 28.530910491943356,-15.778759956359863 28.530910491943356,-15.778800010681154 28.53087997436523,-15.778849601745604 28.53087997436523,-15.77890968322754 28.53087997436523,-15.778949737548828 28.53087997436523,-15.778960227966309 28.53087997436523,-15.779089927673338 28.530839920043945,-15.779199600219727 28.530839920043945,-15.779259681701657 28.530839920043945,-15.779399871826174 28.530839920043945,-15.779509544372553 28.530839920043945,-15.779500007629396 28.530839920043945,-15.779500007629396 28.530839920043945,-15.779500007629396 28.530839920043945,-15.779500007629396 28.53087997436523,-15.779529571533205 28.53095054626465,-15.779720306396488 28.53095054626465,-15.779919624328615 28.530910491943356,-15.7801399230957 28.530910491943356,-15.780300140380852 28.530910491943356,-15.780429840087887 28.530809402465817,-15.780599594116216 28.530689239501953,-15.7808198928833 28.530550003051758,-15.781089782714846 28.530689239501953,-15.781290054321286 28.53076934814453,-15.781530380249025 28.530839920043945,-15.781789779663084 28.530839920043945,-15.781949996948244 28.53087997436523,-15.782230377197264 28.53076934814453,-15.78236961364746 28.530627250671387,-15.782511949539503 28.530627250671387,-15.782511949539503 28.530550003051758,-15.782629966735838 28.53046989440918,-15.78269004821777 28.53046989440918,-15.782699584960938 28.53043937683105,-15.782719612121586 28.530344554356166,-15.782776832581249 28.530344554356166,-15.782776832581249 28.53029060363769,-15.782810211181642 28.530250549316403,-15.782850265502926 28.530179977416992,-15.782870292663574 28.530040740966797,-15.782959938049316 28.52988910675049,-15.783033561706697 28.52988910675049,-15.783033561706697 28.5297794342041,-15.783140182495117 28.52973937988281,-15.783180236816404 28.529710769653317,-15.7832498550415 28.529710769653317,-15.783240318298333 28.529710769653317,-15.7832498550415 28.529590606689453,-15.783349990844723 28.529560089111325,-15.783470153808594 28.52948265075683,-15.78359921773342 28.52948265075683,-15.78359921773342 28.52944946289062,-15.78363990783691 28.52930068969727,-15.783659934997559 28.52930068969727,-15.783679962158203 28.529260635375973,-15.783690452575685 28.529150009155277,-15.783800125122072 28.52907943725586,-15.783909797668459 28.529050827026367,-15.783929824829107 28.529010772705075,-15.783949851989743 28.528900146484375,-15.784020423889164 28.528860092163082,-15.784040451049805 28.528749465942383,-15.784020423889164 28.52864074707031,-15.784099578857422 28.52864074707031,-15.784119606018065 28.528600692749023,-15.784130096435547 28.528570175170895,-15.784150123596188 28.528459548950195,-15.78417015075684 28.528390884399414,-15.784230232238766 28.52835083007812,-15.784239768981932 28.52835083007812,-15.784239768981932 28.52820014953613,-15.784299850463865 28.52812957763672,-15.784370422363283 28.52812957763672,-15.784370422363283 28.52812957763672,-15.784390449523924 28.52812957763672,-15.78441047668457 28.52808952331543,-15.78441047668457 28.527980804443356,-15.784500122070314 28.527870178222653,-15.784589767456055 28.527799606323242,-15.784649848937992 28.527759552001953,-15.784649848937992 28.527730941772457,-15.78466987609863 28.527730941772457,-15.78466987609863 28.527610778808594,-15.784700393676758 28.527500152587887,-15.784760475158697 28.52736091613769,-15.784790039062495 28.527250289916992,-15.78485012054443 28.527167406949125,-15.784879684448653 28.527167406949125,-15.784879684448653 28.527069091796875,-15.784999847412111 28.527069091796875,-15.784999847412111 28.527069091796875,-15.785019874572752 28.527069091796875,-15.785019874572752 28.526990890502926,-15.785070419311529 28.52695083618164,-15.785090446472168 28.52695083618164,-15.785090446472168 28.52695083618164,-15.785090446472168 28.526880264282223,-15.785110473632812 28.526880264282223,-15.785110473632812 28.526840209960934,-15.785090446472168 28.526769638061523,-15.785050392150877 28.526769638061523,-15.785050392150877 28.526769638061523,-15.785030364990234 28.526590347290036,-15.784999847412111 28.526399612426758,-15.785050392150877 28.526260375976562,-15.785120010375973 28.526149749755856,-15.7852201461792 28.525999069213864,-15.7852201461792 28.5258903503418,-15.785229682922362 28.52570915222168,-15.785269737243652 28.52566909790039,-15.785329818725579 28.52563095092773,-15.785349845886227 28.52563095092773,-15.785360336303713 28.52563095092773,-15.785360336303713 28.52563095092773,-15.785360336303713 28.52563095092773,-15.785400390625 28.52566909790039,-15.785559654235836 28.52570915222168,-15.785779953002928 28.525846705717193,-15.78597635381636 28.525846705717193,-15.78597635381636 28.5258903503418,-15.786259651184082 28.5258903503418,-15.786299705505373 28.525850296020504,-15.786319732666016 28.52577972412109,-15.786459922790531 28.52570915222168,-15.78658962249756 28.52566909790039,-15.786760330200195 28.52563095092773,-15.786919593811028 28.52566909790039,-15.787090301513672 28.525600433349606,-15.787229537963864 28.525560379028317,-15.787360191345211 28.525560379028317,-15.787549972534181 28.525489807128903,-15.787710189819338 28.525409698486325,-15.78789043426514 28.52535057067871,-15.788155555725586 28.52535057067871,-15.788155555725586 28.525339126586914,-15.78855037689209 28.525379180908203,-15.788700103759767 28.525489807128903,-15.788849830627438 28.525560379028317,-15.789070129394531 28.525600433349606,-15.789250373840336 28.52570915222168,-15.78940010070801 28.52573966979981,-15.789649963378906 28.525850296020504,-15.789819717407225 28.5258903503418,-15.789959907531738 28.5258903503418,-15.790169715881351 28.525881247086954,-15.790270328522782 28.525881247086954,-15.790270328522782 28.52573966979981,-15.79039001464844 28.52573966979981,-15.79039001464844 28.52566909790039,-15.790419578552248 28.52566909790039,-15.790419578552248 28.52566909790039,-15.790419578552248 28.525600433349606,-15.790419578552248 28.525560379028317,-15.79047966003418 28.52552032470703,-15.79047966003418 28.52552032470703,-15.79047966003418 28.525489807128903,-15.79047966003418 28.525429725646973,-15.790448427201756 28.525429725646973,-15.790448427201756 28.52529907226562,-15.7903299331665 28.52527046203613,-15.790300369262695 28.525190353393555,-15.790280342102049 28.52511978149414,-15.790309906005858 28.525049209594727,-15.7903299331665 28.525049209594727,-15.790349960327152 28.525009155273434,-15.790349960327152 28.52496910095215,-15.79039001464844 28.524940490722653,-15.79039001464844 28.524940490722653,-15.79039001464844 28.524940490722653,-15.790410041809078 28.524900436401367,-15.790439605712889 28.524829864501953,-15.790439605712889 28.524719238281246,-15.79047966003418 28.524719238281246,-15.790499687194822 28.52467918395996,-15.79059028625488 28.52461051940918,-15.790659904479979 28.524570465087887,-15.790719985961914 28.5245304107666,-15.790740013122555 28.524459838867184,-15.790769577026364 28.524419784545895,-15.790789604187013 28.524419784545895,-15.790809631347658 28.524389266967777,-15.790809631347658 28.52434921264648,-15.790789604187013 28.52434921264648,-15.790789604187013 28.5242805480957,-15.790789604187013 28.5242805480957,-15.790789604187013 28.5242805480957,-15.790769577026364 28.524240493774414,-15.790769577026364 28.524240493774414,-15.790769577026364 28.524129867553707,-15.790769577026364 28.52408981323242,-15.790789604187013 28.52408981323242,-15.790789604187013 28.524059295654297,-15.790809631347658 28.524019241333004,-15.790809631347658 28.524019241333004,-15.790809631347658 28.523910522460938,-15.790809631347658 28.52387046813965,-15.790789604187013 28.523839950561523,-15.790769577026364 28.52379989624023,-15.790769577026364 28.52379989624023,-15.790769577026364 28.52364921569824,-15.790769577026364 28.523540496826172,-15.790740013122555 28.523429870605465,-15.790699958801268 28.523429870605465,-15.790699958801268 28.523319244384762,-15.790639877319332 28.523319244384762,-15.790659904479979 28.52318000793457,-15.790630340576172 28.523139953613278,-15.790610313415524 28.523099899291992,-15.790610313415524 28.522989273071286,-15.79059028625488 28.52288055419922,-15.79059028625488 28.522850036621094,-15.79059028625488 28.5228099822998,-15.79059028625488 28.522739410400387,-15.79057025909424 28.52259063720703,-15.790610313415524 28.522439956665036,-15.790610313415524 28.522409439086914,-15.790630340576172 28.522409439086914,-15.790639877319332 28.52230072021484,-15.79067993164062 28.522150039672848,-15.790719985961914 28.522079467773434,-15.790719985961914 28.522039413452145,-15.790740013122555 28.521970748901367,-15.790740013122555 28.521788024902342,-15.790703964233945 28.521788024902342,-15.790703964233945 28.521749496459957,-15.790610313415524 28.52170944213867,-15.790550231933592</coordinates>
            </LineString>
          </Placemark>
          <Placemark>
            <name>1 CLZ Kanyemba to National Milling</name>
            <styleUrl>#entry_445</styleUrl>
            <LineString>
              <coordinates>28.5216007232666,-15.790497486408452 28.5216007232666,-15.790497486408452 28.52156066894531,-15.790610313415524 28.5216007232666,-15.790630340576172 28.52166938781738,-15.790699958801268 28.52170944213867,-15.790740013122555 28.5217444896698,-15.790820956231247 28.5217444896698,-15.790820956231247 28.521820068359375,-15.790969848632814 28.52189064025879,-15.791119575500487 28.521930694580078,-15.791159629821781 28.521930694580078,-15.791190147399904 28.521970748901367,-15.791250228881834 28.521970748901367,-15.791250228881834 28.521970748901367,-15.791290283203121 28.521999359130856,-15.791319847106926 28.522039413452145,-15.791399955749512 28.52209854125977,-15.791483759881725 28.52209854125977,-15.791483759881725 28.522150039672848,-15.791580200195309 28.52219009399414,-15.791709899902344 28.522260665893555,-15.791830062866211 28.522329330444336,-15.791950225830083 28.52236938476562,-15.79203987121582 28.522439956665036,-15.792149543762203 28.522520065307614,-15.792240142822264 28.52259063720703,-15.792329788208008 28.52259063720703,-15.792349815368654 28.522670745849606,-15.792440414428707 28.522739410400387,-15.792530059814457 28.522797966003424,-15.792599105835276 28.522797966003424,-15.792599105835276 28.522850036621094,-15.79269981384277 28.522850036621094,-15.79269981384277 28.522920608520508,-15.792770385742188 28.522989273071286,-15.79283046722412 28.523029327392575,-15.792860031127928 28.523069381713864,-15.792900085449215 28.523099899291992,-15.79294013977051 28.523139953613278,-15.792989730834961 28.52318000793457,-15.792989730834961 28.52318000793457,-15.793009757995605 28.523210525512695,-15.793029785156248 28.523250579833984,-15.793049812316896 28.52329063415527,-15.793080329895016 28.52329063415527,-15.793100357055666 28.523319244384762,-15.79312038421631 28.523319244384762,-15.793140411376955 28.523319244384762,-15.793140411376955 28.52335929870605,-15.793160438537594 28.523399353027347,-15.793169975280758 28.523399353027347,-15.793190002441403 28.523509979248043,-15.793279647827147 28.52362060546875,-15.793379783630368 28.52364921569824,-15.793410301208498 28.52364921569824,-15.793430328369137 28.52379989624023,-15.79347038269043 28.523839950561523,-15.793490409851076 28.523839950561523,-15.79347038269043 28.523839950561523,-15.793490409851076 28.52387046813965,-15.793490409851076 28.523910522460938,-15.793490409851076 28.523950576782223,-15.793499946594238 28.523950576782223,-15.793540000915533 28.52397918701172,-15.793580055236816 28.524019241333004,-15.793609619140625 28.524059295654297,-15.793629646301268 28.524059295654297,-15.793629646301268 28.52408981323242,-15.793649673461916 28.52408981323242,-15.793649673461916 28.524129867553707,-15.793669700622557 28.524169921874996,-15.793689727783203 28.524200439453125,-15.793689727783203 28.524240493774414,-15.793689727783203 28.524240493774414,-15.793689727783203 28.52434921264648,-15.793740272521969 28.524419784545895,-15.79378032684326 28.524459838867184,-15.793800354003908 28.524459838867184,-15.793829917907713 28.5245304107666,-15.793869972229004 28.5245304107666,-15.793869972229004 28.524570465087887,-15.79393005371094 28.52461051940918,-15.793939590454103 28.52463912963867,-15.793959617614744 28.52463912963867,-15.793959617614744 28.52467918395996,-15.79401969909668 28.52467918395996,-15.79401969909668 28.52474975585938,-15.794110298156733 28.52474975585938,-15.794110298156733 28.524829864501953,-15.794179916381836 28.524900436401367,-15.794260025024407 28.52496910095215,-15.79430961608887 28.525009155273434,-15.794349670410154 28.525009155273434,-15.794380187988281 28.525079727172848,-15.79446029663086 28.525159835815426,-15.794509887695314 28.52523040771484,-15.79456996917724 28.52523040771484,-15.79458999633789 28.52529907226562,-15.794657389323238 28.52529907226562,-15.794657389323238 28.525379180908203,-15.794859886169437 28.525379180908203,-15.79489994049072 28.525344848632812,-15.795024190631725 28.525344848632812,-15.795024190631725 28.525339126586914,-15.795140266418457 28.525339126586914,-15.795149803161621 28.525379180908203,-15.795229911804192 28.525379180908203,-15.795299530029295 28.525416782924108,-15.795365606036434 28.525416782924108,-15.795365606036434 28.525489807128903,-15.795430183410645 28.52552032470703,-15.795479774475092 28.52552032470703,-15.79549980163574 28.525560379028317,-15.795559883117676 28.525600433349606,-15.795630455017088 28.525600433349606,-15.795630455017088 28.52563095092773,-15.795669555664055 28.52563095092773,-15.795700073242186 28.52566909790039,-15.795700073242186 28.52570915222168,-15.795780181884767 28.52573966979981,-15.79580020904541 28.52573966979981,-15.79580020904541 28.525819778442383,-15.795869827270511 28.525819778442383,-15.795869827270511 28.525850296020504,-15.795920372009277 28.5258903503418,-15.795940399169924 28.525930404663082,-15.795940399169924 28.52596092224121,-15.795940399169924 28.52596092224121,-15.795940399169924 28.525999069213864,-15.795940399169924 28.525999069213864,-15.795960426330568 28.526039123535156,-15.795960426330568 28.526039123535156,-15.795960426330568 28.52607765197754,-15.796045017243095 28.52607765197754,-15.796045017243095 28.526180267333984,-15.796130180358883 28.526260375976562,-15.796139717102044 28.526290893554684,-15.796159744262695 28.526330947875977,-15.796179771423343 28.526369094848633,-15.796199798583986 28.526439666748043,-15.796219825744629 28.526479721069336,-15.796239852905273 28.526510238647457,-15.796250343322752 28.526606241861973,-15.796235508389286 28.526606241861973,-15.796235508389286 28.52669906616211,-15.796250343322752 28.526769638061523,-15.796290397644043 28.526769638061523,-15.796310424804688 28.526840209960934,-15.796380043029787 28.526880264282223,-15.796420097351074 28.526880264282223,-15.796440124511719 28.526920318603512,-15.796489715576177 28.52695083618164,-15.796509742736815 28.526990890502926,-15.796600341796875 28.526990890502926,-15.79662036895752 28.526990890502926,-15.796660423278805 28.52703094482422,-15.796689987182615 28.52703094482422,-15.796689987182615 28.52703094482422,-15.796710014343255 28.52703094482422,-15.796730041503906 28.52703094482422,-15.796730041503906 28.52703094482422,-15.796750068664554 28.527069091796875,-15.796839714050293 28.527099609375,-15.79687976837158 28.527139663696286,-15.79687976837158 28.527139663696286,-15.796899795532225 28.527164632623844,-15.796961264177588 28.527164632623844,-15.796961264177588 28.527250289916992,-15.79701042175293 28.527280807495114,-15.797060012817385 28.527280807495114,-15.797080039978026 28.527320861816406,-15.797100067138668 28.527320861816406,-15.797100067138668 28.527320861816406,-15.797120094299313 28.527320861816406,-15.797129631042484 28.527320861816406,-15.797169685363771 28.527320861816406,-15.797169685363771 28.5273208618164,-15.797300338746844 28.5273208618164,-15.797300338746844 28.527280807495114,-15.797369956970213 28.527280807495114,-15.797369956970213 28.527280807495114,-15.797450065612798 28.527250289916992,-15.79751968383789 28.527250289916992,-15.797570228576657 28.527280807495114,-15.797650337219237 28.527280807495114,-15.797679901123045 28.527280807495114,-15.797699928283691 28.527280807495114,-15.797719955444336 28.527280807495114,-15.797739982604982 28.527250289916992,-15.797760009765623 28.527250289916992,-15.79778003692627 28.527250289916992,-15.797789573669435 28.527280807495114,-15.797889709472654 28.527280807495114,-15.79800033569336 28.527250289916992,-15.79804992675781 28.527250289916992,-15.798089981079098 28.527250289916992,-15.798089981079098 28.5272102355957,-15.798139572143555 28.5272102355957,-15.798179626464842 28.5272102355957,-15.798179626464842 28.5272102355957,-15.798219680786133 28.5272102355957,-15.79829025268555 28.5272102355957,-15.79829025268555 28.5272102355957,-15.798330307006834 28.5272102355957,-15.798359870910643 28.527250289916992,-15.798419952392576 28.527267728533065,-15.798486982075158 28.527267728533065,-15.798486982075158 28.527280807495114,-15.798669815063475 28.527320861816406,-15.798780441284181 28.527399063110348,-15.798859596252443 28.527429580688473,-15.798930168151854 28.527429580688473,-15.7989501953125 28.527429580688473,-15.799099922180176 28.527429580688473,-15.799220085144048 28.527399063110348,-15.79934978485107 28.527469635009766,-15.799440383911136 28.527469635009766,-15.799460411071776 28.527469635009766,-15.799480438232424 28.527500152587887,-15.799610137939455 28.527580261230465,-15.799699783325199 28.52769088745117,-15.799770355224611 28.527799606323242,-15.799830436706536 28.527870178222653,-15.799880027770996 28.527870178222653,-15.799900054931642 28.527910232543945,-15.799920082092282 28.52794075012207,-15.799920082092282 28.52794075012207,-15.799920082092282 28.52794075012207,-15.799940109252926 28.52794075012207,-15.799940109252926 28.527980804443356,-15.799940109252926 28.528060913085934,-15.799920082092282 28.528126852852957,-15.799934387207514 28.528126852852957,-15.799934387207514 28.52820014953613,-15.799980163574217 28.52820014953613,-15.799989700317383 28.528240203857422,-15.799989700317383 28.528240203857422,-15.80000972747803 28.52835083007812,-15.800069808959961 28.528390884399414,-15.800069808959961 28.528459548950195,-15.800089836120605 28.52853012084961,-15.80012035369873 28.52853012084961,-15.800140380859375 28.52853012084961,-15.800160408020021 28.528570175170895,-15.800180435180666 28.52864074707031,-15.800230026245117 28.52864074707031,-15.800250053405762 28.52867279052735,-15.800323772431796 28.52867279052735,-15.800323772431796 28.5286808013916,-15.800379753112793 28.5286808013916,-15.800419807434084 28.5286808013916,-15.800419807434084 28.5286808013916,-15.80047035217285 28.528720855712887,-15.800530433654785 28.528720855712887,-15.800539970397946 28.528749465942383,-15.800539970397946 28.528749465942383,-15.800539970397946 28.528749465942383,-15.800539970397946 28.528793879917693,-15.800618580410324 28.528793879917693,-15.800618580410324 28.528820037841797,-15.800760269165034 28.528900146484375,-15.800840377807617 28.528930664062496,-15.800909996032711 28.529050827026367,-15.800979614257809 28.52913602193197,-15.801101883253109 28.52913602193197,-15.801101883253109 28.529155015945435,-15.801162838936087 28.529155015945435,-15.801162838936087 28.52930068969727,-15.80130958557129 28.52930068969727,-15.80132961273193 28.52934074401855,-15.801349639892582 28.529380798339844,-15.801409721374513 28.529409408569336,-15.801409721374513 28.529409408569336,-15.801409721374513 28.529409408569336,-15.801420211791992 28.529479980468746,-15.801500320434567 28.529592697436975,-15.80153264449338 28.529592697436975,-15.80153264449338 28.52959823608398,-15.801489194234678 28.52959823608398,-15.801489194234678 28.529591969081334,-15.801534243992661 28.529591969081334,-15.801534243992661 28.529710769653317,-15.801609992980957 28.5297794342041,-15.801609992980957 28.529809951782227,-15.801609992980957 28.529890060424805,-15.80165958404541 28.530000686645504,-15.801719665527346 28.530109405517578,-15.801810264587399 28.530179977416992,-15.801879882812502 28.530250549316403,-15.801899909973143 28.530250549316403,-15.801899909973143 28.53029060363769,-15.801899909973143 28.53029060363769,-15.801919937133789 28.530330657958984,-15.801919937133789 28.530330657958984,-15.801939964294434 28.530359268188473,-15.801939964294434 28.53046989440918,-15.801989555358888 28.530580520629886,-15.80204963684082 28.53066062927246,-15.802140235900877 28.53076934814453,-15.80224990844727 28.53076934814453,-15.802269935607912 28.530809402465817,-15.802300453186032 28.530910491943356,-15.802379608154299 28.531019210815426,-15.802430152893066 28.531099319458004,-15.802510261535641 28.531169891357422,-15.802539825439453 28.53120994567871,-15.802559852600096 28.53128051757812,-15.802619934082031 28.531349182128906,-15.802650451660156 28.53146934509277,-15.8027400970459 28.531570434570316,-15.802820205688475 28.531679153442383,-15.802909851074219 28.531679153442383,-15.802960395812988 28.531679153442383,-15.802980422973636 28.53175926208496,-15.803090095520012 28.531799316406246,-15.80321979522705 28.531829833984375,-15.80333042144775 28.53186988830566,-15.803370475769043 28.531900405883786,-15.803400039672852 28.531980514526367,-15.803420066833498 28.532089233398434,-15.803480148315433 28.532159805297848,-15.803500175476069 28.53219985961914,-15.803509712219235 28.53219985961914,-15.803509712219235 28.53219985961914,-15.803509712219235 28.53227043151855,-15.803509712219235 28.532310485839844,-15.803569793701168 28.532339096069336,-15.803620338439943 28.53241920471191,-15.803700447082518 28.532489776611328,-15.803720474243162 28.532529830932617,-15.803720474243162 28.532560348510742,-15.803720474243162 28.53264045715332,-15.803720474243162 28.53266906738281,-15.80373001098633 28.532789230346676,-15.80375003814697 28.532936096191406,-15.803842680795173 28.532936096191406,-15.803842680795173 28.533079147338864,-15.803950309753418 28.533119201660156,-15.803950309753418 28.533189773559574,-15.803990364074709 28.533260345458984,-15.804010391235353 28.53336906433105,-15.80405044555664 28.533479690551758,-15.804059982299805 28.533479690551758,-15.80408000946045 28.533519744873043,-15.804059982299805 28.533519744873043,-15.804059982299805 28.533519744873043,-15.804059982299805 28.533550262451172,-15.804059982299805 28.53359031677246,-15.804059982299805 28.53363037109375,-15.804059982299805 28.53359031677246,-15.80405044555664 28.53363037109375,-15.804059982299805 28.533660888671875,-15.80408000946045 28.533700942993164,-15.804100036621094 28.53377914428711,-15.80412006378174 28.53377914428711,-15.804160118103024 28.53377914428711,-15.804209709167477 28.53380966186523,-15.804209709167477 28.53384971618652,-15.804229736328127 28.533920288085934,-15.804269790649407 28.533960342407227,-15.804280281066895 28.533960342407227,-15.804280281066895 28.53403091430664,-15.804360389709473 28.534069061279293,-15.804380416870115</coordinates>
            </LineString>
          </Placemark>
          <Placemark>
            <name>1 National Milling to Sunsweet</name>
            <styleUrl>#entry_445</styleUrl>
            <LineString>
              <coordinates>28.534132885331847,-15.804448336114573 28.534132885331847,-15.804448336114573 28.534166942943237,-15.804386485708026 28.534166942943237,-15.804386485708026 28.53421020507812,-15.80412006378174 28.534250259399414,-15.80405044555664 28.534250259399414,-15.804030418395993 28.5342903137207,-15.804010391235353 28.5342903137207,-15.803990364074709 28.5342903137207,-15.803990364074709 28.5342903137207,-15.803950309753418 28.53435643513997,-15.803840849135112 28.53435643513997,-15.803840849135112 28.534509658813473,-15.803589820861816 28.534548846158117,-15.803497401151416 28.534548846158117,-15.803497401151416 28.53476905822754,-15.803370475769043 28.53487968444824,-15.803259849548338 28.53498077392578,-15.803170204162598 28.53502082824707,-15.803090095520012 28.53502082824707,-15.803070068359375 28.53502082824707,-15.803070068359375 28.53510093688965,-15.802980422973636 28.53515797276649,-15.80290631325096 28.53515797276649,-15.80290631325096 28.535169601440426,-15.80284023284912 28.535169601440426,-15.802800178527828 28.535169601440426,-15.8027400970459 28.535209655761715,-15.802689552307127 28.535240173339844,-15.802650451660156 28.535240173339844,-15.80263042449951 28.53528022766113,-15.802579879760737 28.53528022766113,-15.802539825439453 28.53528022766113,-15.802510261535641 28.53528022766113,-15.802470207214348 28.535310745239258,-15.802450180053713 28.535310745239258,-15.802450180053713 28.535310745239258,-15.802450180053713 28.535310745239258,-15.802410125732425 28.535310745239258,-15.802359580993652 28.535310745239258,-15.802339553833004 28.53528022766113,-15.802269935607912 28.53528022766113,-15.802209854125977 28.53528022766113,-15.802160263061522 28.53528022766113,-15.802120208740234 28.53528022766113,-15.802069664001465 28.535310745239258,-15.802069664001465 28.535310745239258,-15.802029609680176 28.53528022766113,-15.802009582519533 28.53528022766113,-15.801989555358888 28.53528022766113,-15.801969528198237 28.53528491655986,-15.80190281073578 28.53528491655986,-15.80190281073578 28.535235478327817,-15.801726708047472 28.535235478327817,-15.801726708047472 28.535206317901604,-15.801631530126091 28.535206317901604,-15.801631530126091 28.5351254599435,-15.801487377713583 28.5351254599435,-15.801487377713583 28.53510093688965,-15.80130958557129 28.53510093688965,-15.801239967346191 28.53510093688965,-15.801219940185547 28.53510093688965,-15.801190376281738 28.53510093688965,-15.80111026763916 28.53506088256836,-15.801039695739743 28.53506088256836,-15.801019668579103 28.53506088256836,-15.800970077514647 28.53506088256836,-15.800889968872072 28.53510093688965,-15.80086994171142 28.535129547119137,-15.800800323486325 28.535129547119137,-15.800800323486325 28.535129547119137,-15.800820350646973 28.535129547119137,-15.800840377807617 28.535129547119137,-15.800820350646973 28.535169601440426,-15.800749778747559 28.535169601440426,-15.800689697265625 28.535244396754663,-15.800627163478845 28.535244396754663,-15.800627163478845 28.535310745239258,-15.800559997558588 28.535310745239258,-15.800539970397946 28.535390853881836,-15.800510406494144 28.535439082554404,-15.800424167088384 28.535439082554404,-15.800424167088384 28.535539627075195,-15.800359725952148 28.535539627075195,-15.800359725952148 28.535570144653317,-15.800319671630858 28.535570144653317,-15.800319671630858 28.535570144653317,-15.800319671630858 28.535539627075195,-15.800270080566406 28.535539627075195,-15.800209999084474 28.535539627075195,-15.800200462341305 28.535570144653317,-15.800180435180666 28.53556714739118,-15.80011735643779 28.53556714739118,-15.80011735643779 28.5356129094174,-15.799998684933696 28.5356129094174,-15.799998684933696 28.535610198974613,-15.799920082092282 28.53564071655273,-15.799869537353516 28.535680770874023,-15.799830436706536 28.5357608795166,-15.799810409545898 28.53578948974609,-15.799790382385256 28.53586959838867,-15.799770355224611 28.535900115966797,-15.799770355224611 28.535940170288082,-15.799759864807125 28.535940170288082,-15.799739837646483 28.535940170288082,-15.799759864807125 28.535940170288082,-15.799739837646483 28.53597068786621,-15.79967975616455 28.53597068786621,-15.799650192260742 28.53605079650879,-15.799550056457516 28.536090850830075,-15.799519538879395 28.53611946105957,-15.799480438232424 28.53611946105957,-15.799460411071776 28.53619956970215,-15.799369812011719 28.53623008728027,-15.799260139465325 28.536300659179688,-15.799150466918942 28.536340713500973,-15.799079895019528 28.536340713500973,-15.799079895019528 28.536380767822266,-15.798990249633787 28.536380767822266,-15.798990249633787 28.536380767822266,-15.798970222473145 28.536380767822266,-15.7989501953125 28.536380767822266,-15.798890113830566 28.53644943237305,-15.798839569091797 28.53644943237305,-15.798839569091797 28.536489486694332,-15.7987699508667 28.536489486694332,-15.7987699508667 28.536489486694332,-15.798749923706051 28.536489486694332,-15.798729896545412 28.536529541015625,-15.798660278320305 28.536560058593746,-15.798549652099611 28.536560058593746,-15.798469543457033 28.536600112915043,-15.79843997955322 28.53663063049316,-15.798339843750002 28.536670684814453,-15.79831027984619 28.536670684814453,-15.798199653625488 28.536670684814453,-15.798159599304197 28.536670684814453,-15.798110008239746 28.536670684814453,-15.798009872436523 28.53671073913574,-15.797900199890137 28.53671073913574,-15.797789573669435 28.53671073913574,-15.797739982604982 28.53671073913574,-15.797670364379886 28.536745071411133,-15.79758167266954 28.536745071411133,-15.79758167266954 28.53677940368652,-15.797499656677244 28.536819458007812,-15.797479629516603 28.536819458007812,-15.797369956970213 28.536819458007812,-15.797300338745117 28.536840983799525,-15.797132628305224 28.536840983799525,-15.797132628305224 28.536819458007812,-15.796990394592289 28.536819458007812,-15.796990394592289 28.536819458007812,-15.79697036743164 28.536819458007812,-15.796910285949702 28.536819458007812,-15.796899795532225 28.536819458007812,-15.79687976837158 28.536819458007812,-15.796859741210938 28.536819458007812,-15.796859741210938 28.536859512329098,-15.7967700958252 28.536859512329098,-15.796750068664554 28.536859512329098,-15.796730041503906 28.536859512329098,-15.796710014343255 28.536859512329098,-15.796710014343255 28.536819458007812,-15.796640396118162 28.536819458007812,-15.796640396118162 28.536819458007812,-15.79662036895752 28.536819458007812,-15.79662036895752 28.536819458007812,-15.796600341796875 28.536819458007812,-15.79658031463623 28.53677940368652,-15.796489715576177 28.536802768707272,-15.796393394471092 28.536802768707272,-15.796393394471092 28.536859512329098,-15.796330451965334 28.536859512329098,-15.796330451965334 28.536859512329098,-15.796330451965334 28.536859512329098,-15.796270370483397 28.536859512329098,-15.796239852905273 28.536819458007812,-15.796219825744629 28.536819458007812,-15.796219825744629 28.536859512329098,-15.796219825744629 28.536859512329098,-15.796199798583986 28.536819458007812,-15.796139717102044 28.53677940368652,-15.796070098876955 28.536789417266846,-15.795955300332267 28.536789417266846,-15.795955300332267 28.53677940368652,-15.79584980010986 28.53677940368652,-15.795740127563477 28.53677940368652,-15.795669555664055 28.53677940368652,-15.795630455017088 28.53677940368652,-15.7955904006958 28.53677940368652,-15.795559883117676 28.53677940368652,-15.795539855957024 28.53677940368652,-15.795539855957024 28.53677940368652,-15.795539855957024 28.536750793457035,-15.795519828796383 28.536750793457035,-15.795430183410645 28.53677940368652,-15.795370101928713 28.53677940368652,-15.79535961151123 28.53677940368652,-15.79535961151123 28.53677940368652,-15.79535961151123 28.53677940368652,-15.79535961151123 28.536859512329098,-15.795339584350584 28.536859512329098,-15.795319557189943 28.536930084228512,-15.795299530029295 28.53696060180664,-15.795280456542965 28.53696060180664,-15.795280456542965 28.537000656127926,-15.795280456542965 28.537000656127926,-15.79526042938233 28.53704071044922,-15.79526042938233 28.537109375,-15.795229911804192 28.537109375,-15.795229911804192 28.5372200012207,-15.79520988464355 28.537260055541992,-15.795169830322262 28.537330627441403,-15.795169830322262 28.53741073608398,-15.79510021209717 28.537479400634766,-15.795080184936522 28.537479400634766,-15.795060157775879 28.537519454956055,-15.79504013061523 28.537519454956055,-15.79504013061523 28.537549972534176,-15.795009613037108 28.537549972534176,-15.794989585876468 28.537590026855472,-15.794989585876468 28.53762054443359,-15.794949531555174 28.537660598754883,-15.794930458068848 28.537713368733723,-15.79482661353277 28.537713368733723,-15.79482661353277 28.53770065307617,-15.79477024078369 28.537660598754883,-15.794710159301756 28.537660598754883,-15.794699668884277 28.537660598754883,-15.794699668884277 28.53762054443359,-15.794679641723633 28.537549972534176,-15.794599533081055 28.537549972534176,-15.79458999633789 28.53744298761542,-15.794499917464579 28.53744298761542,-15.794499917464579 28.537439346313477,-15.794329643249513 28.537439346313477,-15.794219970703127 28.537439346313477,-15.794219970703127 28.537439346313477,-15.794179916381836 28.537439346313477,-15.794159889221191 28.537439346313477,-15.794150352478024 28.53741073608398,-15.794050216674805 28.53741073608398,-15.794030189514158 28.537439346313477,-15.793939590454103 28.537439346313477,-15.793849945068358 28.537439346313477,-15.793820381164549 28.537439346313477,-15.79378032684326 28.537439346313477,-15.793689727783203 28.537439346313477,-15.793669700622557 28.537439346313477,-15.793649673461916 28.53741073608398,-15.793609619140625 28.53737068176269,-15.793560028076172 28.53737068176269,-15.793540000915533 28.53737068176269,-15.793499946594238 28.53737068176269,-15.79347038269043 28.53737068176269,-15.793450355529785 28.53737068176269,-15.793430328369137 28.537330627441403,-15.793410301208498 28.537330627441403,-15.793359756469728 28.53737068176269,-15.793319702148434 28.53741073608398,-15.793270111083988 28.537439346313477,-15.79321002960205 28.537479400634766,-15.793169975280758 28.537479400634766,-15.793169975280758 28.537479400634766,-15.793169975280758 28.537549972534176,-15.793160438537594 28.537590026855472,-15.79312038421631 28.53762054443359,-15.793060302734371 28.537660598754883,-15.793029785156248 28.53770065307617,-15.792989730834961 28.53770065307617,-15.792969703674315 28.53770065307617,-15.79294013977051 28.53770065307617,-15.79294013977051 28.53770065307617,-15.792920112609867 28.53776510138261,-15.792865853561617 28.53776510138261,-15.792865853561617 28.53791999816894,-15.792810440063478 28.53795051574707,-15.792790412902832 28.537990570068356,-15.792770385742188 28.537990570068356,-15.792750358581543 28.53803062438965,-15.792750358581543 28.538059234619137,-15.792750358581543 28.53809928894043,-15.7927303314209 28.53809928894043,-15.792750358581543 28.53809928894043,-15.792750358581543 28.538139343261715,-15.7927303314209 28.538179397583008,-15.792719841003418 28.538249969482422,-15.792679786682127 28.538280487060543,-15.792679786682127</coordinates>
            </LineString>
          </Placemark>
          <Placemark>
            <name>1 Sunsweet to Country Choice Chicken</name>
            <styleUrl>#entry_445</styleUrl>
            <LineString>
              <coordinates>28.538373756408692,-15.792609024048408 28.538373756408692,-15.792609024048408 28.53842617915227,-15.792536222018883 28.53842617915227,-15.792536222018883 28.538490840366908,-15.792420387268637 28.538490840366908,-15.792420387268637 28.53865051269531,-15.79248046875 28.53879928588867,-15.79248046875 28.53890991210937,-15.79248046875 28.53902053833008,-15.79248046875 28.53902053833008,-15.79248046875 28.53902053833008,-15.79248046875 28.539169311523434,-15.792530059814457 28.539169311523434,-15.792510032653809 28.539279937744137,-15.792510032653809 28.539279937744137,-15.792510032653809 28.539379119873047,-15.792530059814457 28.539379119873047,-15.792530059814457 28.539459228515625,-15.7925500869751 28.53952980041504,-15.792590141296387 28.53964042663574,-15.792590141296387 28.539749145507812,-15.792610168457031 28.53983225141253,-15.792595863342486 28.53983225141253,-15.792595863342486 28.53991449796237,-15.792601585388585 28.53991449796237,-15.792601585388585 28.540119171142578,-15.792610168457031 28.540189743041992,-15.7925500869751 28.540159225463864,-15.7925500869751 28.540189743041992,-15.7925500869751 28.540189743041992,-15.792530059814457 28.54034042358398,-15.79248046875 28.54051971435547,-15.792420387268068 28.540559768676754,-15.792400360107425 28.54051971435547,-15.792400360107425 28.540559768676754,-15.792389869689941 28.540559768676754,-15.792349815368654 28.54063034057617,-15.792349815368654 28.54073905944824,-15.792329788208008 28.540889739990234,-15.792260169982908 28.54096031188965,-15.79222011566162 28.541000366210938,-15.79222011566162 28.541070938110348,-15.792180061340332 28.541179656982422,-15.792149543762203 28.541259765625,-15.79213047027588 28.541290283203125,-15.79213047027588 28.541290283203125,-15.792149543762203 28.541290283203125,-15.792149543762203 28.541330337524414,-15.792110443115236 28.541400909423825,-15.79209041595459 28.541479110717777,-15.792070388793945 28.541509628295895,-15.79203987121582 28.541549682617188,-15.791950225830083 28.541589736938473,-15.791950225830083 28.541620254516598,-15.791930198669435 28.541690826416012,-15.791930198669435 28.541730880737305,-15.791930198669435 28.541831546359596,-15.791914621989108 28.541831546359596,-15.791914621989108 28.541950225830078,-15.791930198669435 28.541990280151367,-15.791930198669435 28.54202079772949,-15.791930198669435 28.54202079772949,-15.791930198669435 28.542060852050778,-15.791890144348141 28.542060852050778,-15.791870117187498 28.542060852050778,-15.791850090026854 28.542060852050778,-15.791830062866211 28.54216957092285,-15.791780471801754 28.542209625244137,-15.791780471801754 28.54224967956543,-15.791760444641113 28.54224967956543,-15.79174041748047 28.542280197143555,-15.79174041748047 28.542320251464844,-15.79174041748047 28.542430877685547,-15.791760444641113 28.542499542236325,-15.791799545288088 28.542650222778317,-15.791780471801754 28.542650222778317,-15.791780471801754 28.542650222778317,-15.791780471801754 28.54269027709961,-15.791780471801754 28.54269027709961,-15.791780471801754 28.542720794677734,-15.791760444641113 28.542829513549805,-15.791799545288088 28.542980194091793,-15.791780471801754 28.5430908203125,-15.791780471801754 28.54317951202393,-15.791813564300748 28.54317951202393,-15.791813564300748 28.543270111083984,-15.791830062866211 28.543310165405273,-15.791850090026854 28.543420791625977,-15.791870117187498 28.543460845947266,-15.791870117187498 28.543489456176754,-15.791870117187498 28.543529510498047,-15.791890144348141 28.54368019104004,-15.791950225830083 28.543819427490234,-15.791950225830083 28.544010162353512,-15.791959762573244 28.544149398803707,-15.791979789733892 28.544149398803707,-15.791979789733892 28.544189453125,-15.791979789733892 28.544229507446286,-15.791959762573244 28.544229507446286,-15.791959762573244 28.544340133666992,-15.791950225830083 28.544370651245117,-15.791930198669435 28.544450759887695,-15.791910171508789 28.544479370117184,-15.791890144348141 28.544559478759762,-15.791910171508789 28.544630050659176,-15.791930198669435 28.54467010498047,-15.791910171508789 28.544700622558594,-15.791870117187498 28.544740676879883,-15.791870117187498 28.544889450073246,-15.79181957244873 28.545099258422855,-15.79181957244873 28.54528999328613,-15.791799545288088 28.545429229736325,-15.791799545288088 28.545579910278317,-15.79181957244873 28.545660018920895,-15.791830062866211 28.5457592010498,-15.791870117187498 28.545909881591793,-15.791930198669435 28.5460205078125,-15.791930198669435 28.54616928100586,-15.791930198669435 28.54627990722656,-15.791910171508789 28.546350479125973,-15.791850090026854 28.54631996154785,-15.791850090026854 28.546350479125973,-15.791830062866211 28.546419143676754,-15.791830062866211 28.546499252319332,-15.79181957244873 28.546539306640625,-15.79181957244873 28.546680450439453,-15.791830062866211 28.5468692779541,-15.79181957244873 28.54701042175293,-15.79181957244873 28.547199249267578,-15.791850090026854 28.547380447387695,-15.791910171508789 28.547529220581055,-15.791979789733892 28.54759979248047,-15.792019844055172 28.547639846801754,-15.792019844055172 28.54777908325195,-15.79209041595459 28.54792976379394,-15.792110443115236 28.548080444335934,-15.79213047027588 28.548189163208008,-15.792200088500977 28.54837036132812,-15.79222011566162 28.54851913452148,-15.792240142822264 28.548660278320316,-15.792240142822264 28.548809051513672,-15.792260169982908 28.54884910583496,-15.792260169982908 28.548879623413086,-15.792260169982908 28.54905533790588,-15.792286038398974 28.54905533790588,-15.792286038398974 28.549056212107345,-15.792305191358627 28.549056212107345,-15.792305191358627</coordinates>
            </LineString>
          </Placemark>
          <Placemark>
            <name>1 Country Choice Chicken to East Park Mall</name>
            <styleUrl>#entry_445</styleUrl>
            <LineString>
              <coordinates>28.549179077148438,-15.792369842529299 28.54924964904785,-15.792369842529299 28.54924964904785,-15.792349815368654 28.54928970336914,-15.792369842529299 28.549320220947262,-15.792369842529299 28.54936027526855,-15.792400360107425 28.54940032958984,-15.792400360107425 28.54940032958984,-15.792400360107425 28.54940032958984,-15.792400360107425 28.54943084716797,-15.792420387268068 28.549470901489254,-15.792440414428707 28.54950904846191,-15.792440414428707 28.54950904846191,-15.792440414428707 28.54950904846191,-15.792440414428707 28.54953956604004,-15.792400360107425 28.549579620361328,-15.792400360107425 28.549619674682617,-15.792389869689941 28.549650192260746,-15.792369842529299 28.549650192260746,-15.792369842529299 28.549650192260746,-15.792369842529299 28.549690246582028,-15.792389869689941 28.549800872802738,-15.792400360107425 28.54984092712402,-15.792400360107425 28.54984092712402,-15.792400360107425 28.549869537353516,-15.792400360107425 28.549869537353516,-15.792400360107425 28.549869537353516,-15.792400360107425 28.549949645996094,-15.792400360107425 28.550060272216793,-15.792400360107425 28.5501708984375,-15.792420387268068 28.550310134887695,-15.792440414428707 28.550491968790688,-15.792478243510022 28.550491968790688,-15.792478243510022 28.550500869750973,-15.79248046875 28.55052947998047,-15.79248046875 28.55052947998047,-15.792499542236326 28.550569534301758,-15.792499542236326 28.550640106201175,-15.792619705200195 28.550676252783806,-15.792697627370426 28.550676252783806,-15.792697627370426 28.550790786743168,-15.79283046722412 28.550790786743168,-15.792900085449215 28.550790786743168,-15.79294013977051 28.550790786743168,-15.792969703674315 28.55083084106445,-15.793049812316896 28.55083084106445,-15.793080329895016 28.55085945129394,-15.793100357055666 28.550899505615234,-15.793169975280758 28.55093955993652,-15.793250083923338 28.55093955993652,-15.793299674987793 28.55093955993652,-15.793299674987793 28.55093955993652,-15.793319702148434 28.55093955993652,-15.793339729309084 28.55093955993652,-15.793339729309084 28.550970077514645,-15.793379783630368 28.550970077514645,-15.793390274047852 28.550970077514645,-15.793430328369137 28.551010131835938,-15.793430328369137 28.551010131835938,-15.793519973754885 28.551010131835938,-15.793560028076172 28.551050186157223,-15.793609619140625 28.551050186157223,-15.793669700622557 28.551050186157223,-15.793720245361323 28.55108070373535,-15.79376029968262 28.551120758056637,-15.79378032684326 28.551120758056637,-15.79378032684326 28.55116081237793,-15.79378032684326 28.55118942260742,-15.793800354003908 28.55122947692871,-15.793820381164549 28.55126953125,-15.793849945068358 28.55126953125,-15.793849945068358 28.55122947692871,-15.793849945068358 28.55126953125,-15.793869972229004 28.551337242126458,-15.794017587389561 28.551337242126458,-15.794017587389561 28.551450729370117,-15.794179916381836 28.551490783691403,-15.794289588928223 28.551559448242188,-15.794400215148928 28.55167007446289,-15.794480323791506 28.55178070068359,-15.794599533081055 28.551849365234375,-15.79481029510498 28.55192947387695,-15.794949531555174 28.55192947387695,-15.794949531555174 28.55192947387695,-15.795060157775879 28.551959991455078,-15.79510021209717 28.552040100097656,-15.79510021209717 28.552040100097656,-15.795080184936522 28.552070617675785,-15.795080184936522 28.552070617675785,-15.795060157775879 28.55217933654785,-15.795120239257816 28.552219390869137,-15.79535961151123 28.552289962768555,-15.795539855957024 28.552440643310547,-15.795669555664055 28.552549362182617,-15.795760154724123 28.552589416503903,-15.795780181884767 28.552730560302734,-15.795909881591793 28.55291938781738,-15.796070098876955 28.553030014038086,-15.796179771423343 28.552989959716797,-15.796330451965334 28.553060531616214,-15.79640007019043 28.553209304809567,-15.796460151672365 28.55335998535156,-15.79658031463623 28.553499221801754,-15.796710014343255 28.553720474243164,-15.796950340270994 28.553979873657227,-15.797129631042484 28.554239273071286,-15.797129631042484 28.554489135742184,-15.797080039978026 28.554819107055664,-15.797149658203125 28.555149078369137,-15.797240257263182 28.55533981323242,-15.797410011291504 28.555410385131836,-15.797479629516603 28.555450439453125,-15.797499656677244 28.555479049682614,-15.79751968383789 28.55555915832519,-15.79761028289795 28.55555915832519,-15.797630310058599 28.55555915832519,-15.797650337219237 28.55558967590332,-15.797679901123045 28.5556697845459,-15.797719955444336 28.5556697845459,-15.797719955444336 28.555780410766598,-15.797739982604982 28.555810928344723,-15.797760009765623 28.555889129638672,-15.79778003692627 28.55599975585937,-15.797739982604982 28.556110382080078,-15.797699928283691 28.556219100952145,-15.797719955444336 28.556329727172848,-15.797809600830078 28.556549072265625,-15.79796028137207 28.556730270385742,-15.798089981079098 28.556870778401684,-15.798172950745071 28.556870778401684,-15.798172950745071 28.55694961547852,-15.798230171203615 28.5569896697998,-15.798250198364256 28.557060241699215,-15.798250198364256 28.557210922241207,-15.798230171203615 28.55727958679199,-15.798219680786133 28.55727958679199,-15.798219680786133 28.55727958679199,-15.798230171203615 28.55731964111328,-15.798219680786133 28.55731964111328,-15.798219680786133 28.55742454528809,-15.798219680786133 28.55742454528809,-15.798219680786133 28.557569503784176,-15.798330307006834 28.557609558105465,-15.798330307006834 28.557790756225586,-15.798250198364256 28.55797958374023,-15.79829025268555 28.55809020996094,-15.79839992523193 28.55812072753906,-15.79843997955322 28.55830955505371,-15.798669815063475 28.55842018127441,-15.798930168151854 28.558530807495117,-15.799150466918942 28.55867004394531,-15.799329757690431 28.55867004394531,-15.79938983917236 28.55867004394531,-15.79938983917236 28.558710098266598,-15.799440383911136 28.558710098266598,-15.799440383911136 28.558710098266598,-15.799460411071776 28.558710098266598,-15.799500465393063 28.558710098266598,-15.799650192260742 28.55886077880859,-15.799830436706536 28.558889389038086,-15.799989700317383 28.558929443359375,-15.800049781799316 28.558929443359375,-15.800049781799316 28.558929443359375,-15.800049781799316 28.558929443359375,-15.80002975463867 28.558929443359375,-15.80002975463867 28.558969497680664,-15.800069808959961 28.55911064147949,-15.800160408020021 28.559259414672848,-15.800209999084474 28.559370040893555,-15.800230026245117 28.55944061279297,-15.800359725952148 28.559520721435547,-15.800490379333494 28.55963058471679,-15.800616073608753 28.55963058471679,-15.800616073608753 28.559743063790453,-15.800620079041376 28.559743063790453,-15.800620079041376 28.559810638427734,-15.80047035217285 28.55985069274902,-15.800419807434084 28.559879302978516,-15.800419807434084 28.559879302978516,-15.800419807434084 28.560070037841793,-15.800379753112793 28.560180664062496,-15.80039978027344 28.560209274291992,-15.80039978027344 28.56040000915527,-15.800319671630858 28.56051063537598,-15.800250053405762 28.560539245605465,-15.800250053405762 28.560649871826172,-15.800230026245117 28.560689926147457,-15.800230026245117 28.560689926147457,-15.800250053405762 28.560649871826172,-15.800250053405762 28.560689926147457,-15.800290107727045 28.560689926147457,-15.800319671630858 28.56072998046875,-15.800359725952148 28.560869216918945,-15.800510406494144 28.561059951782223,-15.800669670104977 28.561199188232422,-15.800800323486325 28.561460494995114,-15.800909996032711 28.561790466308594,-15.801019668579103 28.562049865722653,-15.80111026763916 28.562049865722653,-15.80111026763916 28.562049865722653,-15.801150321960451 28.562049865722653,-15.801150321960451 28.56208038330078,-15.801199913024904 28.56208038330078,-15.801259994506834 28.562120437622067,-15.801280021667479 28.56216049194336,-15.801300048828123 28.56216049194336,-15.801300048828123 28.56216049194336,-15.80130958557129 28.562410354614254,-15.801349639892582 28.562709808349606,-15.801389694213869 28.562999725341793,-15.801420211791992 28.563329696655273,-15.80158996582031 28.563699722290036,-15.801679611206055 28.564029693603516,-15.801679611206055 28.564140319824215,-15.801830291748047 28.564319610595703,-15.801899909973143 28.564390182495114,-15.801969528198237 28.56435966491699,-15.802009582519533 28.56425094604492,-15.80204963684082 28.56425094604492,-15.802069664001465 28.564210891723633,-15.802069664001465 28.56425094604492,-15.802069664001465 28.564210891723633,-15.802120208740234 28.564210891723633,-15.802180290222168 28.56425094604492,-15.802160263061522 28.56425094604492,-15.802209854125977 28.564319610595703,-15.802229881286621 28.564319610595703,-15.802229881286621 28.564390182495114,-15.802229881286621 28.564540863037106,-15.802229881286621 28.564720153808594,-15.802209854125977 28.56485366821288,-15.802198410034421 28.56485366821288,-15.802198410034421 28.565200805664062,-15.80204963684082 28.565309524536133,-15.802029609680176 28.565380096435547,-15.802009582519533 28.565420150756832,-15.801989555358888 28.56549072265625,-15.801989555358888 28.565596621969465,-15.801953840947174 28.565596621969465,-15.801953840947174 28.565621411358904,-15.80193852789814 28.565621411358904,-15.80193852789814 28.565750122070312,-15.801859855651855 28.565860748291016,-15.801879882812502 28.565929412841793,-15.801899909973143 28.5660400390625,-15.801959991455073 28.56625938415527,-15.801989555358888 28.566450119018555,-15.802029609680176 28.56669998168945,-15.802069664001465 28.566959381103512,-15.802120208740234 28.567180633544922,-15.802160263061522 28.56722068786621,-15.802160263061522 28.5672492980957,-15.802180290222168 28.567440032958984,-15.80224990844727 28.567579269409183,-15.802379608154299 28.567770004272457,-15.802519798278801 28.567949295043945,-15.802650451660156 28.568210601806637,-15.802760124206541 28.568239212036133,-15.802800178527828 28.568239212036133,-15.802780151367188 28.56827926635742,-15.802800178527828 28.56842994689941,-15.802889823913572 28.56864929199219,-15.80303955078125 28.568790435791016,-15.803199768066403 28.568899154663082,-15.80333042144775 28.56900285993304,-15.80342864990264</coordinates>
            </LineString>
          </Placemark>
          <Placemark>
            <name>1 East Park Mall to NewGrowCo</name>
            <styleUrl>#entry_445</styleUrl>
            <LineString>
              <coordinates>28.56900285993304,-15.80342864990264 28.56916046142578,-15.803310394287108 28.56916046142578,-15.803290367126463 28.569200515747067,-15.803279876708984 28.569200515747067,-15.803239822387697 28.569270207331712,-15.803231092599988 28.569270207331712,-15.803231092599988 28.56941986083984,-15.803310394287108 28.56945037841797,-15.80333042144775 28.569599151611328,-15.80333042144775 28.569780349731445,-15.803370475769043 28.569889068603512,-15.803389549255368 28.569999694824222,-15.803420066833498 28.570039749145504,-15.803420066833498 28.570150375366214,-15.803480148315433 28.570190429687496,-15.803500175476069 28.57029914855957,-15.803480148315433 28.570369720458984,-15.803400039672852 28.570442199707017,-15.803340821039983 28.570442199707017,-15.803340821039983 28.570520401000977,-15.80321979522705 28.5705509185791,-15.803179740905755 28.570589065551758,-15.803179740905755 28.570589065551758,-15.803179740905755 28.570629119873047,-15.803179740905755 28.570629119873047,-15.803179740905755 28.570659637451172,-15.803199768066403 28.570659637451172,-15.80321979522705 28.570751462663925,-15.803236961364867 28.570751462663925,-15.803236961364867 28.57077026367187,-15.803130149841307 28.57073974609375,-15.803110122680664 28.57073974609375,-15.803059577941895 28.57077026367187,-15.803019523620602 28.57077026367187,-15.803019523620602 28.57077026367187,-15.80300045013428 28.570791721344,-15.802952119284566 28.570791721344,-15.802952119284566 28.570792111483478,-15.802801999179419 28.570792111483478,-15.802801999179419 28.57081031799316,-15.802760124206541 28.57081031799316,-15.802729606628414 28.57081031799316,-15.802709579467772 28.57081031799316,-15.802689552307127 28.57081031799316,-15.802539825439453 28.57081031799316,-15.802430152893066 28.57081031799316,-15.802430152893066 28.57081031799316,-15.802410125732425 28.570765177408855,-15.802297751109093 28.570765177408855,-15.802297751109093 28.570920944213867,-15.802009582519533 28.570920944213867,-15.801859855651855 28.570920944213867,-15.801850318908693 28.570920944213867,-15.801830291748047 28.570959091186523,-15.801679611206055 28.571029663085934,-15.801500320434567 28.571180343627926,-15.801349639892582 28.571359634399414,-15.801199913024904 28.571510314941406,-15.801090240478509 28.57172966003418,-15.801019668579103 28.57198905944824,-15.800979614257809 28.572200775146484,-15.800889968872072 28.572389602661133,-15.800820350646973 28.57250244030051,-15.800801332447952 28.57250244030051,-15.800801332447952 28.572575807571408,-15.800743579864811 28.572575807571408,-15.800743579864811 28.572679519653317,-15.800669670104977 28.572679519653317,-15.800649642944338 28.57271957397461,-15.800620079040527 28.57275009155273,-15.800620079040527 28.57283020019531,-15.80058002471924 28.572860717773438,-15.800539970397946 28.5729808807373,-15.800559997558588 28.573009490966797,-15.800640106201175 28.573009490966797,-15.800709724426271 28.57308744347613,-15.800866168478592 28.57308744347613,-15.800866168478592 28.57319068908691,-15.800820350646973 28.57327079772949,-15.800729751586912 28.573379516601562,-15.800640106201175 28.57341003417969,-15.800490379333494 28.573520660400387,-15.800379753112793 28.57366943359375,-15.800270080566406 28.57382011413574,-15.800140380859375 28.573930740356445,-15.799989700317383 28.573999404907223,-15.799880027770996 28.57406997680664,-15.799659729003906 28.57418060302734,-15.799500465393063 28.57426071166992,-15.799300193786623 28.574329376220703,-15.799169540405272 28.574399948120117,-15.798800468444826 28.574440002441406,-15.79850959777832 28.574440002441406,-15.798230171203615 28.574329376220703,-15.79796028137207 28.574329376220703,-15.797699928283691 28.57426071166992,-15.797499656677244 28.57418060302734,-15.797340393066408 28.57415008544922,-15.797129631042484 28.574110031127926,-15.796990394592289 28.57415008544922,-15.796790122985836 28.57415008544922,-15.79668045043945 28.57418060302734,-15.796529769897461 28.57415008544922,-15.796380043029787 28.574220657348633,-15.796219825744629 28.57430076599121,-15.796050071716309 28.574399948120117,-15.795909881591793 28.574550628662113,-15.795760154724123 28.5745906829834,-15.795720100402832 28.5745906829834,-15.795720100402832 28.5745906829834,-15.795740127563477 28.5745906829834,-15.795740127563477 28.5745906829834,-15.795720100402832 28.574699401855465,-15.7955904006958 28.574840545654297,-15.795390129089357 28.574949264526367,-15.795189857482912 28.574989318847653,-15.794859886169437 28.574989318847653,-15.79458999633789 28.574949264526367,-15.794329643249513 28.574949264526367,-15.794050216674805 28.575029373168945,-15.793829917907713 28.575029373168945,-15.793820381164549 28.57505989074707,-15.793800354003908 28.57505989074707,-15.793800354003908 28.57517051696777,-15.793669700622557 28.575250625610348,-15.793519973754885 28.575319290161133,-15.793299674987793 28.575389862060547,-15.793049812316896 28.575429916381836,-15.792840003967283 28.57550048828125,-15.792750358581543 28.57554054260254,-15.792590141296387 28.575719833374023,-15.792460441589352 28.575939178466797,-15.792289733886715 28.57605934143066,-15.79209041595459 28.576200485229492,-15.791930198669435 28.576349258422848,-15.791709899902344 28.57649040222168,-15.79141044616699 28.576639175415036,-15.791210174560547 28.576656977335613,-15.791090435453167 28.576656977335613,-15.791090435453167 28.576599121093746,-15.791210174560547 28.57649040222168,-15.791210174560547 28.57649040222168,-15.791190147399904 28.57649040222168,-15.791190147399904 28.57626914978027,-15.791159629821781 28.576200485229492,-15.791099548339846 28.5761604309082,-15.791080474853512 28.5761604309082,-15.79104995727539 28.5761604309082,-15.791029930114743 28.5761604309082,-15.790880203247067 28.576240539550778,-15.790749549865723 28.576240539550778,-15.790740013122555 28.576309204101562,-15.790659904479979 28.576309204101562,-15.790659904479979 28.576309204101562,-15.790659904479979 28.576349258422848,-15.790659904479979 28.57649040222168,-15.790630340576172 28.576679229736325,-15.79057025909424 28.576860427856445,-15.790550231933592 28.576969146728512,-15.790439605712889 28.577053070068374,-15.790321826935733 28.577053070068374,-15.790321826935733 28.577119827270504,-15.790169715881351 28.577150344848633,-15.790019989013665 28.5772590637207,-15.789910316467285 28.57740974426269,-15.78983974456787 28.57748031616211,-15.789690017700197 28.577560424804684,-15.78952980041504 28.577669143676758,-15.789380073547367 28.577810287475586,-15.789270401000971 28.57792091369629,-15.78913974761963 28.578039169311523,-15.788960456848143 28.578109741210934,-15.788740158081055 28.578140258789062,-15.78845977783203 28.578180313110348,-15.788209915161131 28.57822036743164,-15.788000106811523 28.578250885009766,-15.787779808044435 28.578290939331055,-15.78759956359863 28.578290939331055,-15.787400245666504 28.578250885009766,-15.787139892578127 28.578250885009766,-15.78693962097168 28.578329086303707,-15.786700248718262 28.578329086303707,-15.78643035888672 28.578369140625,-15.786230087280273 28.578439712524418,-15.786020278930664 28.57839965820312,-15.785779953002928 28.578329086303707,-15.785550117492676 28.57822036743164,-15.785360336303713 28.578069686889645,-15.785160064697266 28.577890396118164,-15.784939765930176 28.577779769897457,-15.784740447998045 28.577629089355465,-15.784500122070314 28.577560424804684,-15.7844295501709 28.57740974426269,-15.78417015075684 28.57719039916992,-15.783929824829107 28.57707977294922,-15.783690452575685 28.576820373535156,-15.783530235290524 28.576639175415036,-15.783349990844723 28.576349258422848,-15.783200263977053 28.57608985900879,-15.783089637756344 28.5757999420166,-15.78291988372803 28.57554054260254,-15.782739639282228 28.575389862060547,-15.78250026702881 28.575250625610348,-15.78232002258301 28.575099945068356,-15.782190322875977 28.574989318847653,-15.782099723815918 28.574880599975582,-15.781949996948244 28.574699401855465,-15.781769752502443 28.5745906829834,-15.781709671020508 28.574550628662113,-15.781709671020508 28.574369430541992,-15.781680107116696 28.57430076599121,-15.781570434570312 28.574220657348633,-15.781530380249025 28.574220657348633,-15.781510353088379 28.57415008544922,-15.781399726867672 28.57415008544922,-15.781200408935547 28.574110031127926,-15.781149864196777 28.57406997680664,-15.781109809875488 28.573999404907223,-15.780980110168453 28.573930740356445,-15.780719757080078 28.57382011413574,-15.780449867248535 28.573780059814453,-15.780099868774416 28.573640823364258,-15.779829978942871 28.573490142822266,-15.779609680175787 28.57348124186199,-15.77951123979368 28.57348124186199,-15.77951123979368 28.573450088500977,-15.779290199279787 28.573450088500977,-15.779259681701657 28.57341003417969,-15.779109954833986 28.573379516601562,-15.779040336608887 28.573379516601562,-15.779020309448242 28.573339462280273,-15.778960227966309 28.57327079772949,-15.778980255126958 28.57327079772949,-15.778980255126958 28.57308006286621,-15.778949737548828 28.572900772094723,-15.77890968322754 28.57275009155273,-15.778840065002438 28.572570800781254,-15.778800010681154 28.57234954833984,-15.778759956359863 28.572320938110348,-15.778730392456055 28.57228088378906,-15.77871036529541 28.572130203247067,-15.778630256652832 28.571910858154293,-15.778470039367672 28.57172966003418,-15.778249740600584 28.571510314941406,-15.778030395507812 28.571289062499996,-15.777850151062012 28.571100234985348,-15.777700424194338 28.571029663085934,-15.777589797973633 28.571029663085934,-15.777589797973633 28.571029663085934,-15.777569770812985 28.57085037231445,-15.777409553527832 28.570589065551758,-15.777239799499513 28.57032966613769,-15.77707958221435 28.570150375366214,-15.776929855346678 28.569969177246094,-15.776780128479 28.569704771041867,-15.776745915413148 28.569704771041867,-15.776745915413148 28.569599151611328,-15.776639938354494 28.569530487060543,-15.776490211486813 28.569490432739254,-15.776320457458494 28.56945037841797,-15.776269912719728 28.56945037841797,-15.776229858398438 28.56941986083984,-15.776089668273928 28.56930923461914,-15.77593994140625 28.569200515747067,-15.775790214538574 28.56912040710449,-15.775699615478517 28.56912040710449,-15.775679588317873 28.569049835205075,-15.775650024414064 28.569049835205075,-15.775629997253414 28.569049835205075,-15.775629997253414 28.569049835205075,-15.775629997253414 28.569049835205075,-15.775609970092773 28.56897926330566,-15.775500297546387 28.568939208984375,-15.7754602432251 28.568939208984375,-15.775440216064455 28.56897926330566,-15.775279998779302 28.56897926330566,-15.775099754333498 28.568899154663082,-15.774880409240719 28.568759918212887,-15.77468967437744 28.568719863891598,-15.774550437927248 28.56867980957031,-15.7745304107666 28.56867980957031,-15.774510383605957 28.56864929199219,-15.774399757385256 28.568609237670895,-15.77433013916015 28.568569183349606,-15.77433013916015 28.568540573120114,-15.774290084838869 28.568500518798828,-15.774180412292479 28.568500518798828,-15.774120330810543 28.568500518798828,-15.774109840393061 28.568500518798828,-15.774069786071777 28.568500518798828,-15.774000167846678 28.56846046447754,-15.773960113525389 28.56846046447754,-15.773940086364743 28.56846046447754,-15.773830413818356 28.56831932067871,-15.7737398147583 28.568210601806637,-15.773610115051266 28.5681055242365,-15.773520209573222 28.5681055242365,-15.773520209573222 28.56798934936523,-15.773429870605463 28.56798934936523,-15.773429870605463 28.567892789840688,-15.773489117623095 28.567892789840688,-15.773489117623095 28.56780624389648,-15.773460251945485 28.56780624389648,-15.773460251945485 28.567550659179684,-15.773229598999022 28.567470550537106,-15.773130416870117 28.567470550537106,-15.773130416870117 28.567470550537106,-15.773130416870117 28.567470550537106,-15.773059844970703 28.567470550537106,-15.77303981781006 28.567440032958984,-15.772990226745607 28.567440032958984,-15.772950172424316 28.567440032958984,-15.772930145263665 28.56739997863769,-15.772879600524902 28.56739997863769,-15.772879600524902 28.567180633544922,-15.772800445556639 28.5669994354248,-15.772680282592773 28.566780090332028,-15.772489547729489 28.566589355468754,-15.772350311279293 28.566560745239254,-15.772310256958006 28.56652069091797,-15.772310256958006 28.56648063659668,-15.772250175476076 28.566410064697262,-15.772089958190918 28.56625938415527,-15.771829605102543 28.566120147705075,-15.771650314331051 28.565860748291016,-15.771470069885254 28.565639495849606,-15.77132034301758 28.565652847290032,-15.771157476637416 28.565652847290032,-15.771157476637416 28.565460205078125,-15.770919799804688 28.565420150756832,-15.770790100097656 28.565420150756832,-15.770750045776369 28.565420150756832,-15.770730018615723 28.565420150756832,-15.770730018615723 28.565420150756832,-15.770730018615723 28.565420150756832,-15.770700454711914 28.565420150756832,-15.77068042755127 28.565377442733094,-15.770562420721248 28.565377442733094,-15.770562420721248 28.56536328965339,-15.77052016880264 28.56536328965339,-15.77052016880264 28.565420150756832,-15.770420074462887 28.565420150756832,-15.77036952972412 28.565420150756832,-15.770350456237791</coordinates>
            </LineString>
          </Placemark>
          <Placemark>
            <name>1 NewGrowCo to Leopards Hill Memorial Park</name>
            <styleUrl>#entry_445</styleUrl>
            <LineString>
              <coordinates>28.565420150756832,-15.770350456237791 28.565420150756832,-15.770310401916502 28.565420150756832,-15.770310401916502 28.565380096435547,-15.770259857177736 28.56534957885742,-15.770219802856445 28.565281794621395,-15.770160748409342 28.565281794621395,-15.770160748409342 28.56524213155111,-15.770121701559235 28.56524213155111,-15.770121701559235 28.565173075749318,-15.769998697136131 28.565173075749318,-15.769998697136131 28.56505935422834,-15.769856053015781 28.56505935422834,-15.769856053015781 28.564939498901367,-15.769689559936523 28.564910888671875,-15.769610404968262 28.564870834350586,-15.769579887390138 28.564800262451172,-15.7695198059082 28.564720153808594,-15.769450187683105 28.564649581909176,-15.769370079040531 28.56460952758789,-15.76931953430176 28.5645809173584,-15.769269943237303 28.564540863037106,-15.769209861755366 28.564540863037106,-15.76918983459473 28.564540863037106,-15.769169807434082 28.564540863037106,-15.76916027069092 28.56447029113769,-15.769080162048338 28.564390182495114,-15.769029617309563 28.564390182495114,-15.76900959014892 28.56435376947576,-15.768917647275634 28.56435376947576,-15.768917647275634 28.56435966491699,-15.76889991760254 28.564319610595703,-15.768879890441893 28.56427955627441,-15.76885986328125 28.56425094604492,-15.768810272216797 28.564210891723633,-15.768790245056154 28.564210891723633,-15.768790245056154 28.564140319824215,-15.76875019073486 28.56410026550293,-15.768710136413572 28.56410026550293,-15.768699645996092 28.56406021118164,-15.768659591674805 28.56398073832193,-15.7685626877688 28.56398073832193,-15.7685626877688 28.56403204110953,-15.768474468819143 28.56403204110953,-15.768474468819143 28.564015556784234,-15.768421397491108 28.564015556784234,-15.768421397491108 28.564034053257537,-15.768335342409124 28.564034053257537,-15.768335342409124 28.563989639282223,-15.768289566040039 28.563989639282223,-15.768260002136227 28.56401377916336,-15.768213391304968 28.56401377916336,-15.768213391304968 28.563989639282223,-15.76819419860874 28.563989639282223,-15.76819419860874</coordinates>
            </LineString>
          </Placemark>
          <Placemark>
            <name>1 Leopards Hill Memorial Park to Rapid Aluminium</name>
            <styleUrl>#entry_445</styleUrl>
            <LineString>
              <coordinates>28.564029693603516,-15.768199920654299 28.564029693603516,-15.768199920654299 28.563989639282223,-15.768219947814943 28.563989639282223,-15.768219947814943 28.563989639282223,-15.768219947814943 28.563949584960938,-15.768219947814943 28.56391906738281,-15.768239974975586 28.56391906738281,-15.768239974975586 28.56382872841575,-15.76828063618112 28.56382872841575,-15.76828063618112 28.563775006462542,-15.768309593201028 28.563775006462542,-15.768309593201028 28.56365966796875,-15.76834964752197 28.56361961364746,-15.768369674682614 28.563589096069332,-15.7683801651001 28.563589096069332,-15.76840019226074 28.563550949096676,-15.768420219421387 28.563550949096676,-15.768420219421387 28.563510894775387,-15.768480300903319 28.563440322875977,-15.768529891967772 28.563356692974388,-15.76855916243357 28.563356692974388,-15.76855916243357 28.563219070434567,-15.768639564514162 28.56307029724121,-15.768710136413572 28.56292915344238,-15.768790245056154 28.56282043457031,-15.768839836120605 28.562780380249023,-15.768879890441893 28.56266975402832,-15.76891994476318 28.562559127807614,-15.768989562988278 28.562519073486328,-15.76900959014892 28.562519073486328,-15.76900959014892 28.562519073486328,-15.76900959014892 28.562431283193074,-15.769004521305254</coordinates>
            </LineString>
          </Placemark>
          <Placemark>
            <name>1 Rapid Aluminium to Sky Trails</name>
            <styleUrl>#entry_445</styleUrl>
            <LineString>
              <coordinates>28.562431283193074,-15.769004521305254 28.562506198883067,-15.769109201433395 28.562506198883067,-15.769109201433395 28.562460218157078,-15.769173738909354 28.562460218157078,-15.769173738909354 28.5624413056807,-15.769245407799135 28.5624413056807,-15.769245407799135 28.562356948852532,-15.7693383353111 28.562356948852532,-15.7693383353111 28.562307739257808,-15.769453144074959 28.562307739257808,-15.769453144074959 28.56226921081543,-15.769569873810056 28.56226921081543,-15.769569873810056 28.56216049194336,-15.769760131835936 28.562049865722653,-15.769889831542967 28.562049865722653,-15.769960403442385 28.562049865722653,-15.770039558410641 28.561969757080075,-15.770159721374515 28.56193923950195,-15.770350456237791 28.561899185180664,-15.7703800201416 28.561899185180664,-15.7703800201416 28.56185913085937,-15.7703800201416 28.56185913085937,-15.77050971984863 28.5617504119873,-15.770620346069338 28.56171989440918,-15.770730018615723 28.56171989440918,-15.770810127258297 28.56171989440918,-15.77089977264404 28.56171989440918,-15.77093029022217 28.561679840087887,-15.77095031738281 28.561609268188477,-15.771010398864748 28.5615291595459,-15.77108001708984 28.561460494995114,-15.771120071411133 28.561460494995114,-15.771149635314941 28.561460494995114,-15.771169662475588 28.561460494995114,-15.771189689636227 28.561460494995114,-15.771189689636227 28.56150054931641,-15.771249771118168 28.561460494995114,-15.771300315856934 28.561420440673825,-15.771300315856934 28.561420440673825,-15.771300315856934 28.561420440673825,-15.771300315856934 28.561389923095703,-15.771280288696286 28.561349868774414,-15.771280288696286 28.561309814453125,-15.771300315856934 28.561279296875,-15.77134037017822 28.561279296875,-15.771360397338864 28.56123924255371,-15.77138996124268 28.56123924255371,-15.77138996124268 28.561211512638973,-15.771464347841103 28.561211512638973,-15.771464347841103 28.561195611953735,-15.771477222442666 28.561195611953735,-15.771477222442666 28.56108347574869,-15.771578894721616 28.56108347574869,-15.771578894721616 28.560949325561523,-15.771670341491696 28.56090927124023,-15.771719932556156 28.560869216918945,-15.771780014038086 28.560869216918945,-15.77180004119873 28.560869216918945,-15.7719202041626 28.56083615620931,-15.772130966187252 28.56083615620931,-15.772130966187252 28.560649871826172,-15.772399902343746 28.560649871826172,-15.772399902343746 28.560619354248047,-15.772399902343746 28.560649871826172,-15.772379875183105 28.560649871826172,-15.772379875183105 28.560619354248047,-15.772419929504396 28.560579299926758,-15.772459983825676 28.560579299926758,-15.772470474243168 28.560539245605465,-15.772470474243168 28.560539245605465,-15.772529602050785 28.56051063537598,-15.772620201110835 28.560470581054684,-15.772729873657225 28.56040000915527,-15.772800445556639 28.560359954833988,-15.772820472717282 28.560359954833988,-15.772820472717282 28.56028938293457,-15.772899627685547 28.56028938293457,-15.772899627685547 28.56028938293457,-15.772910118103026 28.56024932861328,-15.773079872131348 28.560180664062496,-15.773280143737797 28.560140609741207,-15.773429870605463 28.560140609741207,-15.773590087890627 28.560033321380615,-15.773829539617589 28.560033321380615,-15.773829539617589 28.55977058410644,-15.773889541625973 28.559549331665036,-15.773850440979006 28.559329986572262,-15.773850440979006 28.55915069580078,-15.773920059204102 28.558889389038086,-15.774009704589846 28.558710098266598,-15.774049758911133 28.558530807495117,-15.774140357971191 28.558380126953125,-15.774180412292479 28.55816078186035,-15.774250030517582 28.557899475097653,-15.77423000335693 28.557649612426754,-15.774160385131834 28.557390213012695,-15.774160385131834 28.557130813598633,-15.77423000335693 28.55695095062255,-15.774321778615588 28.55695095062255,-15.774321778615588 28.55694961547852,-15.774820327758789 28.556880950927734,-15.775059700012207 28.556730270385742,-15.775279998779302 28.556579589843746,-15.775480270385739 28.55644035339355,-15.775650024414064 28.55628967285156,-15.775770187377931 28.556070327758786,-15.775850296020506 28.55595970153809,-15.77593994140625 28.55589190396395,-15.77601233395752 28.55589190396395,-15.77601233395752 28.55570030212402,-15.776229858398438 28.555629730224606,-15.776530265808107 28.55555915832519,-15.776820182800297 28.555410385131836,-15.77707958221435 28.55525970458984,-15.777310371398928 28.55512046813965,-15.777589797973633 28.554929733276364,-15.777790069580078 28.554710388183594,-15.777939796447756 28.554460525512695,-15.778070449829103 28.554199218749996,-15.778070449829103 28.554019927978516,-15.777850151062012 28.55386924743652,-15.777609825134274 28.553649902343746,-15.777409553527832 28.55335998535156,-15.777409553527832 28.5531005859375,-15.777420043945314 28.552839279174805,-15.777299880981445 28.552619934082028,-15.777150154113768 28.552440643310547,-15.777000427246092 28.55225944519043,-15.776929855346678 28.552040100097656,-15.776800155639648 28.5517406463623,-15.776749610900877 28.55167007446289,-15.776749610900877 28.55134010314941,-15.776820182800297 28.55108070373535,-15.776869773864748 28.55085945129394,-15.77684020996094 28.550790786743168,-15.77698040008545 28.55072021484375,-15.777150154113768 28.550640106201175,-15.777299880981445 28.550609588623047,-15.777480125427246 28.550460815429684,-15.777569770812985 28.55027961730957,-15.777569770812985 28.550090789794922,-15.777640342712402 28.550020217895508,-15.777810096740717 28.5499095916748,-15.777970314025879 28.549949645996094,-15.778180122375488 28.5499095916748,-15.778320312499996 28.549869537353516,-15.77851963043213 28.54984092712402,-15.778759956359863 28.549619674682617,-15.778960227966309 28.54950904846191,-15.779179573059082 28.549470901489254,-15.779439926147461 28.54950904846191,-15.779720306396488 28.549579620361328,-15.779970169067388 28.54976081848144,-15.780170440673825 28.54984092712402,-15.7803897857666 28.5499095916748,-15.780650138854982 28.549869537353516,-15.780909538269045 28.54976081848144,-15.781149864196777 28.549650192260746,-15.781370162963865 28.549579620361328,-15.781510353088379 28.54943084716797,-15.781640052795412 28.549179077148438,-15.781769752502443 28.548990249633786,-15.781970024108885 28.54874038696289,-15.782119750976562 28.548479080200195,-15.782210350036623 28.548189163208008,-15.782279968261719 28.54792976379394,-15.782299995422363 28.54775047302246,-15.782360076904297 28.547529220581055,-15.782389640808105 28.547340393066403,-15.782360076904297 28.547199249267578,-15.782340049743654 28.547090530395504,-15.782360076904297 28.547090530395504,-15.78236961364746 28.547050476074215,-15.78240966796875 28.54701042175293,-15.78250026702881 28.5469799041748,-15.782609939575195 28.5468692779541,-15.78269004821777 28.54687752594821,-15.78283941423629 28.54687752594821,-15.78283941423629 28.54691852667393,-15.782913281367579</coordinates>
            </LineString>
          </Placemark>
          <Placemark>
            <name>1 Sky Trails to Kal Tire</name>
            <styleUrl>#entry_445</styleUrl>
            <LineString>
              <coordinates>28.54691852667393,-15.782913281367579 28.54672050476074,-15.782629966735838 28.546680450439453,-15.782609939575195 28.54672050476074,-15.782609939575195 28.546680450439453,-15.78258991241455 28.546569824218746,-15.782520294189455 28.546539306640625,-15.78250026702881 28.546459197998047,-15.78240966796875 28.546350479125973,-15.782279968261719 28.54631996154785,-15.782210350036623 28.54631996154785,-15.782190322875977 28.546239852905277,-15.782059669494627 28.546089172363285,-15.7818603515625 28.5460205078125,-15.781680107116696 28.545909881591793,-15.781550407409664 28.545690536499023,-15.781439781188965 28.545549392700195,-15.781270027160643 28.545549392700195,-15.781270027160643 28.545549392700195,-15.781270027160643 28.545509338378903,-15.781270027160643 28.545509338378903,-15.781270027160643 28.545509338378903,-15.78125953674316 28.545400619506836,-15.781160354614254 28.545249938964844,-15.781020164489746 28.545099258422855,-15.7808198928833 28.54503059387207,-15.780719757080078 28.54503059387207,-15.780719757080078 28.54503059387207,-15.780719757080078 28.544919967651364,-15.780559539794922 28.54478073120117,-15.780360221862795 28.544630050659176,-15.780159950256348 28.544559478759762,-15.779879570007324 28.544410705566406,-15.779729843139648 28.5443000793457,-15.779569625854496 28.544189453125,-15.779419898986813 28.544189453125,-15.779219627380373 28.54408073425293,-15.778960227966309 28.54408073425293,-15.778929710388185 28.543930053710934,-15.77861976623535 28.54385948181152,-15.778360366821287 28.543710708618164,-15.7781400680542 28.543529510498047,-15.777939796447756 28.543420791625977,-15.77777004241943 28.543239593505856,-15.777790069580078 28.542980194091793,-15.77772045135498 28.54276084899902,-15.777640342712402 28.542499542236325,-15.77750015258789 28.542320251464844,-15.777330398559567 28.54202079772949,-15.777259826660151 28.541809082031246,-15.777219772338867 28.541509628295895,-15.777259826660151 28.541290283203125,-15.777299880981445 28.54103088378906,-15.777279853820797 28.540819168090817,-15.777150154113768 28.54063034057617,-15.776969909667967 28.54044914245605,-15.776760101318358 28.54026985168457,-15.776579856872557 28.540119171142578,-15.776430130004885 28.540033102035505,-15.776324788729672 28.540033102035505,-15.776324788729672 28.539939880371094,-15.776490211486813 28.539939880371094,-15.77653980255127 28.539899826049805,-15.776559829711912 28.539770993319426,-15.776625373146945 28.539770993319426,-15.776625373146945 28.539419174194332,-15.776650428771973 28.53923988342285,-15.776670455932617 28.53904914855957,-15.77670955657959 28.53890991210937,-15.776760101318358 28.538719177246094,-15.776820182800297 28.538619995117188,-15.776860237121582 28.538619995117188,-15.776860237121582 28.538619995117188,-15.77684020996094 28.538619995117188,-15.776860237121582 28.538619995117188,-15.776860237121582 28.538619995117188,-15.776860237121582 28.538469314575195,-15.776929855346678 28.53836059570312,-15.777039527893066 28.53827667236328,-15.777064561844057 28.53827667236328,-15.777064561844057 28.538179397583008,-15.77711009979248 28.538139343261715,-15.777130126953123 28.53809928894043,-15.777130126953123 28.538059234619137,-15.77717018127441 28.53803062438965,-15.777199745178216 28.537990570068356,-15.777219772338867 28.537990570068356,-15.777279853820797 28.53795051574707,-15.777350425720211 28.53788113594055,-15.777418732643161 28.53788113594055,-15.777418732643161 28.53776931762695,-15.777389526367186 28.537729263305664,-15.777409553527832 28.53770065307617,-15.777420043945314 28.53762054443359,-15.777440071105955 28.537549972534176,-15.777460098266602 28.537479400634766,-15.777480125427246 28.53741073608398,-15.777480125427246 28.53741073608398,-15.777480125427246 28.53737068176269,-15.777480125427246 28.53737068176269,-15.777480125427246 28.537330627441403,-15.777460098266602 28.537189483642578,-15.777460098266602 28.53704071044922,-15.777520179748533 28.536890029907227,-15.777549743652346 28.536750793457035,-15.777520179748533 28.536600112915043,-15.777460098266602 28.536560058593746,-15.777480125427246 28.536529541015625,-15.777480125427246 28.536340713500973,-15.777460098266602 28.53611946105957,-15.777460098266602 28.53605079650879,-15.777460098266602 28.53605079650879,-15.777460098266602 28.5360107421875,-15.777480125427246 28.53586959838867,-15.77750015258789 28.53572082519531,-15.77750015258789 28.535570144653317,-15.777529716491694 28.535390853881836,-15.777529716491694 28.535240173339844,-15.777520179748533 28.535169601440426,-15.77750015258789 28.535169601440426,-15.77750015258789 28.535129547119137,-15.77750015258789 28.535129547119137,-15.77750015258789 28.53506088256836,-15.77750015258789 28.53506088256836,-15.77750015258789 28.53502082824707,-15.77750015258789 28.53502082824707,-15.77750015258789 28.53492873055594,-15.777457237244056 28.53492873055594,-15.777457237244056 28.53476905822754,-15.777420043945314 28.53469085693359,-15.777420043945314 28.534650802612305,-15.777420043945314 28.534469604492188,-15.777420043945314 28.534320831298825,-15.777420043945314 28.534139633178707,-15.777480125427246 28.53400303767278,-15.777464719919235 28.53400303767278,-15.777464719919235 28.53392028808594,-15.777408191136123 28.53392028808594,-15.777408191136123 28.53359031677246,-15.777239799499513 28.533409118652344,-15.777219772338867 28.53330039978027,-15.77711009979248 28.533149719238278,-15.777000427246092 28.532970428466797,-15.776929855346678 28.532709121704098,-15.776929855346678 28.532560348510742,-15.776869773864748 28.532458681048784,-15.776848966425604 28.532458681048784,-15.776848966425604 28.53237915039062,-15.776800155639648 28.5324592590332,-15.776780128479</coordinates>
            </LineString>
          </Placemark>
        </Folder>
        <Placemark>
          <name>1 Raw</name>
          <styleUrl>#entry_raw_445</styleUrl>
          <LineString>
            <coordinates>28.562850952148438,-15.771869659423828 28.562820434570312,-15.771869659423828 28.562820434570312,-15.771849632263184 28.562820434570312,-15.771869659423828 28.562850952148438,-15.771869659423828 28.562850952148438,-15.771889686584473 28.562850952148438,-15.771869659423828 28.562889099121094,-15.771889686584473 28.562850952148438,-15.771909713745117 28.562850952148438,-15.771920204162598 28.562850952148438,-15.771909713745117 28.562850952148438,-15.771889686584473 28.562850952148438,-15.771869659423828 28.562850952148438,-15.771849632263184 28.562850952148438,-15.771869659423828 28.562889099121094,-15.771889686584473 28.562850952148438,-15.771869659423828 28.562850952148438,-15.771889686584473 28.562889099121094,-15.771889686584473 28.562889099121094,-15.771909713745117 28.562929153442383,-15.771909713745117 28.562889099121094,-15.771909713745117 28.562889099121094,-15.771889686584473 28.562889099121094,-15.771909713745117 28.562889099121094,-15.771920204162598 28.562889099121094,-15.771909713745117 28.562889099121094,-15.771889686584473 28.562850952148438,-15.771869659423828 28.562850952148438,-15.771849632263184 28.562850952148438,-15.771869659423828 28.562889099121094,-15.771889686584473 28.562929153442383,-15.771889686584473 28.562889099121094,-15.771889686584473 28.562889099121094,-15.771909713745117 28.562929153442383,-15.771909713745117 28.562929153442383,-15.771889686584473 28.562929153442383,-15.771909713745117 28.562889099121094,-15.771909713745117 28.562889099121094,-15.771889686584473 28.562889099121094,-15.771909713745117 28.562889099121094,-15.771889686584473 28.562929153442383,-15.771889686584473 28.562889099121094,-15.771909713745117 28.562889099121094,-15.771920204162598 28.562889099121094,-15.771940231323242 28.562929153442383,-15.771940231323242 28.562929153442383,-15.771920204162598 28.562889099121094,-15.771940231323242 28.562889099121094,-15.771920204162598 28.562929153442383,-15.771920204162598 28.562929153442383,-15.771909713745117 28.562889099121094,-15.771920204162598 28.562889099121094,-15.771940231323242 28.562889099121094,-15.771920204162598 28.562889099121094,-15.771940231323242 28.562889099121094,-15.771920204162598 28.562850952148438,-15.771909713745117 28.562850952148438,-15.771920204162598 28.562850952148438,-15.771940231323242 28.562889099121094,-15.771940231323242 28.562889099121094,-15.771920204162598 28.562889099121094,-15.771940231323242 28.562889099121094,-15.771920204162598 28.562889099121094,-15.771909713745117 28.562929153442383,-15.771920204162598 28.562889099121094,-15.771920204162598 28.562929153442383,-15.771940231323242 28.562889099121094,-15.771920204162598 28.562850952148438,-15.771909713745117 28.562889099121094,-15.771920204162598 28.562889099121094,-15.771940231323242 28.562929153442383,-15.771940231323242 28.562929153442383,-15.771960258483887 28.562929153442383,-15.771940231323242 28.562889099121094,-15.771940231323242 28.562889099121094,-15.771920204162598 28.562889099121094,-15.771909713745117 28.562929153442383,-15.771909713745117 28.562889099121094,-15.771920204162598 28.562889099121094,-15.771909713745117 28.562889099121094,-15.771920204162598 28.562850952148438,-15.771920204162598 28.562889099121094,-15.771920204162598 28.562889099121094,-15.771940231323242 28.562889099121094,-15.771920204162598 28.562929153442383,-15.771920204162598 28.562889099121094,-15.771920204162598 28.562889099121094,-15.771940231323242 28.562929153442383,-15.771940231323242 28.562889099121094,-15.771940231323242 28.562889099121094,-15.771920204162598 28.562889099121094,-15.771909713745117 28.562850952148438,-15.771909713745117 28.562889099121094,-15.771909713745117 28.562929153442383,-15.771909713745117 28.562889099121094,-15.771909713745117 28.562929153442383,-15.771909713745117 28.562889099121094,-15.771909713745117 28.562889099121094,-15.771889686584473 28.562850952148438,-15.771889686584473 28.562850952148438,-15.771909713745117 28.562850952148438,-15.771920204162598 28.562889099121094,-15.771940231323242 28.562889099121094,-15.771920204162598 28.562889099121094,-15.771909713745117 28.562889099121094,-15.771889686584473 28.562889099121094,-15.771909713745117 28.562889099121094,-15.771889686584473 28.562889099121094,-15.771869659423828 28.562889099121094,-15.771889686584473 28.562889099121094,-15.771909713745117 28.562889099121094,-15.771889686584473 28.562929153442383,-15.771869659423828 28.562929153442383,-15.771849632263184 28.562929153442383,-15.771869659423828 28.562929153442383,-15.771849632263184 28.562929153442383,-15.771869659423828 28.562929153442383,-15.771889686584473 28.562929153442383,-15.771909713745117 28.562929153442383,-15.771940231323242 28.562929153442383,-15.771920204162598 28.562929153442383,-15.771909713745117 28.562929153442383,-15.771889686584473 28.562929153442383,-15.771909713745117 28.562889099121094,-15.771909713745117 28.562889099121094,-15.771920204162598 28.562850952148438,-15.771920204162598 28.562850952148438,-15.771940231323242 28.562889099121094,-15.771940231323242 28.562889099121094,-15.771920204162598 28.562889099121094,-15.771909713745117 28.562889099121094,-15.771920204162598 28.562889099121094,-15.771909713745117 28.562889099121094,-15.771920204162598 28.562889099121094,-15.771909713745117 28.562889099121094,-15.771920204162598 28.562889099121094,-15.771940231323242 28.562929153442383,-15.771940231323242 28.562929153442383,-15.771920204162598 28.562929153442383,-15.771909713745117 28.562889099121094,-15.771909713745117 28.562929153442383,-15.771909713745117 28.562889099121094,-15.771909713745117 28.562850952148438,-15.771920204162598 28.562850952148438,-15.771940231323242 28.562889099121094,-15.771909713745117 28.562889099121094,-15.771889686584473 28.562889099121094,-15.771909713745117 28.562889099121094,-15.771920204162598 28.562889099121094,-15.771909713745117 28.562929153442383,-15.771920204162598 28.562929153442383,-15.771940231323242 28.562889099121094,-15.771940231323242 28.562850952148438,-15.771960258483887 28.562850952148438,-15.771940231323242 28.562850952148438,-15.771960258483887 28.562889099121094,-15.771940231323242 28.562889099121094,-15.771920204162598 28.562889099121094,-15.771940231323242 28.562889099121094,-15.771920204162598 28.562850952148438,-15.771940231323242 28.562889099121094,-15.771940231323242 28.562889099121094,-15.771920204162598 28.562889099121094,-15.771909713745117 28.562929153442383,-15.771909713745117 28.562929153442383,-15.771889686584473 28.562889099121094,-15.771909713745117 28.562889099121094,-15.771920204162598 28.562889099121094,-15.771909713745117 28.562929153442383,-15.771909713745117 28.562929153442383,-15.771920204162598 28.562929153442383,-15.771909713745117 28.562929153442383,-15.771920204162598 28.562959671020508,-15.771920204162598 28.562959671020508,-15.771940231323242 28.562929153442383,-15.771940231323242 28.562929153442383,-15.771920204162598 28.562889099121094,-15.771920204162598 28.562889099121094,-15.771909713745117 28.562889099121094,-15.771920204162598 28.562889099121094,-15.771940231323242 28.562889099121094,-15.771920204162598 28.562850952148438,-15.771909713745117 28.562889099121094,-15.771909713745117 28.562929153442383,-15.771920204162598 28.562929153442383,-15.771960258483887 28.562889099121094,-15.771960258483887 28.562889099121094,-15.771940231323242 28.562850952148438,-15.771920204162598 28.562850952148438,-15.771940231323242 28.562889099121094,-15.771940231323242 28.562889099121094,-15.771920204162598 28.562929153442383,-15.771920204162598 28.562929153442383,-15.771909713745117 28.562889099121094,-15.771920204162598 28.562889099121094,-15.771909713745117 28.562889099121094,-15.771920204162598 28.562889099121094,-15.771909713745117 28.562929153442383,-15.771909713745117 28.562929153442383,-15.771889686584473 28.562889099121094,-15.771889686584473 28.562889099121094,-15.771909713745117 28.562889099121094,-15.771920204162598 28.562850952148438,-15.771940231323242 28.562889099121094,-15.771940231323242 28.562889099121094,-15.771920204162598 28.562889099121094,-15.771940231323242 28.562889099121094,-15.771920204162598 28.562850952148438,-15.771909713745117 28.562889099121094,-15.771909713745117 28.562929153442383,-15.771889686584473 28.562929153442383,-15.771869659423828 28.562889099121094,-15.771849632263184 28.562889099121094,-15.771829605102539 28.562889099121094,-15.771849632263184 28.562889099121094,-15.771869659423828 28.562850952148438,-15.771909713745117 28.562850952148438,-15.771920204162598 28.562850952148438,-15.771909713745117 28.562850952148438,-15.771889686584473 28.562820434570312,-15.771889686584473 28.562850952148438,-15.771909713745117 28.562850952148438,-15.771920204162598 28.562889099121094,-15.771940231323242 28.562889099121094,-15.771960258483887 28.562929153442383,-15.771960258483887 28.562889099121094,-15.771960258483887 28.562889099121094,-15.771940231323242 28.562889099121094,-15.771920204162598 28.562889099121094,-15.771909713745117 28.562850952148438,-15.771889686584473 28.562850952148438,-15.771909713745117 28.562889099121094,-15.771909713745117 28.562889099121094,-15.771920204162598 28.562889099121094,-15.771940231323242 28.562889099121094,-15.771960258483887 28.562889099121094,-15.771940231323242 28.562889099121094,-15.771920204162598 28.562929153442383,-15.771920204162598 28.562929153442383,-15.771909713745117 28.562889099121094,-15.771909713745117 28.562889099121094,-15.771920204162598 28.562889099121094,-15.771909713745117 28.562889099121094,-15.771920204162598 28.562889099121094,-15.771940231323242 28.562889099121094,-15.771960258483887 28.562889099121094,-15.771940231323242 28.562850952148438,-15.771940231323242 28.562889099121094,-15.771940231323242 28.562889099121094,-15.771920204162598 28.562889099121094,-15.771909713745117 28.562889099121094,-15.771889686584473 28.562889099121094,-15.771909713745117 28.562889099121094,-15.771889686584473 28.562889099121094,-15.771909713745117 28.562889099121094,-15.771920204162598 28.562889099121094,-15.771909713745117 28.562850952148438,-15.771920204162598 28.562850952148438,-15.771940231323242 28.562889099121094,-15.771960258483887 28.562889099121094,-15.771940231323242 28.562889099121094,-15.771920204162598 28.562889099121094,-15.771909713745117 28.562850952148438,-15.771889686584473 28.562889099121094,-15.771909713745117 28.562929153442383,-15.771889686584473 28.562929153442383,-15.771869659423828 28.562929153442383,-15.771889686584473 28.562889099121094,-15.771909713745117 28.562889099121094,-15.771889686584473 28.562889099121094,-15.771869659423828 28.562889099121094,-15.771889686584473 28.562889099121094,-15.771909713745117 28.562850952148438,-15.771909713745117 28.562850952148438,-15.771920204162598 28.562889099121094,-15.771920204162598 28.562889099121094,-15.771940231323242 28.562889099121094,-15.771920204162598 28.562889099121094,-15.771909713745117 28.562889099121094,-15.771889686584473 28.562929153442383,-15.771889686584473 28.562889099121094,-15.771889686584473 28.562889099121094,-15.771909713745117 28.562929153442383,-15.771909713745117 28.562929153442383,-15.771889686584473 28.562889099121094,-15.771889686584473 28.562929153442383,-15.771889686584473 28.562889099121094,-15.771909713745117 28.562850952148438,-15.771909713745117 28.562850952148438,-15.771889686584473 28.562850952148438,-15.771909713745117 28.562850952148438,-15.771889686584473 28.562850952148438,-15.771909713745117 28.562889099121094,-15.771909713745117 28.562850952148438,-15.771909713745117 28.562889099121094,-15.771909713745117 28.562889099121094,-15.771889686584473 28.562929153442383,-15.771889686584473 28.562889099121094,-15.771889686584473 28.562889099121094,-15.771869659423828 28.562889099121094,-15.771889686584473 28.562889099121094,-15.771869659423828 28.562889099121094,-15.771889686584473 28.562889099121094,-15.771869659423828 28.562889099121094,-15.771889686584473 28.562889099121094,-15.771909713745117 28.562929153442383,-15.771909713745117 28.562889099121094,-15.771909713745117 28.562929153442383,-15.771909713745117 28.562929153442383,-15.771920204162598 28.562889099121094,-15.771920204162598 28.562889099121094,-15.771909713745117 28.562889099121094,-15.771920204162598 28.562929153442383,-15.771920204162598 28.562929153442383,-15.771940231323242 28.562889099121094,-15.771940231323242 28.562929153442383,-15.771940231323242 28.562929153442383,-15.771920204162598 28.562929153442383,-15.771909713745117 28.562889099121094,-15.771920204162598 28.562889099121094,-15.771909713745117 28.562889099121094,-15.771920204162598 28.562850952148438,-15.771920204162598 28.562889099121094,-15.771920204162598 28.562850952148438,-15.771940231323242 28.562850952148438,-15.771920204162598 28.562850952148438,-15.771909713745117 28.562850952148438,-15.771920204162598 28.562850952148438,-15.771909713745117 28.562850952148438,-15.771920204162598 28.562889099121094,-15.771909713745117 28.562929153442383,-15.771909713745117 28.562929153442383,-15.771920204162598 28.562889099121094,-15.771920204162598 28.562889099121094,-15.771940231323242 28.562889099121094,-15.771920204162598 28.562929153442383,-15.771920204162598 28.562929153442383,-15.771940231323242 28.562929153442383,-15.771920204162598 28.562889099121094,-15.771920204162598 28.562850952148438,-15.771920204162598 28.562889099121094,-15.771909713745117 28.562850952148438,-15.771909713745117 28.562850952148438,-15.771889686584473 28.562820434570312,-15.771889686584473 28.562850952148438,-15.771889686584473 28.562850952148438,-15.771909713745117 28.562889099121094,-15.771909713745117 28.562889099121094,-15.771920204162598 28.562889099121094,-15.771909713745117 28.562889099121094,-15.771920204162598 28.562850952148438,-15.771940231323242 28.562850952148438,-15.771920204162598 28.562850952148438,-15.771940231323242 28.562889099121094,-15.771920204162598 28.562889099121094,-15.771940231323242 28.562889099121094,-15.771920204162598 28.562889099121094,-15.771909713745117 28.562850952148438,-15.771909713745117 28.562850952148438,-15.771920204162598 28.562850952148438,-15.771940231323242 28.562850952148438,-15.771920204162598 28.562850952148438,-15.771940231323242 28.562850952148438,-15.771920204162598 28.562850952148438,-15.771909713745117 28.562889099121094,-15.771909713745117 28.562889099121094,-15.771889686584473 28.562850952148438,-15.771909713745117 28.562850952148438,-15.771920204162598 28.562850952148438,-15.771940231323242 28.562850952148438,-15.771920204162598 28.562889099121094,-15.771940231323242 28.562850952148438,-15.771940231323242 28.562889099121094,-15.771920204162598 28.562889099121094,-15.771909713745117 28.562889099121094,-15.771920204162598 28.562889099121094,-15.771909713745117 28.562929153442383,-15.771909713745117 28.562889099121094,-15.771889686584473 28.562889099121094,-15.771909713745117 28.562850952148438,-15.771909713745117 28.562889099121094,-15.771889686584473 28.562889099121094,-15.771909713745117 28.562889099121094,-15.771920204162598 28.562850952148438,-15.771920204162598 28.562889099121094,-15.771909713745117 28.562889099121094,-15.771889686584473 28.562850952148438,-15.771889686584473 28.562820434570312,-15.771889686584473 28.562820434570312,-15.771909713745117 28.562850952148438,-15.771909713745117 28.562850952148438,-15.771889686584473 28.562850952148438,-15.771909713745117 28.562850952148438,-15.771920204162598 28.562850952148438,-15.771909713745117 28.562889099121094,-15.771909713745117 28.562889099121094,-15.771889686584473 28.562889099121094,-15.771909713745117 28.562929153442383,-15.771909713745117 28.562889099121094,-15.771909713745117 28.562850952148438,-15.771909713745117 28.562820434570312,-15.771909713745117 28.562820434570312,-15.771889686584473 28.562850952148438,-15.771889686584473 28.562850952148438,-15.771909713745117 28.562850952148438,-15.771889686584473 28.562889099121094,-15.771889686584473 28.562850952148438,-15.771889686584473 28.562850952148438,-15.771909713745117 28.562889099121094,-15.771920204162598 28.562889099121094,-15.771940231323242 28.562889099121094,-15.771920204162598 28.562929153442383,-15.771909713745117 28.562929153442383,-15.771920204162598 28.562889099121094,-15.771940231323242 28.562889099121094,-15.771920204162598 28.562889099121094,-15.771909713745117 28.562889099121094,-15.771920204162598 28.562929153442383,-15.771920204162598 28.562929153442383,-15.771909713745117 28.562889099121094,-15.771909713745117 28.562850952148438,-15.771909713745117 28.562850952148438,-15.771889686584473 28.562850952148438,-15.771909713745117 28.562850952148438,-15.771889686584473 28.562850952148438,-15.771909713745117 28.562820434570312,-15.771909713745117 28.562850952148438,-15.771909713745117 28.562850952148438,-15.771920204162598 28.562850952148438,-15.771940231323242 28.562850952148438,-15.771960258483887 28.562850952148438,-15.771940231323242 28.562850952148438,-15.771920204162598 28.562850952148438,-15.771909713745117 28.562889099121094,-15.771909713745117 28.562889099121094,-15.771920204162598 28.562850952148438,-15.771920204162598 28.562820434570312,-15.771920204162598 28.562820434570312,-15.771940231323242 28.562889099121094,-15.771920204162598 28.562889099121094,-15.771909713745117 28.562850952148438,-15.771920204162598 28.562889099121094,-15.771920204162598 28.562850952148438,-15.771920204162598 28.562850952148438,-15.771940231323242 28.562889099121094,-15.771940231323242 28.562850952148438,-15.771940231323242 28.562889099121094,-15.771940231323242 28.562889099121094,-15.771920204162598 28.562889099121094,-15.771909713745117 28.562889099121094,-15.771889686584473 28.562929153442383,-15.771889686584473 28.562929153442383,-15.771909713745117 28.562889099121094,-15.771909713745117 28.562850952148438,-15.771909713745117 28.562889099121094,-15.771909713745117 28.562889099121094,-15.771920204162598 28.562850952148438,-15.771920204162598 28.562850952148438,-15.771940231323242 28.562889099121094,-15.771920204162598 28.562889099121094,-15.771909713745117 28.562889099121094,-15.771920204162598 28.562850952148438,-15.771940231323242 28.562889099121094,-15.771940231323242 28.562850952148438,-15.771940231323242 28.562889099121094,-15.771940231323242 28.562889099121094,-15.771920204162598 28.562850952148438,-15.771920204162598 28.562850952148438,-15.771909713745117 28.562850952148438,-15.771920204162598 28.562820434570312,-15.771920204162598 28.562820434570312,-15.771909713745117 28.562850952148438,-15.771909713745117 28.562889099121094,-15.771909713745117 28.562850952148438,-15.771909713745117 28.562850952148438,-15.771920204162598 28.562820434570312,-15.771920204162598 28.562820434570312,-15.771909713745117 28.562820434570312,-15.771889686584473 28.562850952148438,-15.771889686584473 28.562850952148438,-15.771909713745117 28.562850952148438,-15.771920204162598 28.562889099121094,-15.771940231323242 28.562889099121094,-15.771920204162598 28.562850952148438,-15.771920204162598 28.562850952148438,-15.771909713745117 28.562850952148438,-15.771889686584473 28.562889099121094,-15.771889686584473 28.562889099121094,-15.771909713745117 28.562850952148438,-15.771909713745117 28.562850952148438,-15.771889686584473 28.562850952148438,-15.771909713745117 28.562850952148438,-15.771889686584473 28.562850952148438,-15.771909713745117 28.562889099121094,-15.771909713745117 28.562889099121094,-15.771920204162598 28.562889099121094,-15.771940231323242 28.562850952148438,-15.771940231323242 28.562850952148438,-15.771920204162598 28.562850952148438,-15.771909713745117 28.562850952148438,-15.771920204162598 28.562820434570312,-15.771940231323242 28.562850952148438,-15.771940231323242 28.562889099121094,-15.771940231323242 28.562889099121094,-15.771920204162598 28.562889099121094,-15.771909713745117 28.562889099121094,-15.771920204162598 28.562850952148438,-15.771909713745117 28.562850952148438,-15.771920204162598 28.562889099121094,-15.771920204162598 28.562889099121094,-15.771940231323242 28.562850952148438,-15.771920204162598 28.562850952148438,-15.771909713745117 28.562889099121094,-15.771909713745117 28.562889099121094,-15.771889686584473 28.562929153442383,-15.771889686584473 28.562889099121094,-15.771889686584473 28.562889099121094,-15.771909713745117 28.562929153442383,-15.771920204162598 28.562889099121094,-15.771940231323242 28.562850952148438,-15.771920204162598 28.562850952148438,-15.771909713745117 28.562850952148438,-15.771889686584473 28.562850952148438,-15.771869659423828 28.562889099121094,-15.771869659423828 28.562889099121094,-15.771889686584473 28.562889099121094,-15.771909713745117 28.562889099121094,-15.771920204162598 28.562889099121094,-15.771940231323242 28.562850952148438,-15.771940231323242 28.562889099121094,-15.771940231323242 28.562850952148438,-15.771940231323242 28.562889099121094,-15.771920204162598 28.562889099121094,-15.771909713745117 28.562889099121094,-15.771889686584473 28.562889099121094,-15.771909713745117 28.562889099121094,-15.771920204162598 28.562889099121094,-15.771940231323242 28.562889099121094,-15.771920204162598 28.562929153442383,-15.771909713745117 28.562929153442383,-15.771920204162598 28.562929153442383,-15.771909713745117 28.562929153442383,-15.771920204162598 28.562889099121094,-15.771920204162598 28.562889099121094,-15.771940231323242 28.562889099121094,-15.771920204162598 28.562889099121094,-15.771940231323242 28.562929153442383,-15.771940231323242 28.562889099121094,-15.771940231323242 28.562889099121094,-15.771960258483887 28.562929153442383,-15.771960258483887 28.562929153442383,-15.771940231323242 28.562929153442383,-15.771920204162598 28.562929153442383,-15.771909713745117 28.562929153442383,-15.771920204162598 28.562929153442383,-15.771940231323242 28.562889099121094,-15.771920204162598 28.562889099121094,-15.771909713745117 28.562889099121094,-15.771920204162598 28.562850952148438,-15.771909713745117 28.562889099121094,-15.771909713745117 28.562889099121094,-15.771920204162598 28.562889099121094,-15.771909713745117 28.562889099121094,-15.771920204162598 28.562889099121094,-15.771909713745117 28.562889099121094,-15.771920204162598 28.562889099121094,-15.771909713745117 28.562889099121094,-15.771920204162598 28.562889099121094,-15.771909713745117 28.562889099121094,-15.771889686584473 28.562850952148438,-15.771889686584473 28.562850952148438,-15.771909713745117 28.562889099121094,-15.771909713745117 28.562850952148438,-15.771920204162598 28.562850952148438,-15.771909713745117 28.562850952148438,-15.771920204162598 28.562850952148438,-15.771909713745117 28.562850952148438,-15.771920204162598 28.562889099121094,-15.771920204162598 28.562929153442383,-15.771920204162598 28.562929153442383,-15.771940231323242 28.562929153442383,-15.771920204162598 28.562929153442383,-15.771940231323242 28.562889099121094,-15.771940231323242 28.562850952148438,-15.771920204162598 28.562889099121094,-15.771920204162598 28.562929153442383,-15.771920204162598 28.562889099121094,-15.771920204162598 28.562889099121094,-15.771909713745117 28.562889099121094,-15.771889686584473 28.562889099121094,-15.771909713745117 28.562889099121094,-15.771889686584473 28.562929153442383,-15.771909713745117 28.562889099121094,-15.771909713745117 28.562889099121094,-15.771889686584473 28.562850952148438,-15.771889686584473 28.562889099121094,-15.771889686584473 28.562850952148438,-15.771909713745117 28.562850952148438,-15.771889686584473 28.562889099121094,-15.771889686584473 28.562850952148438,-15.771889686584473 28.562850952148438,-15.771909713745117 28.562889099121094,-15.771909713745117 28.562889099121094,-15.771889686584473 28.562850952148438,-15.771889686584473 28.562850952148438,-15.771869659423828 28.562850952148438,-15.771889686584473 28.562850952148438,-15.771909713745117 28.562850952148438,-15.771889686584473 28.562850952148438,-15.771909713745117 28.562850952148438,-15.771889686584473 28.562820434570312,-15.771889686584473 28.562850952148438,-15.771909713745117 28.562889099121094,-15.771909713745117 28.562850952148438,-15.771909713745117 28.562820434570312,-15.771909713745117 28.562850952148438,-15.771909713745117 28.562850952148438,-15.771889686584473 28.562889099121094,-15.771869659423828 28.562850952148438,-15.771889686584473 28.562850952148438,-15.771909713745117 28.562889099121094,-15.771909713745117 28.562889099121094,-15.771920204162598 28.562850952148438,-15.771920204162598 28.562889099121094,-15.771920204162598 28.562889099121094,-15.771940231323242 28.562929153442383,-15.771920204162598 28.562929153442383,-15.771909713745117 28.562929153442383,-15.771920204162598 28.562889099121094,-15.771920204162598 28.562850952148438,-15.771920204162598 28.562850952148438,-15.771909713745117 28.562850952148438,-15.771889686584473 28.562889099121094,-15.771909713745117 28.562850952148438,-15.771940231323242 28.562889099121094,-15.771940231323242 28.562929153442383,-15.771960258483887 28.562959671020508,-15.771960258483887 28.562999725341797,-15.771960258483887 28.56307029724121,-15.771960258483887 28.5631103515625,-15.771960258483887 28.5631103515625,-15.771940231323242 28.563180923461914,-15.771940231323242 28.56321907043457,-15.771920204162598 28.56325912475586,-15.771909713745117 28.56325912475586,-15.771889686584473 28.56325912475586,-15.771869659423828 28.563289642333984,-15.771849632263184 28.563289642333984,-15.771829605102539 28.563369750976562,-15.771829605102539 28.563400268554688,-15.771809577941895 28.563440322875977,-15.771809577941895 28.56355094909668,-15.771759986877441 28.563589096069336,-15.771690368652344 28.56361961364746,-15.7716703414917 28.56361961364746,-15.771650314331055 28.56365966796875,-15.771539688110352 28.56365966796875,-15.771499633789062 28.56369972229004,-15.77145004272461 28.563730239868164,-15.771470069885254 28.563810348510742,-15.771559715270996 28.563880920410156,-15.7716703414917 28.563949584960938,-15.771780014038086 28.564029693603516,-15.771889686584473 28.56406021118164,-15.772029876708984 28.56406021118164,-15.77217960357666 28.56410026550293,-15.772330284118652 28.56410026550293,-15.772470474243164 28.56410026550293,-15.77262020111084 28.56414031982422,-15.772729873657227 28.564279556274414,-15.772769927978516 28.564390182495117,-15.772749900817871 28.56454086303711,-15.772709846496582 28.56468963623047,-15.772680282592773 28.564870834350586,-15.772640228271484 28.565019607543945,-15.772680282592773 28.565200805664062,-15.772689819335938 28.565349578857422,-15.772749900817871 28.56549072265625,-15.772769927978516 28.565570831298828,-15.77280044555664 28.565570831298828,-15.77278995513916 28.565570831298828,-15.772769927978516 28.56549072265625,-15.772769927978516 28.565309524536133,-15.772729873657227 28.56513023376465,-15.772680282592773 28.564939498901367,-15.772660255432129 28.564720153808594,-15.772660255432129 28.56454086303711,-15.772709846496582 28.564390182495117,-15.772769927978516 28.564390182495117,-15.772859573364258 28.56450080871582,-15.772970199584961 28.56464958190918,-15.773059844970703 28.564760208129883,-15.773150444030762 28.564800262451172,-15.773209571838379 28.564760208129883,-15.773209571838379 28.564760208129883,-15.773240089416504 28.564720153808594,-15.773260116577148 28.564760208129883,-15.773209571838379 28.564800262451172,-15.773209571838379 28.564830780029297,-15.773229598999023 28.564870834350586,-15.773240089416504 28.564870834350586,-15.773260116577148 28.564870834350586,-15.773280143737793 28.564870834350586,-15.773320198059082 28.564830780029297,-15.773320198059082 28.564800262451172,-15.773320198059082 28.564760208129883,-15.773209571838379 28.56468963623047,-15.773079872131348 28.56460952758789,-15.773039817810059 28.56460952758789,-15.773059844970703 28.5645809173584,-15.773039817810059 28.56454086303711,-15.773059844970703 28.56450080871582,-15.773099899291992 28.56454086303711,-15.773130416870117 28.56454086303711,-15.773189544677734 28.56450080871582,-15.773280143737793 28.564470291137695,-15.773369789123535 28.564430236816406,-15.773460388183594 28.564430236816406,-15.773480415344238 28.564430236816406,-15.773500442504883 28.564430236816406,-15.773539543151855 28.564390182495117,-15.773590087890625 28.564319610595703,-15.773630142211914 28.564319610595703,-15.773650169372559 28.564279556274414,-15.773670196533203 28.564279556274414,-15.773679733276367 28.564279556274414,-15.773719787597656 28.564279556274414,-15.7737398147583 28.564279556274414,-15.773719787597656 28.564250946044922,-15.7737398147583 28.564279556274414,-15.7737398147583 28.564279556274414,-15.773719787597656 28.564279556274414,-15.7737398147583 28.564279556274414,-15.773759841918945 28.564279556274414,-15.7737398147583 28.564250946044922,-15.7737398147583 28.564279556274414,-15.773759841918945 28.564250946044922,-15.773759841918945 28.564250946044922,-15.7737398147583 28.564279556274414,-15.7737398147583 28.564279556274414,-15.773759841918945 28.564279556274414,-15.7737398147583 28.564279556274414,-15.773719787597656 28.564319610595703,-15.7737398147583 28.564279556274414,-15.773759841918945 28.564279556274414,-15.7737398147583 28.564279556274414,-15.773719787597656 28.564279556274414,-15.7737398147583 28.564279556274414,-15.773719787597656 28.564279556274414,-15.7737398147583 28.564279556274414,-15.773719787597656 28.564279556274414,-15.7737398147583 28.564250946044922,-15.773759841918945 28.564279556274414,-15.773759841918945 28.564250946044922,-15.773759841918945 28.564250946044922,-15.7737398147583 28.564279556274414,-15.7737398147583 28.564250946044922,-15.7737398147583 28.564250946044922,-15.773759841918945 28.564250946044922,-15.7737398147583 28.564279556274414,-15.7737398147583 28.564279556274414,-15.773719787597656 28.564279556274414,-15.773699760437012 28.564279556274414,-15.773719787597656 28.564279556274414,-15.7737398147583 28.564279556274414,-15.773759841918945 28.564279556274414,-15.7737398147583 28.564279556274414,-15.773719787597656 28.564279556274414,-15.7737398147583 28.564319610595703,-15.7737398147583 28.564319610595703,-15.773759841918945 28.564279556274414,-15.7737398147583 28.564279556274414,-15.773719787597656 28.564279556274414,-15.7737398147583 28.564279556274414,-15.773759841918945 28.564279556274414,-15.77377986907959 28.564279556274414,-15.773759841918945 28.564279556274414,-15.7737398147583 28.564279556274414,-15.773719787597656 28.564279556274414,-15.7737398147583 28.564279556274414,-15.773719787597656 28.564279556274414,-15.773699760437012 28.564279556274414,-15.773719787597656 28.564279556274414,-15.773699760437012 28.564279556274414,-15.773719787597656 28.564279556274414,-15.773699760437012 28.564279556274414,-15.773719787597656 28.564279556274414,-15.7737398147583 28.564279556274414,-15.773719787597656 28.564279556274414,-15.773699760437012 28.564279556274414,-15.773719787597656 28.564250946044922,-15.773719787597656 28.564279556274414,-15.773719787597656 28.564279556274414,-15.7737398147583 28.564279556274414,-15.773759841918945 28.564279556274414,-15.7737398147583 28.564279556274414,-15.773719787597656 28.564279556274414,-15.7737398147583 28.564250946044922,-15.773759841918945 28.564250946044922,-15.77377986907959 28.564279556274414,-15.77377986907959 28.564279556274414,-15.773759841918945 28.564279556274414,-15.7737398147583 28.564250946044922,-15.773759841918945 28.564250946044922,-15.7737398147583 28.564250946044922,-15.773719787597656 28.564250946044922,-15.7737398147583 28.564250946044922,-15.773719787597656 28.564279556274414,-15.773719787597656 28.564279556274414,-15.7737398147583 28.564279556274414,-15.773719787597656 28.564250946044922,-15.773719787597656 28.564250946044922,-15.7737398147583 28.564250946044922,-15.773719787597656 28.564250946044922,-15.7737398147583 28.564250946044922,-15.773759841918945 28.564250946044922,-15.7737398147583 28.564279556274414,-15.7737398147583 28.564279556274414,-15.773759841918945 28.564250946044922,-15.77379035949707 28.564210891723633,-15.773810386657715 28.564170837402344,-15.77383041381836 28.56414031982422,-15.773889541625977 28.56414031982422,-15.773900032043457 28.56406021118164,-15.773980140686035 28.563989639282227,-15.774049758911133 28.563919067382812,-15.774120330810547 28.563840866088867,-15.774200439453125 28.563840866088867,-15.774230003356934 28.563810348510742,-15.774270057678223 28.563810348510742,-15.774310111999512 28.563770294189453,-15.774310111999512 28.563730239868164,-15.774399757385254 28.563730239868164,-15.774419784545898 28.56369972229004,-15.774470329284668 28.56361961364746,-15.774530410766602 28.56361961364746,-15.774550437927246 28.56355094909668,-15.774620056152344 28.563480377197266,-15.774669647216797 28.563400268554688,-15.77472972869873 28.563369750976562,-15.774800300598145 28.563289642333984,-15.774889945983887 28.563180923461914,-15.774970054626465 28.56307029724121,-15.77499008178711 28.56307029724121,-15.774999618530273 28.562959671020508,-15.77499008178711 28.562889099121094,-15.774970054626465 28.562780380249023,-15.774970054626465 28.56266975402832,-15.775019645690918 28.56262969970703,-15.775019645690918 28.562559127807617,-15.77499008178711 28.562559127807617,-15.774970054626465 28.562519073486328,-15.774860382080078 28.562450408935547,-15.77472972869873 28.562450408935547,-15.774620056152344 28.562410354614258,-15.774490356445312 28.562379837036133,-15.774399757385254 28.562299728393555,-15.774290084838867 28.56226921081543,-15.77422046661377 28.56222915649414,-15.77418041229248 28.56222915649414,-15.774160385131836 28.56218910217285,-15.774089813232422 28.56216049194336,-15.77400016784668 28.56212043762207,-15.773889541625977 28.56216049194336,-15.77379035949707 28.56216049194336,-15.773759841918945 28.56216049194336,-15.773679733276367 28.56218910217285,-15.773630142211914 28.56216049194336,-15.7735595703125 28.56212043762207,-15.773520469665527 28.562049865722656,-15.773480415344238 28.562009811401367,-15.773429870605469 28.561969757080078,-15.773429870605469 28.561899185180664,-15.773369789123535 28.561899185180664,-15.77334976196289 28.561830520629883,-15.773320198059082 28.561790466308594,-15.773300170898438 28.561750411987305,-15.773320198059082 28.56171989440918,-15.77334976196289 28.5616397857666,-15.77338981628418 28.561609268188477,-15.773429870605469 28.561569213867188,-15.773429870605469 28.5615291595459,-15.773449897766113 28.561460494995117,-15.773480415344238 28.561420440673828,-15.773520469665527 28.561349868774414,-15.773539543151855 28.561279296875,-15.7735595703125 28.561199188232422,-15.77357006072998 28.56113052368164,-15.773630142211914 28.56109046936035,-15.773650169372559 28.561019897460938,-15.773670196533203 28.560869216918945,-15.773719787597656 28.56068992614746,-15.773759841918945 28.56053924560547,-15.77377986907959 28.560359954833984,-15.773810386657715 28.5601806640625,-15.773870468139648 28.55998992919922,-15.773870468139648 28.559770584106445,-15.773889541625977 28.55954933166504,-15.773850440979004 28.55929946899414,-15.77383041381836 28.55915069580078,-15.773920059204102 28.558929443359375,-15.77400016784668 28.558780670166016,-15.774009704589844 28.558639526367188,-15.774109840393066 28.55845069885254,-15.774160385131836 28.558380126953125,-15.77418041229248 28.558340072631836,-15.77418041229248 28.558269500732422,-15.774200439453125 28.55816078186035,-15.774250030517578 28.55801010131836,-15.774230003356934 28.557830810546875,-15.77422046661377 28.557680130004883,-15.774160385131836 28.557540893554688,-15.774140357971191 28.557430267333984,-15.774160385131836 28.557279586791992,-15.77418041229248 28.557100296020508,-15.774250030517578 28.556949615478516,-15.774330139160156 28.556949615478516,-15.774530410766602 28.556949615478516,-15.7747802734375 28.556909561157227,-15.775039672851562 28.556730270385742,-15.775239944458008 28.556549072265625,-15.775480270385742 28.556360244750977,-15.775699615478516 28.556110382080078,-15.775830268859863 28.555889129638672,-15.776029586791992 28.555700302124023,-15.776249885559082 28.55562973022461,-15.776510238647461 28.555559158325195,-15.77676010131836 28.555450439453125,-15.777000427246094 28.555299758911133,-15.777239799499512 28.55514907836914,-15.777520179748535 28.554969787597656,-15.777739524841309 28.554710388183594,-15.77791976928711 28.554489135742188,-15.778050422668457 28.55419921875,-15.778070449829102 28.55405044555664,-15.777850151062012 28.553869247436523,-15.777609825134277 28.55368995666504,-15.777420043945312 28.55360984802246,-15.77737045288086 28.55360984802246,-15.777350425720215 28.55360984802246,-15.77737045288086 28.553539276123047,-15.777350425720215 28.553470611572266,-15.777350425720215 28.553430557250977,-15.777389526367188 28.553430557250977,-15.777460098266602 28.553390502929688,-15.7775297164917 28.553390502929688,-15.777609825134277 28.553470611572266,-15.777660369873047 28.553499221801758,-15.777700424194336 28.553499221801758,-15.77772045135498 28.553499221801758,-15.777700424194336 28.553499221801758,-15.77772045135498 28.553539276123047,-15.777739524841309 28.553579330444336,-15.777850151062012 28.553499221801758,-15.777959823608398 28.553359985351562,-15.778070449829102 28.55320930480957,-15.778209686279297 28.55306053161621,-15.778249740600586 28.552879333496094,-15.778289794921875 28.552839279174805,-15.778470039367676 28.552879333496094,-15.778619766235352 28.552839279174805,-15.778759956359863 28.552879333496094,-15.778889656066895 28.552989959716797,-15.778980255126953 28.5531005859375,-15.77908992767334 28.55316925048828,-15.779219627380371 28.55320930480957,-15.779399871826172 28.553279876708984,-15.779609680175781 28.553359985351562,-15.779769897460938 28.553279876708984,-15.779950141906738 28.55316925048828,-15.780099868774414 28.55306053161621,-15.78024959564209 28.55316925048828,-15.780340194702148 28.553390502929688,-15.780409812927246 28.553579330444336,-15.780599594116211 28.55364990234375,-15.780850410461426 28.553760528564453,-15.781089782714844 28.55360984802246,-15.781310081481934 28.553499221801758,-15.781570434570312 28.553319931030273,-15.781769752502441 28.55320930480957,-15.782059669494629 28.553030014038086,-15.782340049743652 28.553030014038086,-15.782580375671387 28.553319931030273,-15.782520294189453 28.553470611572266,-15.782739639282227 28.553470611572266,-15.783049583435059 28.553539276123047,-15.783269882202148 28.553720474243164,-15.783160209655762 28.553869247436523,-15.782910346984863 28.55405044555664,-15.782779693603516 28.55419921875,-15.782699584960938 28.554349899291992,-15.78262996673584 28.554460525512695,-15.782469749450684 28.554489135742188,-15.782299995422363 28.554569244384766,-15.782139778137207 28.554710388183594,-15.782139778137207 28.554819107055664,-15.78225040435791 28.554899215698242,-15.782389640808105 28.554899215698242,-15.782540321350098 28.554899215698242,-15.782690048217773 28.555009841918945,-15.782759666442871 28.55514907836914,-15.782779693603516 28.555370330810547,-15.782719612121582 28.555519104003906,-15.782690048217773 28.5556697845459,-15.782699584960938 28.555889129638672,-15.782759666442871 28.55607032775879,-15.782870292663574 28.55617904663086,-15.78302001953125 28.55617904663086,-15.783160209655762 28.556110382080078,-15.78335952758789 28.555959701538086,-15.783470153808594 28.5557804107666,-15.783550262451172 28.555700302124023,-15.783709526062012 28.5557804107666,-15.783929824829102 28.555740356445312,-15.784130096435547 28.55562973022461,-15.784319877624512 28.555700302124023,-15.784460067749023 28.555700302124023,-15.784629821777344 28.555740356445312,-15.78477954864502 28.555849075317383,-15.784870147705078 28.5560302734375,-15.784919738769531 28.55621910095215,-15.78499984741211 28.556440353393555,-15.785030364990234 28.55661964416504,-15.785120010375977 28.556690216064453,-15.785269737243652 28.556659698486328,-15.785470008850098 28.556659698486328,-15.785710334777832 28.556690216064453,-15.785929679870605 28.556800842285156,-15.786100387573242 28.556880950927734,-15.786259651184082 28.556840896606445,-15.786299705505371 28.556840896606445,-15.786319732666016 28.556730270385742,-15.786430358886719 28.556690216064453,-15.786569595336914 28.55677032470703,-15.78676986694336 28.556909561157227,-15.786979675292969 28.556989669799805,-15.787220001220703 28.55706024169922,-15.787469863891602 28.557170867919922,-15.787690162658691 28.55731964111328,-15.787879943847656 28.55746078491211,-15.788020133972168 28.55756950378418,-15.788169860839844 28.55756950378418,-15.788350105285645 28.557680130004883,-15.78849983215332 28.557720184326172,-15.78853988647461 28.557790756225586,-15.788570404052734 28.557790756225586,-15.788590431213379 28.557830810546875,-15.788610458374023 28.557870864868164,-15.788629531860352 28.557899475097656,-15.788640022277832 28.557979583740234,-15.78872013092041 28.557979583740234,-15.788809776306152 28.557870864868164,-15.788880348205566 28.557649612426758,-15.788960456848145 28.557430267333984,-15.789139747619629 28.557540893554688,-15.789380073547363 28.557790756225586,-15.789469718933105 28.557979583740234,-15.78954029083252 28.55816078186035,-15.789600372314453 28.558120727539062,-15.789779663085938 28.557870864868164,-15.78989028930664 28.557680130004883,-15.79008960723877 28.55756950378418,-15.790329933166504 28.557430267333984,-15.790510177612305 28.557170867919922,-15.790630340576172 28.556909561157227,-15.790809631347656 28.556659698486328,-15.790989875793457 28.55647087097168,-15.791210174560547 28.556440353393555,-15.791449546813965 28.55632972717285,-15.791600227355957 28.55632972717285,-15.79164981842041 28.556289672851562,-15.7916898727417 28.556249618530273,-15.791709899902344 28.55621910095215,-15.791780471801758 28.55617904663086,-15.791799545288086 28.55621910095215,-15.791799545288086 28.55621910095215,-15.791780471801758 28.55621910095215,-15.791799545288086 28.55617904663086,-15.791799545288086 28.55617904663086,-15.79181957244873 28.556110382080078,-15.791910171508789 28.5560302734375,-15.791999816894531 28.555919647216797,-15.79209041595459 28.555849075317383,-15.792180061340332 28.555810928344727,-15.79226016998291 28.555740356445312,-15.792309761047363 28.5556697845459,-15.792369842529297 28.55562973022461,-15.792389869689941 28.55558967590332,-15.792400360107422 28.555559158325195,-15.792400360107422 28.555519104003906,-15.792420387268066 28.555450439453125,-15.792440414428711 28.555370330810547,-15.792440414428711 28.555299758911133,-15.792440414428711 28.555259704589844,-15.792460441589355 28.55522918701172,-15.792460441589355 28.55514907836914,-15.792460441589355 28.55512046813965,-15.792460441589355 28.55504035949707,-15.792460441589355 28.554969787597656,-15.79248046875 28.554899215698242,-15.792499542236328 28.554819107055664,-15.792499542236328 28.554750442504883,-15.792499542236328 28.55467987060547,-15.792499542236328 28.55463981628418,-15.792499542236328 28.554529190063477,-15.79248046875 28.554489135742188,-15.792460441589355 28.554380416870117,-15.792460441589355 28.554269790649414,-15.792499542236328 28.55415916442871,-15.792499542236328 28.55409049987793,-15.792460441589355 28.55405044555664,-15.792460441589355 28.55405044555664,-15.792440414428711 28.554019927978516,-15.792440414428711 28.553939819335938,-15.792400360107422 28.553909301757812,-15.792389869689941 28.553909301757812,-15.792369842529297 28.553909301757812,-15.792349815368652 28.553869247436523,-15.792349815368652 28.553829193115234,-15.792309761047363 28.553800582885742,-15.792280197143555 28.553720474243164,-15.79226016998291 28.55364990234375,-15.792280197143555 28.55360984802246,-15.79226016998291 28.553539276123047,-15.792200088500977 28.553539276123047,-15.792180061340332 28.553539276123047,-15.792160034179688 28.553499221801758,-15.792149543762207 28.553470611572266,-15.792110443115234 28.553390502929688,-15.792070388793945 28.553359985351562,-15.792059898376465 28.553319931030273,-15.79203987121582 28.553319931030273,-15.792019844055176 28.553279876708984,-15.791999816894531 28.553279876708984,-15.791979789733887 28.55320930480957,-15.791930198669434 28.55314064025879,-15.7918701171875 28.55314064025879,-15.791850090026855 28.5531005859375,-15.791799545288086 28.5531005859375,-15.791780471801758 28.553030014038086,-15.791709899902344 28.552989959716797,-15.791669845581055 28.552989959716797,-15.79164981842041 28.552919387817383,-15.791580200195312 28.552879333496094,-15.791560173034668 28.552810668945312,-15.791500091552734 28.552810668945312,-15.791489601135254 28.552730560302734,-15.791430473327637 28.55270004272461,-15.791359901428223 28.55261993408203,-15.791299819946289 28.552549362182617,-15.791230201721191 28.552480697631836,-15.791170120239258 28.552440643310547,-15.791170120239258 28.552289962768555,-15.791099548339844 28.55211067199707,-15.790989875793457 28.551929473876953,-15.790860176086426 28.551780700683594,-15.790789604187012 28.5516300201416,-15.79069995880127 28.5515193939209,-15.790630340576172 28.551380157470703,-15.79053020477295 28.55126953125,-15.79043960571289 28.551189422607422,-15.790329933166504 28.55112075805664,-15.790260314941406 28.551010131835938,-15.790169715881348 28.550939559936523,-15.79008960723877 28.550830841064453,-15.790040016174316 28.550830841064453,-15.790019989013672 28.550790786743164,-15.789979934692383 28.55072021484375,-15.789910316467285 28.550609588623047,-15.789839744567871 28.550500869750977,-15.789779663085938 28.550460815429688,-15.78971004486084 28.5504207611084,-15.789690017700195 28.5504207611084,-15.789629936218262 28.550350189208984,-15.789560317993164 28.550310134887695,-15.789429664611816 28.55027961730957,-15.789270401000977 28.55027961730957,-15.78909969329834 28.55027961730957,-15.7889404296875 28.55027961730957,-15.7887601852417 28.55027961730957,-15.78853988647461 28.55027961730957,-15.788370132446289 28.550310134887695,-15.788189888000488 28.55023956298828,-15.788020133972168 28.550060272216797,-15.787890434265137 28.549869537353516,-15.787839889526367 28.54969024658203,-15.787859916687012 28.549509048461914,-15.787910461425781 28.549360275268555,-15.787980079650879 28.54924964904785,-15.788040161132812 28.549100875854492,-15.788060188293457 28.54899024963379,-15.78810977935791 28.548959732055664,-15.788129806518555 28.548919677734375,-15.788129806518555 28.548879623413086,-15.7881498336792 28.548770904541016,-15.7881498336792 28.54874038696289,-15.7881498336792 28.548660278320312,-15.788169860839844 28.548629760742188,-15.788220405578613 28.548629760742188,-15.788240432739258 28.548629760742188,-15.78827953338623 28.548629760742188,-15.788299560546875 28.5485897064209,-15.788299560546875 28.5485897064209,-15.788310050964355 28.548519134521484,-15.788430213928223 28.54844093322754,-15.788479804992676 28.548370361328125,-15.78849983215332 28.548330307006836,-15.788519859313965 28.54829978942871,-15.788519859313965 28.548219680786133,-15.78855037689209 28.54814910888672,-15.788590431213379 28.54810905456543,-15.788610458374023 28.548080444335938,-15.788640022277832 28.54804039001465,-15.788660049438477 28.547929763793945,-15.788740158081055 28.54785919189453,-15.788789749145508 28.54785919189453,-15.788809776306152 28.547819137573242,-15.788829803466797 28.547779083251953,-15.788849830627441 28.547710418701172,-15.788869857788086 28.547670364379883,-15.788880348205566 28.547639846801758,-15.788880348205566 28.547420501708984,-15.788849830627441 28.547199249267578,-15.788740158081055 28.546899795532227,-15.788610458374023 28.546829223632812,-15.78855037689209 28.546539306640625,-15.78849983215332 28.546279907226562,-15.788430213928223 28.545909881591797,-15.788330078125 28.54561996459961,-15.788260459899902 28.545330047607422,-15.788129806518555 28.544960021972656,-15.788020133972168 28.54463005065918,-15.787890434265137 28.544370651245117,-15.78792953491211 28.544189453125,-15.787949562072754 28.54414939880371,-15.78792953491211 28.54408073425293,-15.787969589233398 28.544010162353516,-15.788060188293457 28.543930053710938,-15.7881498336792 28.543859481811523,-15.788209915161133 28.543750762939453,-15.788209915161133 28.54360008239746,-15.788189888000488 28.543310165405273,-15.788129806518555 28.543020248413086,-15.78810977935791 28.542800903320312,-15.788040161132812 28.54261016845703,-15.787980079650879 28.542470932006836,-15.787910461425781 28.542320251464844,-15.787859916687012 28.542139053344727,-15.787759780883789 28.541990280151367,-15.78773021697998 28.54180908203125,-15.787599563598633 28.5415096282959,-15.787489891052246 28.54121971130371,-15.78734016418457 28.541030883789062,-15.787229537963867 28.541030883789062,-15.787249565124512 28.541000366210938,-15.787249565124512 28.541000366210938,-15.787269592285156 28.541030883789062,-15.787269592285156 28.541030883789062,-15.787249565124512 28.54107093811035,-15.787269592285156 28.54107093811035,-15.787249565124512 28.541030883789062,-15.787229537963867 28.541030883789062,-15.787249565124512 28.54107093811035,-15.787249565124512 28.541030883789062,-15.787229537963867 28.541030883789062,-15.787249565124512 28.541000366210938,-15.787249565124512 28.541030883789062,-15.787249565124512 28.541000366210938,-15.787249565124512 28.541000366210938,-15.787229537963867 28.54096031188965,-15.787220001220703 28.540849685668945,-15.78715991973877 28.540739059448242,-15.78711986541748 28.540599822998047,-15.787070274353027 28.540489196777344,-15.787010192871094 28.540340423583984,-15.786959648132324 28.540189743041992,-15.786919593811035 28.5400390625,-15.786849975585938 28.539859771728516,-15.78674030303955 28.539640426635742,-15.786660194396973 28.539459228515625,-15.786609649658203 28.539199829101562,-15.786609649658203 28.53898048400879,-15.786629676818848 28.538799285888672,-15.786589622497559 28.5386905670166,-15.78656005859375 28.53853988647461,-15.786479949951172 28.538360595703125,-15.786410331726074 28.538179397583008,-15.786319732666016 28.53799057006836,-15.786259651184082 28.53784942626953,-15.786210060119629 28.537700653076172,-15.78617000579834 28.537519454956055,-15.786190032958984 28.537330627441406,-15.786259651184082 28.537220001220703,-15.786299705505371 28.537080764770508,-15.786299705505371 28.536930084228516,-15.786330223083496 28.53675079345703,-15.786370277404785 28.53656005859375,-15.78639030456543 28.536380767822266,-15.786459922790527 28.53619956970215,-15.786459922790527 28.5360107421875,-15.786499977111816 28.535869598388672,-15.786520004272461 28.535829544067383,-15.786520004272461 28.535789489746094,-15.786520004272461 28.535829544067383,-15.786520004272461 28.535789489746094,-15.786520004272461 28.5357608795166,-15.786540031433105 28.535720825195312,-15.78656005859375 28.535640716552734,-15.786569595336914 28.53557014465332,-15.786629676818848 28.535539627075195,-15.786660194396973 28.535499572753906,-15.786720275878906 28.535459518432617,-15.786760330200195 28.535459518432617,-15.78676986694336 28.535280227661133,-15.786870002746582 28.53512954711914,-15.786919593811035 28.534910202026367,-15.786979675292969 28.534730911254883,-15.786959648132324 28.534509658813477,-15.78689956665039 28.534290313720703,-15.786890029907227 28.534069061279297,-15.786829948425293 28.533809661865234,-15.786809921264648 28.53359031677246,-15.786760330200195 28.533369064331055,-15.786700248718262 28.53318977355957,-15.786589622497559 28.53289031982422,-15.786479949951172 28.532669067382812,-15.786410331726074 28.532489776611328,-15.786299705505371 28.532270431518555,-15.786190032958984 28.53215980529785,-15.78612995147705 28.53215980529785,-15.786109924316406 28.53215980529785,-15.78612995147705 28.53215980529785,-15.786109924316406 28.532129287719727,-15.786109924316406 28.53215980529785,-15.786100387573242 28.53215980529785,-15.786109924316406 28.53215980529785,-15.78612995147705 28.532129287719727,-15.78612995147705 28.532129287719727,-15.786109924316406 28.53215980529785,-15.786109924316406 28.53215980529785,-15.78612995147705 28.532129287719727,-15.786109924316406 28.53200912475586,-15.786040306091309 28.53190040588379,-15.785969734191895 28.53175926208496,-15.785909652709961 28.531679153442383,-15.785820007324219 28.531570434570312,-15.785710334777832 28.531429290771484,-15.785639762878418 28.531240463256836,-15.785510063171387 28.531099319458008,-15.785400390625 28.53091049194336,-15.785329818725586 28.53076934814453,-15.785269737243652 28.53066062927246,-15.785200119018555 28.530620574951172,-15.785160064697266 28.530550003051758,-15.785110473632812 28.53046989440918,-15.785070419311523 28.53046989440918,-15.785050392150879 28.53046989440918,-15.785030364990234 28.530399322509766,-15.784919738769531 28.530330657958984,-15.78477954864502 28.530250549316406,-15.7846097946167 28.530179977416992,-15.784429550170898 28.53006935119629,-15.784259796142578 28.52996063232422,-15.784099578857422 28.529850006103516,-15.78396987915039 28.529739379882812,-15.78384017944336 28.529560089111328,-15.783690452575684 28.529449462890625,-15.783510208129883 28.529300689697266,-15.78335952758789 28.52923011779785,-15.783180236816406 28.529190063476562,-15.782999992370605 28.529340744018555,-15.78281021118164 28.529409408569336,-15.782759666442871 28.529380798339844,-15.782759666442871 28.529380798339844,-15.782779693603516 28.529380798339844,-15.782759666442871 28.529409408569336,-15.782759666442871 28.529380798339844,-15.782759666442871 28.529380798339844,-15.782739639282227 28.529380798339844,-15.782759666442871 28.529380798339844,-15.782779693603516 28.529380798339844,-15.782759666442871 28.529380798339844,-15.782739639282227 28.529409408569336,-15.782719612121582 28.529409408569336,-15.782699584960938 28.52947998046875,-15.782609939575195 28.529560089111328,-15.782520294189453 28.52971076965332,-15.782489776611328 28.529809951782227,-15.782429695129395 28.52992057800293,-15.782340049743652 28.52992057800293,-15.782299995422363 28.52996063232422,-15.78225040435791 28.530000686645508,-15.782210350036621 28.53006935119629,-15.782170295715332 28.530109405517578,-15.782150268554688 28.530139923095703,-15.782139778137207 28.530139923095703,-15.782119750976562 28.530179977416992,-15.782079696655273 28.53022003173828,-15.782079696655273 28.530290603637695,-15.782139778137207 28.530330657958984,-15.782210350036621 28.530330657958984,-15.782299995422363 28.530330657958984,-15.782320022583008 28.530330657958984,-15.782360076904297 28.530290603637695,-15.782489776611328 28.530330657958984,-15.78258991241455 28.530359268188477,-15.78258991241455 28.53050994873047,-15.78258991241455 28.53066062927246,-15.782500267028809 28.53076934814453,-15.782340049743652 28.530839920043945,-15.782210350036621 28.530839920043945,-15.782059669494629 28.530839920043945,-15.781990051269531 28.530839920043945,-15.781970024108887 28.530879974365234,-15.781970024108887 28.530839920043945,-15.781990051269531 28.53080940246582,-15.781990051269531 28.530839920043945,-15.781990051269531 28.530839920043945,-15.781920433044434 28.530839920043945,-15.781900405883789 28.530839920043945,-15.78180980682373 28.530839920043945,-15.781709671020508 28.53080940246582,-15.781599998474121 28.53076934814453,-15.781510353088379 28.530729293823242,-15.781399726867676 28.530689239501953,-15.781330108642578 28.530689239501953,-15.781310081481934 28.53066062927246,-15.781200408935547 28.530550003051758,-15.7810697555542 28.530620574951172,-15.780909538269043 28.530689239501953,-15.780779838562012 28.53076934814453,-15.780670166015625 28.530839920043945,-15.780540466308594 28.53091049194336,-15.780409812927246 28.53095054626465,-15.780280113220215 28.530990600585938,-15.780170440673828 28.530990600585938,-15.780030250549316 28.530990600585938,-15.779899597167969 28.53095054626465,-15.779769897460938 28.53095054626465,-15.779680252075195 28.530879974365234,-15.779569625854492 28.53080940246582,-15.779459953308105 28.53080940246582,-15.779439926147461 28.53080940246582,-15.779459953308105 28.53076934814453,-15.779439926147461 28.530729293823242,-15.779419898986816 28.530620574951172,-15.779370307922363 28.53050994873047,-15.779279708862305 28.530439376831055,-15.779170036315918 28.530399322509766,-15.77908992767334 28.530399322509766,-15.779040336608887 28.530359268188477,-15.779000282287598 28.530330657958984,-15.778960227966309 28.530250549316406,-15.778889656066895 28.530250549316406,-15.778759956359863 28.530290603637695,-15.778650283813477 28.530250549316406,-15.778519630432129 28.53022003173828,-15.778380393981934 28.530290603637695,-15.778229713439941 28.530330657958984,-15.778120040893555 28.530399322509766,-15.777990341186523 28.530439376831055,-15.777859687805176 28.53050994873047,-15.777739524841309 28.530550003051758,-15.777589797973633 28.530580520629883,-15.777440071105957 28.530620574951172,-15.777299880981445 28.530620574951172,-15.777130126953125 28.53066062927246,-15.77698040008545 28.530689239501953,-15.776909828186035 28.530689239501953,-15.776869773864746 28.530729293823242,-15.776749610900879 28.530839920043945,-15.776689529418945 28.530990600585938,-15.776639938354492 28.531099319458008,-15.776639938354492 28.531139373779297,-15.776639938354492 28.531139373779297,-15.776650428771973 28.531169891357422,-15.776650428771973 28.53120994567871,-15.776650428771973 28.531280517578125,-15.77670955657959 28.531320571899414,-15.776749610900879 28.531349182128906,-15.77676010131836 28.531389236450195,-15.776729583740234 28.5314998626709,-15.77670955657959 28.531570434570312,-15.776689529418945 28.53165054321289,-15.776670455932617 28.531679153442383,-15.776650428771973 28.531719207763672,-15.776650428771973 28.53175926208496,-15.776670455932617 28.53179931640625,-15.776689529418945 28.531829833984375,-15.776689529418945 28.53190040588379,-15.77670955657959 28.531980514526367,-15.77670955657959 28.53200912475586,-15.776729583740234 28.53204917907715,-15.776729583740234 28.532089233398438,-15.776729583740234 28.53215980529785,-15.77670955657959 28.532230377197266,-15.77670955657959 28.532270431518555,-15.776729583740234 28.532339096069336,-15.77676010131836 28.532379150390625,-15.776780128479004 28.532419204711914,-15.776800155639648 28.532419204711914,-15.776840209960938 28.532419204711914,-15.776860237121582 28.532419204711914,-15.776840209960938 28.532419204711914,-15.776820182800293 28.532459259033203,-15.776820182800293 28.532459259033203,-15.776840209960938 28.532459259033203,-15.776820182800293 28.532419204711914,-15.776820182800293 28.532459259033203,-15.776820182800293 28.532459259033203,-15.776840209960938 28.532419204711914,-15.776840209960938 28.532459259033203,-15.776820182800293 28.532459259033203,-15.776800155639648 28.532459259033203,-15.776820182800293 28.532459259033203,-15.776840209960938 28.532459259033203,-15.776820182800293 28.532419204711914,-15.776820182800293 28.532419204711914,-15.776840209960938 28.532459259033203,-15.776840209960938 28.532419204711914,-15.776860237121582 28.532459259033203,-15.776840209960938 28.532459259033203,-15.776820182800293 28.532419204711914,-15.776820182800293 28.532419204711914,-15.776840209960938 28.532459259033203,-15.776840209960938 28.532419204711914,-15.776840209960938 28.532459259033203,-15.776840209960938 28.532459259033203,-15.776860237121582 28.532419204711914,-15.776860237121582 28.532459259033203,-15.776860237121582 28.532459259033203,-15.776840209960938 28.532419204711914,-15.776840209960938 28.532459259033203,-15.776820182800293 28.532459259033203,-15.776840209960938 28.532459259033203,-15.776820182800293 28.532419204711914,-15.776820182800293 28.532459259033203,-15.776820182800293 28.532459259033203,-15.776840209960938 28.532459259033203,-15.776820182800293 28.532419204711914,-15.776840209960938 28.532419204711914,-15.776820182800293 28.532459259033203,-15.776820182800293 28.532459259033203,-15.776840209960938 28.532419204711914,-15.776820182800293 28.532459259033203,-15.776820182800293 28.532419204711914,-15.776820182800293 28.532419204711914,-15.776800155639648 28.532459259033203,-15.776820182800293 28.532459259033203,-15.776800155639648 28.532459259033203,-15.776780128479004 28.532459259033203,-15.776800155639648 28.532459259033203,-15.776820182800293 28.532419204711914,-15.776820182800293 28.532419204711914,-15.776840209960938 28.532419204711914,-15.776820182800293 28.532419204711914,-15.776800155639648 28.532379150390625,-15.776820182800293 28.532379150390625,-15.776840209960938 28.532379150390625,-15.776820182800293 28.532379150390625,-15.776840209960938 28.532310485839844,-15.776869773864746 28.532310485839844,-15.77692985534668 28.532310485839844,-15.776949882507324 28.532270431518555,-15.77698040008545 28.532270431518555,-15.777020454406738 28.532230377197266,-15.777059555053711 28.53219985961914,-15.77711009979248 28.53215980529785,-15.777170181274414 28.532129287719727,-15.777219772338867 28.532089233398438,-15.7772798538208 28.53204917907715,-15.77733039855957 28.531980514526367,-15.777409553527832 28.531980514526367,-15.777420043945312 28.531980514526367,-15.777440071105957 28.531940460205078,-15.777460098266602 28.531869888305664,-15.7775297164917 28.531869888305664,-15.777549743652344 28.531829833984375,-15.777589797973633 28.53175926208496,-15.777629852294922 28.531719207763672,-15.777680397033691 28.53165054321289,-15.777700424194336 28.53165054321289,-15.77772045135498 28.531570434570312,-15.777770042419434 28.531570434570312,-15.777790069580078 28.531570434570312,-15.777810096740723 28.531539916992188,-15.777830123901367 28.531429290771484,-15.77787971496582 28.531389236450195,-15.777959823608398 28.531320571899414,-15.778050422668457 28.531320571899414,-15.778160095214844 28.531280517578125,-15.778229713439941 28.53120994567871,-15.7783203125 28.53120994567871,-15.778340339660645 28.531169891357422,-15.778340339660645 28.531169891357422,-15.778360366821289 28.531139373779297,-15.778380393981934 28.531139373779297,-15.778400421142578 28.531139373779297,-15.778380393981934 28.531099319458008,-15.778400421142578 28.531099319458008,-15.778409957885742 28.53105926513672,-15.778450012207031 28.53105926513672,-15.778470039367676 28.531099319458008,-15.778470039367676 28.53105926513672,-15.778470039367676 28.53105926513672,-15.778450012207031 28.53105926513672,-15.778470039367676 28.53105926513672,-15.77849006652832 28.531099319458008,-15.778470039367676 28.531099319458008,-15.778510093688965 28.531099319458008,-15.778519630432129 28.531099319458008,-15.778510093688965 28.531099319458008,-15.778519630432129 28.531099319458008,-15.778539657592773 28.531099319458008,-15.778519630432129 28.531099319458008,-15.778510093688965 28.531099319458008,-15.778519630432129 28.531099319458008,-15.778510093688965 28.531099319458008,-15.77849006652832 28.53105926513672,-15.778510093688965 28.531099319458008,-15.778510093688965 28.531099319458008,-15.778519630432129 28.531139373779297,-15.778519630432129 28.531099319458008,-15.778539657592773 28.531099319458008,-15.778519630432129 28.531099319458008,-15.778510093688965 28.531099319458008,-15.778519630432129 28.53105926513672,-15.778559684753418 28.53101921081543,-15.778599739074707 28.53101921081543,-15.778619766235352 28.53105926513672,-15.778599739074707 28.53101921081543,-15.778599739074707 28.53101921081543,-15.778559684753418 28.53101921081543,-15.778619766235352 28.53101921081543,-15.778630256652832 28.530990600585938,-15.778650283813477 28.530990600585938,-15.778670310974121 28.530990600585938,-15.778690338134766 28.530990600585938,-15.77871036529541 28.53095054626465,-15.77871036529541 28.53095054626465,-15.778730392456055 28.53091049194336,-15.778739929199219 28.53091049194336,-15.778759956359863 28.53091049194336,-15.778800010681152 28.530879974365234,-15.778849601745605 28.530879974365234,-15.778909683227539 28.530879974365234,-15.778949737548828 28.530879974365234,-15.778960227966309 28.530879974365234,-15.77908992767334 28.530839920043945,-15.779199600219727 28.530839920043945,-15.77925968170166 28.530839920043945,-15.779399871826172 28.530839920043945,-15.779509544372559 28.530839920043945,-15.779500007629395 28.530879974365234,-15.779529571533203 28.53095054626465,-15.779720306396484 28.53095054626465,-15.779919624328613 28.53091049194336,-15.780139923095703 28.53091049194336,-15.78030014038086 28.53091049194336,-15.78042984008789 28.53080940246582,-15.780599594116211 28.530689239501953,-15.7808198928833 28.530550003051758,-15.781089782714844 28.530689239501953,-15.781290054321289 28.53076934814453,-15.781530380249023 28.530839920043945,-15.781789779663086 28.530839920043945,-15.781949996948242 28.530879974365234,-15.782230377197266 28.53076934814453,-15.782369613647461 28.53066062927246,-15.782500267028809 28.53066062927246,-15.782520294189453 28.530620574951172,-15.782520294189453 28.530620574951172,-15.782500267028809 28.530620574951172,-15.782520294189453 28.530620574951172,-15.782500267028809 28.53066062927246,-15.782500267028809 28.530620574951172,-15.782520294189453 28.53066062927246,-15.782500267028809 28.530620574951172,-15.782540321350098 28.530550003051758,-15.78262996673584 28.53046989440918,-15.782690048217773 28.53046989440918,-15.782699584960938 28.530439376831055,-15.782719612121582 28.530399322509766,-15.782759666442871 28.530359268188477,-15.782759666442871 28.530330657958984,-15.782759666442871 28.530330657958984,-15.782779693603516 28.530330657958984,-15.78279972076416 28.530290603637695,-15.78279972076416 28.530290603637695,-15.78281021118164 28.530250549316406,-15.78285026550293 28.530179977416992,-15.782870292663574 28.530040740966797,-15.782959938049316 28.52992057800293,-15.783029556274414 28.529890060424805,-15.783049583435059 28.529890060424805,-15.783029556274414 28.529850006103516,-15.783049583435059 28.529809951782227,-15.783089637756348 28.5297794342041,-15.783140182495117 28.529739379882812,-15.783180236816406 28.52971076965332,-15.783249855041504 28.52971076965332,-15.78324031829834 28.52971076965332,-15.783249855041504 28.529590606689453,-15.783349990844727 28.529560089111328,-15.783470153808594 28.52952003479004,-15.783550262451172 28.52947998046875,-15.78357982635498 28.52947998046875,-15.783599853515625 28.52947998046875,-15.78361988067627 28.52947998046875,-15.783599853515625 28.529449462890625,-15.78361988067627 28.529449462890625,-15.783639907836914 28.529300689697266,-15.783659934997559 28.529300689697266,-15.783679962158203 28.529260635375977,-15.783690452575684 28.529150009155273,-15.78380012512207 28.52907943725586,-15.783909797668457 28.529050827026367,-15.783929824829102 28.529010772705078,-15.783949851989746 28.528900146484375,-15.78402042388916 28.528860092163086,-15.784040451049805 28.528749465942383,-15.78402042388916 28.528640747070312,-15.784099578857422 28.528640747070312,-15.784119606018066 28.528600692749023,-15.784130096435547 28.5285701751709,-15.784150123596191 28.528459548950195,-15.784170150756836 28.528390884399414,-15.78423023223877 28.528350830078125,-15.784239768981934 28.528200149536133,-15.784299850463867 28.52812957763672,-15.784370422363281 28.52812957763672,-15.784390449523926 28.52812957763672,-15.78441047668457 28.52808952331543,-15.78441047668457 28.52798080444336,-15.784500122070312 28.527870178222656,-15.784589767456055 28.527799606323242,-15.784649848937988 28.527759552001953,-15.784649848937988 28.52773094177246,-15.784669876098633 28.527610778808594,-15.784700393676758 28.52750015258789,-15.784760475158691 28.527360916137695,-15.7847900390625 28.527250289916992,-15.784850120544434 28.527170181274414,-15.784890174865723 28.527170181274414,-15.784870147705078 28.527170181274414,-15.784890174865723 28.527170181274414,-15.784870147705078 28.52713966369629,-15.784890174865723 28.52713966369629,-15.784919738769531 28.527099609375,-15.784979820251465 28.527069091796875,-15.78499984741211 28.527069091796875,-15.785019874572754 28.52699089050293,-15.785070419311523 28.52695083618164,-15.785090446472168 28.526880264282227,-15.785110473632812 28.526840209960938,-15.785090446472168 28.526769638061523,-15.785050392150879 28.526769638061523,-15.785030364990234 28.52659034729004,-15.78499984741211 28.526399612426758,-15.785050392150879 28.526260375976562,-15.785120010375977 28.52614974975586,-15.7852201461792 28.525999069213867,-15.7852201461792 28.525890350341797,-15.785229682922363 28.52570915222168,-15.785269737243652 28.52566909790039,-15.785329818725586 28.525630950927734,-15.78534984588623 28.525630950927734,-15.785360336303711 28.525630950927734,-15.785400390625 28.52566909790039,-15.78555965423584 28.52570915222168,-15.78577995300293 28.525819778442383,-15.78594970703125 28.525850296020508,-15.78594970703125 28.525850296020508,-15.785929679870605 28.525850296020508,-15.78594970703125 28.525850296020508,-15.785969734191895 28.525850296020508,-15.785989761352539 28.525819778442383,-15.786020278930664 28.525850296020508,-15.786020278930664 28.525850296020508,-15.786009788513184 28.525850296020508,-15.786020278930664 28.525930404663086,-15.786149978637695 28.525890350341797,-15.786259651184082 28.525890350341797,-15.786299705505371 28.525850296020508,-15.786319732666016 28.525779724121094,-15.786459922790527 28.52570915222168,-15.786589622497559 28.52566909790039,-15.786760330200195 28.525630950927734,-15.786919593811035 28.52566909790039,-15.787090301513672 28.52560043334961,-15.787229537963867 28.52556037902832,-15.787360191345215 28.52556037902832,-15.78754997253418 28.525489807128906,-15.787710189819336 28.525409698486328,-15.787890434265137 28.525339126586914,-15.788129806518555 28.525339126586914,-15.788169860839844 28.525379180908203,-15.788169860839844 28.525339126586914,-15.7881498336792 28.525379180908203,-15.7881498336792 28.525339126586914,-15.788169860839844 28.525339126586914,-15.788350105285645 28.525339126586914,-15.78855037689209 28.525379180908203,-15.788700103759766 28.525489807128906,-15.788849830627441 28.52556037902832,-15.789070129394531 28.52560043334961,-15.789250373840332 28.52570915222168,-15.789400100708008 28.525739669799805,-15.789649963378906 28.525850296020508,-15.789819717407227 28.525890350341797,-15.789959907531738 28.525890350341797,-15.790169715881348 28.525890350341797,-15.79028034210205 28.525890350341797,-15.790260314941406 28.525890350341797,-15.790240287780762 28.525890350341797,-15.790260314941406 28.525890350341797,-15.79028034210205 28.525850296020508,-15.79028034210205 28.525850296020508,-15.790300369262695 28.525890350341797,-15.790300369262695 28.525890350341797,-15.79028034210205 28.525890350341797,-15.790260314941406 28.525850296020508,-15.79028034210205 28.525850296020508,-15.790300369262695 28.525819778442383,-15.790349960327148 28.525739669799805,-15.790390014648438 28.52566909790039,-15.790419578552246 28.52560043334961,-15.790419578552246 28.52556037902832,-15.79047966003418 28.52552032470703,-15.79047966003418 28.525489807128906,-15.79047966003418 28.525449752807617,-15.79047966003418 28.525409698486328,-15.790459632873535 28.525449752807617,-15.790459632873535 28.525449752807617,-15.79043960571289 28.525409698486328,-15.79043960571289 28.525409698486328,-15.790419578552246 28.525409698486328,-15.790410041809082 28.525299072265625,-15.790349960327148 28.525299072265625,-15.790329933166504 28.525270462036133,-15.790300369262695 28.525190353393555,-15.79028034210205 28.52511978149414,-15.79030990600586 28.525049209594727,-15.790329933166504 28.525049209594727,-15.790349960327148 28.525009155273438,-15.790349960327148 28.52496910095215,-15.790390014648438 28.524940490722656,-15.790390014648438 28.524940490722656,-15.790410041809082 28.524900436401367,-15.79043960571289 28.524829864501953,-15.79043960571289 28.52471923828125,-15.79047966003418 28.52471923828125,-15.790499687194824 28.52467918395996,-15.790590286254883 28.52461051940918,-15.79065990447998 28.52457046508789,-15.790719985961914 28.5245304107666,-15.790740013122559 28.524459838867188,-15.790769577026367 28.5244197845459,-15.790789604187012 28.5244197845459,-15.790809631347656 28.524389266967773,-15.790809631347656 28.524349212646484,-15.790789604187012 28.524280548095703,-15.790789604187012 28.524280548095703,-15.790769577026367 28.524240493774414,-15.790769577026367 28.52412986755371,-15.790769577026367 28.524089813232422,-15.790789604187012 28.524059295654297,-15.790809631347656 28.524019241333008,-15.790809631347656 28.523910522460938,-15.790809631347656 28.52387046813965,-15.790789604187012 28.523839950561523,-15.790769577026367 28.523799896240234,-15.790769577026367 28.523649215698242,-15.790769577026367 28.523540496826172,-15.790740013122559 28.52342987060547,-15.79069995880127 28.523319244384766,-15.790639877319336 28.523319244384766,-15.79065990447998 28.52318000793457,-15.790630340576172 28.52313995361328,-15.790610313415527 28.523099899291992,-15.790610313415527 28.52298927307129,-15.790590286254883 28.52288055419922,-15.790590286254883 28.522850036621094,-15.790590286254883 28.522809982299805,-15.790590286254883 28.52273941040039,-15.790570259094238 28.52259063720703,-15.790610313415527 28.52243995666504,-15.790610313415527 28.522409439086914,-15.790630340576172 28.522409439086914,-15.790639877319336 28.522300720214844,-15.790679931640625 28.52215003967285,-15.790719985961914 28.522079467773438,-15.790719985961914 28.52203941345215,-15.790740013122559 28.521970748901367,-15.790740013122559 28.521820068359375,-15.790719985961914 28.521780014038086,-15.790679931640625 28.521780014038086,-15.79069995880127 28.521780014038086,-15.790719985961914 28.521820068359375,-15.790719985961914 28.521780014038086,-15.790719985961914 28.521780014038086,-15.79069995880127 28.521780014038086,-15.790679931640625 28.521820068359375,-15.79069995880127 28.521780014038086,-15.79069995880127 28.52174949645996,-15.790639877319336 28.52174949645996,-15.790610313415527 28.521709442138672,-15.790550231933594 28.52164077758789,-15.790510177612305 28.5216007232666,-15.790510177612305 28.5216007232666,-15.790499687194824 28.5216007232666,-15.79047966003418 28.5216007232666,-15.790499687194824 28.521560668945312,-15.79053020477295 28.521560668945312,-15.790550231933594 28.521560668945312,-15.790610313415527 28.5216007232666,-15.790630340576172 28.521669387817383,-15.79069995880127 28.521709442138672,-15.790740013122559 28.521709442138672,-15.790769577026367 28.52174949645996,-15.790809631347656 28.52174949645996,-15.7908296585083 28.52174949645996,-15.790840148925781 28.52174949645996,-15.7908296585083 28.521780014038086,-15.790840148925781 28.521820068359375,-15.790969848632812 28.52189064025879,-15.791119575500488 28.521930694580078,-15.791159629821777 28.521930694580078,-15.791190147399902 28.521970748901367,-15.791250228881836 28.521970748901367,-15.791290283203125 28.52199935913086,-15.791319847106934 28.52203941345215,-15.791399955749512 28.522079467773438,-15.791430473327637 28.522079467773438,-15.791449546813965 28.522079467773438,-15.791489601135254 28.522109985351562,-15.791500091552734 28.522109985351562,-15.791520118713379 28.52215003967285,-15.791580200195312 28.52219009399414,-15.791709899902344 28.522260665893555,-15.791830062866211 28.522329330444336,-15.791950225830078 28.522369384765625,-15.79203987121582 28.52243995666504,-15.792149543762207 28.522520065307617,-15.792240142822266 28.52259063720703,-15.792329788208008 28.52259063720703,-15.792349815368652 28.52267074584961,-15.792440414428711 28.52273941040039,-15.792530059814453 28.522769927978516,-15.792590141296387 28.522809982299805,-15.792610168457031 28.522809982299805,-15.792590141296387 28.522769927978516,-15.792590141296387 28.522809982299805,-15.792590141296387 28.522809982299805,-15.792610168457031 28.522809982299805,-15.792619705200195 28.522850036621094,-15.792679786682129 28.522850036621094,-15.792699813842773 28.522920608520508,-15.792770385742188 28.52298927307129,-15.792830467224121 28.523029327392578,-15.79286003112793 28.523069381713867,-15.792900085449219 28.523099899291992,-15.792940139770508 28.52313995361328,-15.792989730834961 28.52318000793457,-15.792989730834961 28.52318000793457,-15.793009757995605 28.523210525512695,-15.79302978515625 28.523250579833984,-15.793049812316895 28.523290634155273,-15.79308032989502 28.523290634155273,-15.793100357055664 28.523319244384766,-15.793120384216309 28.523319244384766,-15.793140411376953 28.523359298706055,-15.793160438537598 28.523399353027344,-15.793169975280762 28.523399353027344,-15.793190002441406 28.523509979248047,-15.793279647827148 28.52362060546875,-15.793379783630371 28.523649215698242,-15.793410301208496 28.523649215698242,-15.79343032836914 28.523799896240234,-15.79347038269043 28.523839950561523,-15.793490409851074 28.523839950561523,-15.79347038269043 28.523839950561523,-15.793490409851074 28.52387046813965,-15.793490409851074 28.523910522460938,-15.793490409851074 28.523950576782227,-15.793499946594238 28.523950576782227,-15.793540000915527 28.52397918701172,-15.793580055236816 28.524019241333008,-15.793609619140625 28.524059295654297,-15.79362964630127 28.524089813232422,-15.793649673461914 28.52412986755371,-15.793669700622559 28.524169921875,-15.793689727783203 28.524200439453125,-15.793689727783203 28.524240493774414,-15.793689727783203 28.524349212646484,-15.793740272521973 28.5244197845459,-15.793780326843262 28.524459838867188,-15.793800354003906 28.524459838867188,-15.793829917907715 28.5245304107666,-15.793869972229004 28.52457046508789,-15.793930053710938 28.52461051940918,-15.793939590454102 28.524639129638672,-15.793959617614746 28.52467918395996,-15.79401969909668 28.524749755859375,-15.794110298156738 28.524829864501953,-15.794179916381836 28.524900436401367,-15.794260025024414 28.52496910095215,-15.794309616088867 28.525009155273438,-15.794349670410156 28.525009155273438,-15.794380187988281 28.52507972717285,-15.79446029663086 28.52515983581543,-15.794509887695312 28.525230407714844,-15.794569969177246 28.525230407714844,-15.79458999633789 28.525299072265625,-15.794659614562988 28.525299072265625,-15.794639587402344 28.525299072265625,-15.794659614562988 28.525299072265625,-15.794679641723633 28.525339126586914,-15.794770240783691 28.525379180908203,-15.794859886169434 28.525379180908203,-15.794899940490723 28.525339126586914,-15.79496955871582 28.525339126586914,-15.79500961303711 28.525339126586914,-15.795029640197754 28.525339126586914,-15.795040130615234 28.525379180908203,-15.795040130615234 28.525339126586914,-15.795100212097168 28.525339126586914,-15.795140266418457 28.525339126586914,-15.795149803161621 28.525379180908203,-15.7952299118042 28.525379180908203,-15.795299530029297 28.525379180908203,-15.795339584350586 28.525409698486328,-15.795339584350586 28.525409698486328,-15.79535961151123 28.525409698486328,-15.795370101928711 28.525449752807617,-15.795390129089355 28.525489807128906,-15.79541015625 28.525489807128906,-15.795430183410645 28.52552032470703,-15.795479774475098 28.52552032470703,-15.795499801635742 28.52556037902832,-15.795559883117676 28.52560043334961,-15.79563045501709 28.525630950927734,-15.795669555664062 28.525630950927734,-15.795700073242188 28.52566909790039,-15.795700073242188 28.52570915222168,-15.795780181884766 28.525739669799805,-15.79580020904541 28.525819778442383,-15.795869827270508 28.525850296020508,-15.795920372009277 28.525890350341797,-15.795940399169922 28.525930404663086,-15.795940399169922 28.52596092224121,-15.795940399169922 28.525999069213867,-15.795940399169922 28.525999069213867,-15.795960426330566 28.526039123535156,-15.795960426330566 28.52606964111328,-15.796019554138184 28.52606964111328,-15.796050071716309 28.52610969543457,-15.796070098876953 28.52606964111328,-15.796050071716309 28.52606964111328,-15.796030044555664 28.52606964111328,-15.796050071716309 28.52610969543457,-15.796070098876953 28.52614974975586,-15.796110153198242 28.526180267333984,-15.796130180358887 28.526260375976562,-15.79613971710205 28.526290893554688,-15.796159744262695 28.526330947875977,-15.79617977142334 28.526369094848633,-15.796199798583984 28.526439666748047,-15.796219825744629 28.526479721069336,-15.796239852905273 28.52651023864746,-15.796250343322754 28.52655029296875,-15.796250343322754 28.52659034729004,-15.796250343322754 28.52659034729004,-15.796239852905273 28.526620864868164,-15.796239852905273 28.526620864868164,-15.796219825744629 28.526660919189453,-15.796239852905273 28.52669906616211,-15.796250343322754 28.526769638061523,-15.796290397644043 28.526769638061523,-15.796310424804688 28.526840209960938,-15.796380043029785 28.526880264282227,-15.796420097351074 28.526880264282227,-15.796440124511719 28.526920318603516,-15.796489715576172 28.52695083618164,-15.796509742736816 28.52699089050293,-15.796600341796875 28.52699089050293,-15.79662036895752 28.52699089050293,-15.796660423278809 28.52703094482422,-15.796689987182617 28.52703094482422,-15.796710014343262 28.52703094482422,-15.796730041503906 28.52703094482422,-15.79675006866455 28.527069091796875,-15.796839714050293 28.527099609375,-15.796879768371582 28.52713966369629,-15.796879768371582 28.52713966369629,-15.796899795532227 28.52713966369629,-15.796930313110352 28.527170181274414,-15.796950340270996 28.527170181274414,-15.796990394592285 28.527170181274414,-15.79697036743164 28.527250289916992,-15.79701042175293 28.527280807495117,-15.797060012817383 28.527280807495117,-15.797080039978027 28.527320861816406,-15.797100067138672 28.527320861816406,-15.797120094299316 28.527320861816406,-15.79712963104248 28.527320861816406,-15.79716968536377 28.527320861816406,-15.797240257263184 28.527320861816406,-15.797300338745117 28.527320861816406,-15.797280311584473 28.527320861816406,-15.797320365905762 28.527320861816406,-15.797300338745117 28.527320861816406,-15.797340393066406 28.527280807495117,-15.797369956970215 28.527280807495117,-15.797450065612793 28.527250289916992,-15.79751968383789 28.527250289916992,-15.79757022857666 28.527280807495117,-15.797650337219238 28.527280807495117,-15.797679901123047 28.527280807495117,-15.797699928283691 28.527280807495117,-15.797719955444336 28.527280807495117,-15.79773998260498 28.527250289916992,-15.797760009765625 28.527250289916992,-15.79778003692627 28.527250289916992,-15.797789573669434 28.527280807495117,-15.797889709472656 28.527280807495117,-15.79800033569336 28.527250289916992,-15.798049926757812 28.527250289916992,-15.798089981079102 28.527210235595703,-15.798139572143555 28.527210235595703,-15.798179626464844 28.527210235595703,-15.798219680786133 28.527210235595703,-15.798290252685547 28.527210235595703,-15.798330307006836 28.527210235595703,-15.798359870910645 28.527250289916992,-15.798419952392578 28.527250289916992,-15.798450469970703 28.527250289916992,-15.798469543457031 28.527280807495117,-15.798489570617676 28.527280807495117,-15.79850959777832 28.527280807495117,-15.798529624938965 28.527280807495117,-15.79856014251709 28.527280807495117,-15.798669815063477 28.527320861816406,-15.79878044128418 28.52739906311035,-15.798859596252441 28.527429580688477,-15.798930168151855 28.527429580688477,-15.7989501953125 28.527429580688477,-15.799099922180176 28.527429580688477,-15.799220085144043 28.52739906311035,-15.799349784851074 28.527469635009766,-15.799440383911133 28.527469635009766,-15.799460411071777 28.527469635009766,-15.799480438232422 28.52750015258789,-15.799610137939453 28.52758026123047,-15.799699783325195 28.527690887451172,-15.79977035522461 28.527799606323242,-15.799830436706543 28.527870178222656,-15.799880027770996 28.527870178222656,-15.79990005493164 28.527910232543945,-15.799920082092285 28.52794075012207,-15.799920082092285 28.52794075012207,-15.79994010925293 28.52798080444336,-15.79994010925293 28.528060913085938,-15.799920082092285 28.52808952331543,-15.799920082092285 28.52812957763672,-15.799920082092285 28.52812957763672,-15.79994010925293 28.528160095214844,-15.79994010925293 28.528160095214844,-15.799960136413574 28.528200149536133,-15.799980163574219 28.528200149536133,-15.799989700317383 28.528240203857422,-15.799989700317383 28.528240203857422,-15.800009727478027 28.528350830078125,-15.800069808959961 28.528390884399414,-15.800069808959961 28.528459548950195,-15.800089836120605 28.52853012084961,-15.80012035369873 28.52853012084961,-15.800140380859375 28.52853012084961,-15.80016040802002 28.5285701751709,-15.800180435180664 28.528640747070312,-15.800230026245117 28.528640747070312,-15.800250053405762 28.528640747070312,-15.800270080566406 28.528640747070312,-15.80029010772705 28.5286808013916,-15.800339698791504 28.5286808013916,-15.80031967163086 28.5286808013916,-15.800359725952148 28.5286808013916,-15.800379753112793 28.5286808013916,-15.800419807434082 28.5286808013916,-15.800470352172852 28.52872085571289,-15.800530433654785 28.52872085571289,-15.80053997039795 28.528749465942383,-15.80053997039795 28.528789520263672,-15.800580024719238 28.528789520263672,-15.800620079040527 28.528820037841797,-15.800649642944336 28.528820037841797,-15.80070972442627 28.528820037841797,-15.800760269165039 28.528900146484375,-15.800840377807617 28.5289306640625,-15.800909996032715 28.529050827026367,-15.800979614257812 28.52911949157715,-15.80105972290039 28.529150009155273,-15.80111026763916 28.529150009155273,-15.801090240478516 28.52911949157715,-15.801090240478516 28.52911949157715,-15.80111026763916 28.529150009155273,-15.80111026763916 28.52911949157715,-15.80111026763916 28.52911949157715,-15.801130294799805 28.529150009155273,-15.80115032196045 28.529150009155273,-15.801170349121094 28.529150009155273,-15.80115032196045 28.529190063476562,-15.801170349121094 28.52923011779785,-15.801239967346191 28.529300689697266,-15.801309585571289 28.529300689697266,-15.801329612731934 28.529340744018555,-15.801349639892578 28.529380798339844,-15.801409721374512 28.529409408569336,-15.801409721374512 28.529409408569336,-15.801420211791992 28.52947998046875,-15.80150032043457 28.529560089111328,-15.801549911499023 28.529590606689453,-15.801569938659668 28.529590606689453,-15.801589965820312 28.529590606689453,-15.801569938659668 28.529630661010742,-15.801569938659668 28.529590606689453,-15.801549911499023 28.529590606689453,-15.801529884338379 28.529630661010742,-15.801529884338379 28.529630661010742,-15.801549911499023 28.529630661010742,-15.801569938659668 28.529630661010742,-15.801589965820312 28.529590606689453,-15.801589965820312 28.529590606689453,-15.801569938659668 28.529590606689453,-15.801549911499023 28.529590606689453,-15.801529884338379 28.529590606689453,-15.801520347595215 28.529590606689453,-15.801529884338379 28.529630661010742,-15.801529884338379 28.529590606689453,-15.801520347595215 28.529590606689453,-15.80150032043457 28.529560089111328,-15.80150032043457 28.529560089111328,-15.801520347595215 28.529590606689453,-15.801520347595215 28.529590606689453,-15.801529884338379 28.529590606689453,-15.801549911499023 28.529590606689453,-15.801529884338379 28.529590606689453,-15.801549911499023 28.529590606689453,-15.801529884338379 28.529590606689453,-15.801549911499023 28.529590606689453,-15.801529884338379 28.529590606689453,-15.801520347595215 28.529590606689453,-15.80150032043457 28.529590606689453,-15.801480293273926 28.529590606689453,-15.801520347595215 28.529590606689453,-15.801529884338379 28.529590606689453,-15.801520347595215 28.529590606689453,-15.801529884338379 28.529590606689453,-15.801520347595215 28.529590606689453,-15.80150032043457 28.529590606689453,-15.801460266113281 28.529630661010742,-15.801460266113281 28.529630661010742,-15.801480293273926 28.529590606689453,-15.80150032043457 28.529560089111328,-15.80150032043457 28.529560089111328,-15.801520347595215 28.529590606689453,-15.801529884338379 28.529590606689453,-15.801549911499023 28.529630661010742,-15.801549911499023 28.52967071533203,-15.801589965820312 28.52971076965332,-15.801609992980957 28.5297794342041,-15.801609992980957 28.529809951782227,-15.801609992980957 28.529890060424805,-15.80165958404541 28.530000686645508,-15.801719665527344 28.530109405517578,-15.801810264587402 28.530179977416992,-15.8018798828125 28.530250549316406,-15.801899909973145 28.530290603637695,-15.801899909973145 28.530290603637695,-15.801919937133789 28.530330657958984,-15.801919937133789 28.530330657958984,-15.801939964294434 28.530359268188477,-15.801939964294434 28.53046989440918,-15.801989555358887 28.530580520629883,-15.80204963684082 28.53066062927246,-15.802140235900879 28.53076934814453,-15.802249908447266 28.53076934814453,-15.80226993560791 28.53080940246582,-15.802300453186035 28.53091049194336,-15.802379608154297 28.53101921081543,-15.802430152893066 28.531099319458008,-15.802510261535645 28.531169891357422,-15.802539825439453 28.53120994567871,-15.802559852600098 28.531280517578125,-15.802619934082031 28.531349182128906,-15.802650451660156 28.531469345092773,-15.802740097045898 28.531570434570312,-15.802820205688477 28.531679153442383,-15.802909851074219 28.531679153442383,-15.802960395812988 28.531679153442383,-15.802980422973633 28.53175926208496,-15.80309009552002 28.53179931640625,-15.80321979522705 28.531829833984375,-15.803330421447754 28.531869888305664,-15.803370475769043 28.53190040588379,-15.803400039672852 28.531980514526367,-15.803420066833496 28.532089233398438,-15.80348014831543 28.53215980529785,-15.803500175476074 28.53219985961914,-15.803509712219238 28.532270431518555,-15.803509712219238 28.532310485839844,-15.803569793701172 28.532339096069336,-15.803620338439941 28.532419204711914,-15.80370044708252 28.532489776611328,-15.803720474243164 28.532529830932617,-15.803720474243164 28.532560348510742,-15.803720474243164 28.53264045715332,-15.803720474243164 28.532669067382812,-15.803730010986328 28.53278923034668,-15.803750038146973 28.532930374145508,-15.803839683532715 28.532930374145508,-15.80385971069336 28.532930374145508,-15.803839683532715 28.532930374145508,-15.80383014678955 28.532970428466797,-15.80385971069336 28.533039093017578,-15.803919792175293 28.533079147338867,-15.803950309753418 28.533119201660156,-15.803950309753418 28.53318977355957,-15.803990364074707 28.533260345458984,-15.804010391235352 28.533369064331055,-15.80405044555664 28.533479690551758,-15.804059982299805 28.533479690551758,-15.80408000946045 28.533519744873047,-15.804059982299805 28.533550262451172,-15.804059982299805 28.53359031677246,-15.804059982299805 28.53363037109375,-15.804059982299805 28.53359031677246,-15.80405044555664 28.53363037109375,-15.804059982299805 28.533660888671875,-15.80408000946045 28.533700942993164,-15.804100036621094 28.53377914428711,-15.804120063781738 28.53377914428711,-15.804160118103027 28.53377914428711,-15.80420970916748 28.533809661865234,-15.80420970916748 28.533849716186523,-15.804229736328125 28.533920288085938,-15.804269790649414 28.533960342407227,-15.804280281066895 28.53403091430664,-15.804360389709473 28.534069061279297,-15.804380416870117 28.534109115600586,-15.804450035095215 28.53413963317871,-15.80447006225586 28.53413963317871,-15.804450035095215 28.53413963317871,-15.80447006225586 28.53413963317871,-15.804490089416504 28.53413963317871,-15.804499626159668 28.53413963317871,-15.804490089416504 28.53413963317871,-15.80447006225586 28.53413963317871,-15.804490089416504 28.53413963317871,-15.80447006225586 28.5341796875,-15.80447006225586 28.53413963317871,-15.80447006225586 28.53413963317871,-15.804450035095215 28.53413963317871,-15.80447006225586 28.53413963317871,-15.804450035095215 28.53413963317871,-15.80443000793457 28.53413963317871,-15.804450035095215 28.53413963317871,-15.80447006225586 28.5341796875,-15.80447006225586 28.5341796875,-15.804450035095215 28.53413963317871,-15.80443000793457 28.53413963317871,-15.804409980773926 28.534109115600586,-15.804409980773926 28.534069061279297,-15.804409980773926 28.534069061279297,-15.80443000793457 28.534109115600586,-15.804409980773926 28.534109115600586,-15.804389953613281 28.534109115600586,-15.804409980773926 28.534069061279297,-15.804409980773926 28.534109115600586,-15.80443000793457 28.53413963317871,-15.80443000793457 28.53413963317871,-15.804409980773926 28.534109115600586,-15.804389953613281 28.534109115600586,-15.804409980773926 28.53413963317871,-15.804389953613281 28.5341796875,-15.804380416870117 28.53413963317871,-15.804389953613281 28.53413963317871,-15.804409980773926 28.53413963317871,-15.80443000793457 28.53413963317871,-15.804409980773926 28.5341796875,-15.804389953613281 28.5341796875,-15.804380416870117 28.5341796875,-15.804389953613281 28.53413963317871,-15.804389953613281 28.53413963317871,-15.804380416870117 28.5341796875,-15.804380416870117 28.5341796875,-15.804389953613281 28.5341796875,-15.804380416870117 28.5341796875,-15.804360389709473 28.5341796875,-15.804300308227539 28.5341796875,-15.804269790649414 28.534210205078125,-15.804120063781738 28.534250259399414,-15.80405044555664 28.534250259399414,-15.804030418395996 28.534290313720703,-15.804010391235352 28.534290313720703,-15.803990364074707 28.534290313720703,-15.803950309753418 28.534360885620117,-15.80385971069336 28.534360885620117,-15.803839683532715 28.534320831298828,-15.803839683532715 28.534320831298828,-15.80385971069336 28.534360885620117,-15.803839683532715 28.534400939941406,-15.803810119628906 28.534469604492188,-15.80370044708252 28.534509658813477,-15.803589820861816 28.534549713134766,-15.803529739379883 28.534549713134766,-15.803500175476074 28.534509658813477,-15.803500175476074 28.534549713134766,-15.803500175476074 28.534549713134766,-15.80348014831543 28.53458023071289,-15.803460121154785 28.53462028503418,-15.80344009399414 28.53476905822754,-15.803370475769043 28.534879684448242,-15.80325984954834 28.53498077392578,-15.803170204162598 28.53502082824707,-15.80309009552002 28.53502082824707,-15.803070068359375 28.53510093688965,-15.802980422973633 28.53512954711914,-15.802960395812988 28.53512954711914,-15.802949905395508 28.53516960144043,-15.802909851074219 28.53516960144043,-15.802929878234863 28.53516960144043,-15.802909851074219 28.53516960144043,-15.802889823913574 28.53512954711914,-15.802889823913574 28.53516960144043,-15.802889823913574 28.53516960144043,-15.802909851074219 28.53512954711914,-15.802909851074219 28.53516960144043,-15.80286979675293 28.53516960144043,-15.802840232849121 28.53516960144043,-15.802800178527832 28.53516960144043,-15.802740097045898 28.53520965576172,-15.802689552307129 28.535240173339844,-15.802650451660156 28.535240173339844,-15.802630424499512 28.535280227661133,-15.802579879760742 28.535280227661133,-15.802539825439453 28.535280227661133,-15.802510261535645 28.535280227661133,-15.802470207214355 28.535310745239258,-15.802450180053711 28.535310745239258,-15.802410125732422 28.535310745239258,-15.802359580993652 28.535310745239258,-15.802339553833008 28.535280227661133,-15.80226993560791 28.535280227661133,-15.802209854125977 28.535280227661133,-15.802160263061523 28.535280227661133,-15.802120208740234 28.535280227661133,-15.802069664001465 28.535310745239258,-15.802069664001465 28.535310745239258,-15.802029609680176 28.535280227661133,-15.802009582519531 28.535280227661133,-15.801989555358887 28.535280227661133,-15.801969528198242 28.535280227661133,-15.801899909973145 28.535280227661133,-15.8018798828125 28.535280227661133,-15.801899909973145 28.535280227661133,-15.8018798828125 28.535310745239258,-15.8018798828125 28.535280227661133,-15.8018798828125 28.535280227661133,-15.801899909973145 28.535280227661133,-15.801939964294434 28.535280227661133,-15.801959991455078 28.535310745239258,-15.801969528198242 28.535310745239258,-15.801939964294434 28.535280227661133,-15.8018798828125 28.535280227661133,-15.801850318908691 28.535240173339844,-15.801830291748047 28.535240173339844,-15.801810264587402 28.535240173339844,-15.801770210266113 28.535240173339844,-15.801790237426758 28.53520965576172,-15.801770210266113 28.535240173339844,-15.801719665527344 28.535240173339844,-15.8016996383667 28.535240173339844,-15.801719665527344 28.53520965576172,-15.8016996383667 28.53520965576172,-15.801639556884766 28.53520965576172,-15.801630020141602 28.53520965576172,-15.801639556884766 28.53516960144043,-15.801609992980957 28.53512954711914,-15.801549911499023 28.53512954711914,-15.801529884338379 28.53512954711914,-15.801520347595215 28.53512954711914,-15.80150032043457 28.53512954711914,-15.801460266113281 28.53512954711914,-15.801480293273926 28.53510093688965,-15.801460266113281 28.53510093688965,-15.801389694213867 28.53510093688965,-15.801309585571289 28.53510093688965,-15.801239967346191 28.53510093688965,-15.801219940185547 28.53510093688965,-15.801190376281738 28.53510093688965,-15.80111026763916 28.53506088256836,-15.801039695739746 28.53506088256836,-15.801019668579102 28.53506088256836,-15.800970077514648 28.53506088256836,-15.80088996887207 28.53510093688965,-15.800869941711426 28.53512954711914,-15.800800323486328 28.53512954711914,-15.800820350646973 28.53512954711914,-15.800840377807617 28.53512954711914,-15.800820350646973 28.53516960144043,-15.800749778747559 28.53516960144043,-15.800689697265625 28.53520965576172,-15.80066967010498 28.53520965576172,-15.800649642944336 28.535240173339844,-15.800640106201172 28.535280227661133,-15.800620079040527 28.535240173339844,-15.800620079040527 28.535280227661133,-15.800620079040527 28.535240173339844,-15.800620079040527 28.535280227661133,-15.800600051879883 28.535310745239258,-15.800559997558594 28.535310745239258,-15.80053997039795 28.535390853881836,-15.80051040649414 28.535430908203125,-15.800450325012207 28.535430908203125,-15.800419807434082 28.535459518432617,-15.800419807434082 28.535499572753906,-15.800359725952148 28.535539627075195,-15.800359725952148 28.53557014465332,-15.80031967163086 28.535539627075195,-15.800270080566406 28.535539627075195,-15.800209999084473 28.535539627075195,-15.800200462341309 28.53557014465332,-15.800180435180664 28.53557014465332,-15.80016040802002 28.53557014465332,-15.80012035369873 28.535539627075195,-15.800089836120605 28.535539627075195,-15.80012035369873 28.53557014465332,-15.80012035369873 28.53561019897461,-15.800089836120605 28.53561019897461,-15.800049781799316 28.535640716552734,-15.800029754638672 28.535640716552734,-15.800009727478027 28.535640716552734,-15.799989700317383 28.53561019897461,-15.799980163574219 28.53561019897461,-15.799989700317383 28.53561019897461,-15.800009727478027 28.53561019897461,-15.799989700317383 28.53557014465332,-15.799989700317383 28.53561019897461,-15.79994010925293 28.53561019897461,-15.799920082092285 28.535640716552734,-15.799869537353516 28.535680770874023,-15.799830436706543 28.5357608795166,-15.799810409545898 28.535789489746094,-15.799790382385254 28.535869598388672,-15.79977035522461 28.535900115966797,-15.79977035522461 28.535940170288086,-15.799759864807129 28.535940170288086,-15.799739837646484 28.535940170288086,-15.799759864807129 28.535940170288086,-15.799739837646484 28.53597068786621,-15.79967975616455 28.53597068786621,-15.799650192260742 28.53605079650879,-15.79955005645752 28.536090850830078,-15.799519538879395 28.53611946105957,-15.799480438232422 28.53611946105957,-15.799460411071777 28.53619956970215,-15.799369812011719 28.536230087280273,-15.799260139465332 28.536300659179688,-15.799150466918945 28.536340713500977,-15.799079895019531 28.536380767822266,-15.798990249633789 28.536380767822266,-15.798970222473145 28.536380767822266,-15.7989501953125 28.536380767822266,-15.798890113830566 28.536449432373047,-15.798839569091797 28.536489486694336,-15.7987699508667 28.536489486694336,-15.798749923706055 28.536489486694336,-15.79872989654541 28.536529541015625,-15.798660278320312 28.53656005859375,-15.79854965209961 28.53656005859375,-15.798469543457031 28.53660011291504,-15.798439979553223 28.536630630493164,-15.79833984375 28.536670684814453,-15.798310279846191 28.536670684814453,-15.798199653625488 28.536670684814453,-15.7981595993042 28.536670684814453,-15.798110008239746 28.536670684814453,-15.798009872436523 28.536710739135742,-15.797900199890137 28.536710739135742,-15.797789573669434 28.536710739135742,-15.79773998260498 28.536710739135742,-15.797670364379883 28.536710739135742,-15.797630310058594 28.53675079345703,-15.797590255737305 28.53675079345703,-15.79757022857666 28.536779403686523,-15.79751968383789 28.536779403686523,-15.797499656677246 28.536819458007812,-15.797479629516602 28.536819458007812,-15.797369956970215 28.536819458007812,-15.797300338745117 28.5368595123291,-15.79716968536377 28.536890029907227,-15.79712963104248 28.5368595123291,-15.797120094299316 28.536819458007812,-15.79712963104248 28.536819458007812,-15.797120094299316 28.5368595123291,-15.797060012817383 28.536819458007812,-15.796990394592285 28.536819458007812,-15.79697036743164 28.536819458007812,-15.796910285949707 28.536819458007812,-15.796899795532227 28.536819458007812,-15.796879768371582 28.536819458007812,-15.796859741210938 28.5368595123291,-15.796770095825195 28.5368595123291,-15.79675006866455 28.5368595123291,-15.796730041503906 28.5368595123291,-15.796710014343262 28.536819458007812,-15.796640396118164 28.536819458007812,-15.79662036895752 28.536819458007812,-15.796600341796875 28.536819458007812,-15.79658031463623 28.536779403686523,-15.796489715576172 28.536819458007812,-15.796440124511719 28.536779403686523,-15.796420097351074 28.536779403686523,-15.79640007019043 28.536819458007812,-15.796380043029785 28.536779403686523,-15.796380043029785 28.536819458007812,-15.796380043029785 28.536819458007812,-15.79640007019043 28.536819458007812,-15.796330451965332 28.5368595123291,-15.796330451965332 28.5368595123291,-15.796270370483398 28.5368595123291,-15.796239852905273 28.536819458007812,-15.796219825744629 28.5368595123291,-15.796219825744629 28.5368595123291,-15.796199798583984 28.536819458007812,-15.79613971710205 28.536779403686523,-15.796070098876953 28.536779403686523,-15.795999526977539 28.536779403686523,-15.795980453491211 28.536779403686523,-15.795960426330566 28.536779403686523,-15.795940399169922 28.536819458007812,-15.795940399169922 28.536779403686523,-15.795940399169922 28.536779403686523,-15.795869827270508 28.536779403686523,-15.795849800109863 28.536779403686523,-15.795740127563477 28.536779403686523,-15.795669555664062 28.536779403686523,-15.79563045501709 28.536779403686523,-15.7955904006958 28.536779403686523,-15.795559883117676 28.536779403686523,-15.795539855957031 28.53675079345703,-15.795519828796387 28.53675079345703,-15.795430183410645 28.536779403686523,-15.795370101928711 28.536779403686523,-15.79535961151123 28.5368595123291,-15.795339584350586 28.5368595123291,-15.795319557189941 28.536930084228516,-15.795299530029297 28.53696060180664,-15.795280456542969 28.53700065612793,-15.795280456542969 28.53700065612793,-15.795260429382324 28.53704071044922,-15.795260429382324 28.537109375,-15.7952299118042 28.537220001220703,-15.795209884643555 28.537260055541992,-15.795169830322266 28.537330627441406,-15.795169830322266 28.537410736083984,-15.795100212097168 28.537479400634766,-15.795080184936523 28.537479400634766,-15.795060157775879 28.537519454956055,-15.795040130615234 28.53754997253418,-15.79500961303711 28.53754997253418,-15.794989585876465 28.53759002685547,-15.794989585876465 28.537620544433594,-15.794949531555176 28.537660598754883,-15.794930458068848 28.537700653076172,-15.794859886169434 28.537700653076172,-15.794839859008789 28.537700653076172,-15.794819831848145 28.537729263305664,-15.794819831848145 28.537729263305664,-15.79481029510498 28.537700653076172,-15.794770240783691 28.537660598754883,-15.794710159301758 28.537660598754883,-15.794699668884277 28.537620544433594,-15.794679641723633 28.53754997253418,-15.794599533081055 28.53754997253418,-15.79458999633789 28.537479400634766,-15.794529914855957 28.537439346313477,-15.794509887695312 28.537439346313477,-15.794489860534668 28.537439346313477,-15.794509887695312 28.537439346313477,-15.794489860534668 28.537439346313477,-15.79446029663086 28.537439346313477,-15.79442024230957 28.537439346313477,-15.794329643249512 28.537439346313477,-15.794219970703125 28.537439346313477,-15.794179916381836 28.537439346313477,-15.794159889221191 28.537439346313477,-15.794150352478027 28.537410736083984,-15.794050216674805 28.537410736083984,-15.79403018951416 28.537439346313477,-15.793939590454102 28.537439346313477,-15.79384994506836 28.537439346313477,-15.79382038116455 28.537439346313477,-15.793780326843262 28.537439346313477,-15.793689727783203 28.537439346313477,-15.793669700622559 28.537439346313477,-15.793649673461914 28.537410736083984,-15.793609619140625 28.537370681762695,-15.793560028076172 28.537370681762695,-15.793540000915527 28.537370681762695,-15.793499946594238 28.537370681762695,-15.79347038269043 28.537370681762695,-15.793450355529785 28.537370681762695,-15.79343032836914 28.537330627441406,-15.793410301208496 28.537330627441406,-15.793359756469727 28.537370681762695,-15.793319702148438 28.537410736083984,-15.793270111083984 28.537439346313477,-15.79321002960205 28.537479400634766,-15.793169975280762 28.53754997253418,-15.793160438537598 28.53759002685547,-15.793120384216309 28.537620544433594,-15.793060302734375 28.537660598754883,-15.79302978515625 28.537700653076172,-15.792989730834961 28.537700653076172,-15.792969703674316 28.537700653076172,-15.792940139770508 28.537700653076172,-15.792920112609863 28.537769317626953,-15.79286003112793 28.537809371948242,-15.792840003967285 28.537769317626953,-15.79286003112793 28.537769317626953,-15.792880058288574 28.537769317626953,-15.792900085449219 28.537809371948242,-15.792900085449219 28.537769317626953,-15.792880058288574 28.537729263305664,-15.792880058288574 28.537729263305664,-15.79286003112793 28.537729263305664,-15.792840003967285 28.537769317626953,-15.792840003967285 28.537809371948242,-15.792840003967285 28.537809371948242,-15.792830467224121 28.537919998168945,-15.792830467224121 28.537919998168945,-15.792810440063477 28.53795051574707,-15.792790412902832 28.53799057006836,-15.792770385742188 28.53799057006836,-15.792750358581543 28.53803062438965,-15.792750358581543 28.53805923461914,-15.792750358581543 28.53809928894043,-15.792730331420898 28.53809928894043,-15.792750358581543 28.53813934326172,-15.792730331420898 28.538179397583008,-15.792719841003418 28.538249969482422,-15.792679786682129 28.538280487060547,-15.792679786682129 28.538320541381836,-15.79263973236084 28.538360595703125,-15.792619705200195 28.538389205932617,-15.792619705200195 28.538389205932617,-15.792610168457031 28.538389205932617,-15.792590141296387 28.538360595703125,-15.792610168457031 28.538360595703125,-15.792590141296387 28.538389205932617,-15.792570114135742 28.538389205932617,-15.792550086975098 28.538429260253906,-15.792550086975098 28.538429260253906,-15.792530059814453 28.538429260253906,-15.792499542236328 28.538429260253906,-15.79248046875 28.538429260253906,-15.792460441589355 28.538469314575195,-15.792440414428711 28.538469314575195,-15.792400360107422 28.538509368896484,-15.792420387268066 28.538469314575195,-15.792420387268066 28.53853988647461,-15.792400360107422 28.5385799407959,-15.792420387268066 28.538650512695312,-15.79248046875 28.538799285888672,-15.79248046875 28.538909912109375,-15.79248046875 28.539020538330078,-15.79248046875 28.539169311523438,-15.792530059814453 28.539169311523438,-15.792510032653809 28.53927993774414,-15.792510032653809 28.539379119873047,-15.792530059814453 28.539459228515625,-15.792550086975098 28.53952980041504,-15.792590141296387 28.539640426635742,-15.792590141296387 28.539749145507812,-15.792610168457031 28.5397891998291,-15.792590141296387 28.53982925415039,-15.792590141296387 28.539859771728516,-15.792590141296387 28.53982925415039,-15.792590141296387 28.53982925415039,-15.792610168457031 28.539859771728516,-15.792590141296387 28.539899826049805,-15.792570114135742 28.539899826049805,-15.792590141296387 28.539899826049805,-15.792610168457031 28.539939880371094,-15.792590141296387 28.539899826049805,-15.792590141296387 28.539899826049805,-15.792610168457031 28.539899826049805,-15.792619705200195 28.539939880371094,-15.792619705200195 28.53997039794922,-15.792619705200195 28.5400390625,-15.79263973236084 28.540119171142578,-15.792610168457031 28.540189743041992,-15.792550086975098 28.540159225463867,-15.792550086975098 28.540189743041992,-15.792550086975098 28.540189743041992,-15.792530059814453 28.540340423583984,-15.79248046875 28.54051971435547,-15.792420387268066 28.540559768676758,-15.792400360107422 28.54051971435547,-15.792400360107422 28.540559768676758,-15.792389869689941 28.540559768676758,-15.792349815368652 28.540630340576172,-15.792349815368652 28.540739059448242,-15.792329788208008 28.540889739990234,-15.79226016998291 28.54096031188965,-15.792220115661621 28.541000366210938,-15.792220115661621 28.54107093811035,-15.792180061340332 28.541179656982422,-15.792149543762207 28.541259765625,-15.792130470275879 28.541290283203125,-15.792130470275879 28.541290283203125,-15.792149543762207 28.541330337524414,-15.792110443115234 28.541400909423828,-15.79209041595459 28.541479110717773,-15.792070388793945 28.5415096282959,-15.79203987121582 28.541549682617188,-15.791950225830078 28.541589736938477,-15.791950225830078 28.5416202545166,-15.791930198669434 28.541690826416016,-15.791930198669434 28.541730880737305,-15.791930198669434 28.54180908203125,-15.791910171508789 28.541839599609375,-15.791910171508789 28.541879653930664,-15.791930198669434 28.541950225830078,-15.791930198669434 28.541990280151367,-15.791930198669434 28.542020797729492,-15.791930198669434 28.54206085205078,-15.791890144348145 28.54206085205078,-15.7918701171875 28.54206085205078,-15.791850090026855 28.54206085205078,-15.791830062866211 28.54216957092285,-15.791780471801758 28.54220962524414,-15.791780471801758 28.54224967956543,-15.791760444641113 28.54224967956543,-15.791740417480469 28.542280197143555,-15.791740417480469 28.542320251464844,-15.791740417480469 28.542430877685547,-15.791760444641113 28.542499542236328,-15.791799545288086 28.54265022277832,-15.791780471801758 28.54269027709961,-15.791780471801758 28.542720794677734,-15.791760444641113 28.542829513549805,-15.791799545288086 28.542980194091797,-15.791780471801758 28.5430908203125,-15.791780471801758 28.54315948486328,-15.791799545288086 28.54315948486328,-15.79181957244873 28.54315948486328,-15.791799545288086 28.54319953918457,-15.79181957244873 28.543270111083984,-15.791830062866211 28.543310165405273,-15.791850090026855 28.543420791625977,-15.7918701171875 28.543460845947266,-15.7918701171875 28.543489456176758,-15.7918701171875 28.543529510498047,-15.791890144348145 28.54368019104004,-15.791950225830078 28.543819427490234,-15.791950225830078 28.544010162353516,-15.791959762573242 28.54414939880371,-15.791979789733887 28.544189453125,-15.791979789733887 28.54422950744629,-15.791959762573242 28.544340133666992,-15.791950225830078 28.544370651245117,-15.791930198669434 28.544450759887695,-15.791910171508789 28.544479370117188,-15.791890144348145 28.544559478759766,-15.791910171508789 28.54463005065918,-15.791930198669434 28.54467010498047,-15.791910171508789 28.544700622558594,-15.7918701171875 28.544740676879883,-15.7918701171875 28.544889450073242,-15.79181957244873 28.54509925842285,-15.79181957244873 28.545289993286133,-15.791799545288086 28.545429229736328,-15.791799545288086 28.54557991027832,-15.79181957244873 28.5456600189209,-15.791830062866211 28.545759201049805,-15.7918701171875 28.545909881591797,-15.791930198669434 28.5460205078125,-15.791930198669434 28.54616928100586,-15.791930198669434 28.546279907226562,-15.791910171508789 28.546350479125977,-15.791850090026855 28.54631996154785,-15.791850090026855 28.546350479125977,-15.791830062866211 28.546419143676758,-15.791830062866211 28.546499252319336,-15.79181957244873 28.546539306640625,-15.79181957244873 28.546680450439453,-15.791830062866211 28.5468692779541,-15.79181957244873 28.54701042175293,-15.79181957244873 28.547199249267578,-15.791850090026855 28.547380447387695,-15.791910171508789 28.547529220581055,-15.791979789733887 28.54759979248047,-15.792019844055176 28.547639846801758,-15.792019844055176 28.547779083251953,-15.79209041595459 28.547929763793945,-15.792110443115234 28.548080444335938,-15.792130470275879 28.548189163208008,-15.792200088500977 28.548370361328125,-15.792220115661621 28.548519134521484,-15.792240142822266 28.548660278320312,-15.792240142822266 28.548809051513672,-15.79226016998291 28.54884910583496,-15.79226016998291 28.548879623413086,-15.79226016998291 28.54899024963379,-15.79226016998291 28.549030303955078,-15.792289733886719 28.549070358276367,-15.792289733886719 28.549070358276367,-15.792309761047363 28.549030303955078,-15.792289733886719 28.549030303955078,-15.792309761047363 28.54899024963379,-15.792309761047363 28.549030303955078,-15.792309761047363 28.549030303955078,-15.792289733886719 28.549070358276367,-15.792289733886719 28.549070358276367,-15.792280197143555 28.549070358276367,-15.792289733886719 28.549070358276367,-15.792309761047363 28.549100875854492,-15.792349815368652 28.54914093017578,-15.792349815368652 28.54914093017578,-15.792369842529297 28.549179077148438,-15.792369842529297 28.54924964904785,-15.792369842529297 28.54924964904785,-15.792349815368652 28.54928970336914,-15.792369842529297 28.549320220947266,-15.792369842529297 28.549360275268555,-15.792400360107422 28.549400329589844,-15.792400360107422 28.54943084716797,-15.792420387268066 28.549470901489258,-15.792440414428711 28.549509048461914,-15.792440414428711 28.54953956604004,-15.792400360107422 28.549579620361328,-15.792400360107422 28.549619674682617,-15.792389869689941 28.549650192260742,-15.792369842529297 28.54969024658203,-15.792389869689941 28.549800872802734,-15.792400360107422 28.549840927124023,-15.792400360107422 28.549869537353516,-15.792400360107422 28.549949645996094,-15.792400360107422 28.550060272216797,-15.792400360107422 28.5501708984375,-15.792420387268066 28.550310134887695,-15.792440414428711 28.5504207611084,-15.792460441589355 28.550500869750977,-15.79248046875 28.55052947998047,-15.79248046875 28.550500869750977,-15.79248046875 28.55052947998047,-15.79248046875 28.55052947998047,-15.792499542236328 28.550569534301758,-15.792499542236328 28.550640106201172,-15.792619705200195 28.55068016052246,-15.792679786682129 28.55068016052246,-15.792699813842773 28.55072021484375,-15.792719841003418 28.55068016052246,-15.792719841003418 28.55068016052246,-15.792699813842773 28.55068016052246,-15.792719841003418 28.55068016052246,-15.792699813842773 28.55068016052246,-15.792679786682129 28.55068016052246,-15.792699813842773 28.55068016052246,-15.792679786682129 28.550640106201172,-15.792679786682129 28.550640106201172,-15.792699813842773 28.55072021484375,-15.792730331420898 28.550750732421875,-15.792770385742188 28.550790786743164,-15.792830467224121 28.550790786743164,-15.792900085449219 28.550790786743164,-15.792940139770508 28.550790786743164,-15.792969703674316 28.550830841064453,-15.793049812316895 28.550830841064453,-15.79308032989502 28.550859451293945,-15.793100357055664 28.550899505615234,-15.793169975280762 28.550939559936523,-15.79325008392334 28.550939559936523,-15.793299674987793 28.550939559936523,-15.793319702148438 28.550939559936523,-15.793339729309082 28.55097007751465,-15.793379783630371 28.55097007751465,-15.793390274047852 28.55097007751465,-15.79343032836914 28.551010131835938,-15.79343032836914 28.551010131835938,-15.793519973754883 28.551010131835938,-15.793560028076172 28.551050186157227,-15.793609619140625 28.551050186157227,-15.793669700622559 28.551050186157227,-15.793720245361328 28.55108070373535,-15.793760299682617 28.55112075805664,-15.793780326843262 28.55116081237793,-15.793780326843262 28.551189422607422,-15.793800354003906 28.55122947692871,-15.79382038116455 28.55126953125,-15.79384994506836 28.55122947692871,-15.79384994506836 28.55126953125,-15.793869972229004 28.551300048828125,-15.79397964477539 28.551340103149414,-15.79401969909668 28.551340103149414,-15.79403018951416 28.551380157470703,-15.79407024383545 28.551450729370117,-15.794179916381836 28.551490783691406,-15.794289588928223 28.551559448242188,-15.794400215148926 28.55167007446289,-15.794480323791504 28.551780700683594,-15.794599533081055 28.551849365234375,-15.79481029510498 28.551929473876953,-15.794949531555176 28.551929473876953,-15.795060157775879 28.551959991455078,-15.795100212097168 28.552040100097656,-15.795100212097168 28.552040100097656,-15.795080184936523 28.55207061767578,-15.795080184936523 28.55207061767578,-15.795060157775879 28.55217933654785,-15.795120239257812 28.55221939086914,-15.79535961151123 28.552289962768555,-15.795539855957031 28.552440643310547,-15.795669555664062 28.552549362182617,-15.795760154724121 28.552589416503906,-15.795780181884766 28.552730560302734,-15.795909881591797 28.552919387817383,-15.796070098876953 28.553030014038086,-15.79617977142334 28.552989959716797,-15.796330451965332 28.55306053161621,-15.79640007019043 28.55320930480957,-15.796460151672363 28.553359985351562,-15.79658031463623 28.553499221801758,-15.796710014343262 28.553720474243164,-15.796950340270996 28.553979873657227,-15.79712963104248 28.55423927307129,-15.79712963104248 28.554489135742188,-15.797080039978027 28.554819107055664,-15.797149658203125 28.55514907836914,-15.797240257263184 28.555339813232422,-15.797410011291504 28.555410385131836,-15.797479629516602 28.555450439453125,-15.797499656677246 28.555479049682617,-15.79751968383789 28.555559158325195,-15.79761028289795 28.555559158325195,-15.797630310058594 28.555559158325195,-15.797650337219238 28.55558967590332,-15.797679901123047 28.5556697845459,-15.797719955444336 28.5557804107666,-15.79773998260498 28.555810928344727,-15.797760009765625 28.555889129638672,-15.79778003692627 28.555999755859375,-15.79773998260498 28.556110382080078,-15.797699928283691 28.55621910095215,-15.797719955444336 28.55632972717285,-15.797809600830078 28.556549072265625,-15.79796028137207 28.556730270385742,-15.798089981079102 28.556840896606445,-15.798179626464844 28.556880950927734,-15.798179626464844 28.556880950927734,-15.7981595993042 28.556840896606445,-15.798179626464844 28.556880950927734,-15.798179626464844 28.556880950927734,-15.7981595993042 28.556840896606445,-15.7981595993042 28.556909561157227,-15.798199653625488 28.556949615478516,-15.798230171203613 28.556989669799805,-15.798250198364258 28.55706024169922,-15.798250198364258 28.55721092224121,-15.798230171203613 28.557279586791992,-15.798219680786133 28.557279586791992,-15.798230171203613 28.55731964111328,-15.798219680786133 28.557390213012695,-15.798219680786133 28.557430267333984,-15.798219680786133 28.55756950378418,-15.798330307006836 28.55760955810547,-15.798330307006836 28.557790756225586,-15.798250198364258 28.557979583740234,-15.798290252685547 28.558090209960938,-15.798399925231934 28.558120727539062,-15.798439979553223 28.55830955505371,-15.798669815063477 28.558420181274414,-15.798930168151855 28.558530807495117,-15.799150466918945 28.558670043945312,-15.79932975769043 28.558670043945312,-15.799389839172363 28.5587100982666,-15.799440383911133 28.5587100982666,-15.799460411071777 28.5587100982666,-15.799500465393066 28.5587100982666,-15.799650192260742 28.558860778808594,-15.799830436706543 28.558889389038086,-15.799989700317383 28.558929443359375,-15.800049781799316 28.558929443359375,-15.800029754638672 28.558969497680664,-15.800069808959961 28.559110641479492,-15.80016040802002 28.55925941467285,-15.800209999084473 28.559370040893555,-15.800230026245117 28.55944061279297,-15.800359725952148 28.559520721435547,-15.800490379333496 28.559589385986328,-15.800580024719238 28.559629440307617,-15.800620079040527 28.559659957885742,-15.800620079040527 28.559629440307617,-15.800620079040527 28.559659957885742,-15.800620079040527 28.559629440307617,-15.800620079040527 28.559589385986328,-15.800620079040527 28.559629440307617,-15.800620079040527 28.55970001220703,-15.800649642944336 28.55970001220703,-15.800640106201172 28.55974006652832,-15.800620079040527 28.559770584106445,-15.800620079040527 28.55974006652832,-15.800640106201172 28.55974006652832,-15.800620079040527 28.55974006652832,-15.800580024719238 28.559770584106445,-15.800490379333496 28.559810638427734,-15.800470352172852 28.559850692749023,-15.800419807434082 28.559879302978516,-15.800419807434082 28.560070037841797,-15.800379753112793 28.5601806640625,-15.800399780273438 28.560209274291992,-15.800399780273438 28.560400009155273,-15.80031967163086 28.560510635375977,-15.800250053405762 28.56053924560547,-15.800250053405762 28.560649871826172,-15.800230026245117 28.56068992614746,-15.800230026245117 28.56068992614746,-15.800250053405762 28.560649871826172,-15.800250053405762 28.56068992614746,-15.80029010772705 28.56068992614746,-15.80031967163086 28.56072998046875,-15.800359725952148 28.560869216918945,-15.80051040649414 28.561059951782227,-15.80066967010498 28.561199188232422,-15.800800323486328 28.561460494995117,-15.800909996032715 28.561790466308594,-15.801019668579102 28.562049865722656,-15.80111026763916 28.562049865722656,-15.80115032196045 28.56208038330078,-15.801199913024902 28.56208038330078,-15.801259994506836 28.56212043762207,-15.80128002166748 28.56216049194336,-15.801300048828125 28.56216049194336,-15.801309585571289 28.562410354614258,-15.801349639892578 28.56270980834961,-15.801389694213867 28.562999725341797,-15.801420211791992 28.563329696655273,-15.801589965820312 28.56369972229004,-15.801679611206055 28.564029693603516,-15.801679611206055 28.56414031982422,-15.801830291748047 28.564319610595703,-15.801899909973145 28.564390182495117,-15.801969528198242 28.564359664916992,-15.802009582519531 28.564250946044922,-15.80204963684082 28.564250946044922,-15.802069664001465 28.564210891723633,-15.802069664001465 28.564250946044922,-15.802069664001465 28.564210891723633,-15.802120208740234 28.564210891723633,-15.802180290222168 28.564250946044922,-15.802160263061523 28.564250946044922,-15.802209854125977 28.564319610595703,-15.802229881286621 28.564390182495117,-15.802229881286621 28.56454086303711,-15.802229881286621 28.564720153808594,-15.802209854125977 28.564830780029297,-15.802189826965332 28.564870834350586,-15.802189826965332 28.564830780029297,-15.802189826965332 28.564870834350586,-15.802189826965332 28.564870834350586,-15.802209854125977 28.564830780029297,-15.802209854125977 28.564830780029297,-15.802189826965332 28.564870834350586,-15.802189826965332 28.564830780029297,-15.802189826965332 28.564870834350586,-15.802189826965332 28.564910888671875,-15.802189826965332 28.56505012512207,-15.80210018157959 28.565200805664062,-15.80204963684082 28.565309524536133,-15.802029609680176 28.565380096435547,-15.802009582519531 28.565420150756836,-15.801989555358887 28.56549072265625,-15.801989555358887 28.56553077697754,-15.801969528198242 28.565570831298828,-15.801969528198242 28.56553077697754,-15.801969528198242 28.565570831298828,-15.801959991455078 28.56559944152832,-15.801959991455078 28.56559944152832,-15.801939964294434 28.56559944152832,-15.801959991455078 28.56559944152832,-15.801939964294434 28.56559944152832,-15.801959991455078 28.56559944152832,-15.801939964294434 28.56559944152832,-15.801959991455078 28.56559944152832,-15.801969528198242 28.56559944152832,-15.801959991455078 28.56559944152832,-15.801939964294434 28.56559944152832,-15.801919937133789 28.56559944152832,-15.801939964294434 28.56559944152832,-15.801959991455078 28.56559944152832,-15.801939964294434 28.56559944152832,-15.801959991455078 28.56563949584961,-15.801959991455078 28.56559944152832,-15.801959991455078 28.56559944152832,-15.801969528198242 28.56563949584961,-15.801969528198242 28.56559944152832,-15.801969528198242 28.56559944152832,-15.801989555358887 28.56559944152832,-15.801969528198242 28.56559944152832,-15.801959991455078 28.56563949584961,-15.801959991455078 28.56559944152832,-15.801969528198242 28.56559944152832,-15.801959991455078 28.565570831298828,-15.801939964294434 28.565570831298828,-15.801959991455078 28.56559944152832,-15.801959991455078 28.56559944152832,-15.801939964294434 28.56563949584961,-15.801919937133789 28.56563949584961,-15.801939964294434 28.56563949584961,-15.801919937133789 28.56563949584961,-15.801899909973145 28.56563949584961,-15.8018798828125 28.56563949584961,-15.801899909973145 28.565710067749023,-15.801859855651855 28.565750122070312,-15.801859855651855 28.565860748291016,-15.8018798828125 28.565929412841797,-15.801899909973145 28.5660400390625,-15.801959991455078 28.566259384155273,-15.801989555358887 28.566450119018555,-15.802029609680176 28.566699981689453,-15.802069664001465 28.566959381103516,-15.802120208740234 28.567180633544922,-15.802160263061523 28.56722068786621,-15.802160263061523 28.567249298095703,-15.802180290222168 28.567440032958984,-15.802249908447266 28.56757926940918,-15.802379608154297 28.56777000427246,-15.802519798278809 28.567949295043945,-15.802650451660156 28.56821060180664,-15.802760124206543 28.568239212036133,-15.802800178527832 28.568239212036133,-15.802780151367188 28.568279266357422,-15.802800178527832 28.568429946899414,-15.802889823913574 28.568649291992188,-15.80303955078125 28.568790435791016,-15.803199768066406 28.568899154663086,-15.803330421447754 28.568939208984375,-15.803460121154785 28.568939208984375,-15.80344009399414 28.568939208984375,-15.803420066833496 28.568979263305664,-15.80344009399414 28.56900978088379,-15.803420066833496 28.56900978088379,-15.80344009399414 28.56900978088379,-15.803420066833496 28.56900978088379,-15.80344009399414 28.56900978088379,-15.803420066833496 28.56900978088379,-15.80344009399414 28.569089889526367,-15.803389549255371 28.56916046142578,-15.80331039428711 28.56916046142578,-15.803290367126465 28.56920051574707,-15.803279876708984 28.56920051574707,-15.803239822387695 28.56926918029785,-15.80321979522705 28.56926918029785,-15.803239822387695 28.56930923461914,-15.803239822387695 28.56926918029785,-15.803239822387695 28.56926918029785,-15.80321979522705 28.56926918029785,-15.803239822387695 28.56930923461914,-15.803239822387695 28.56926918029785,-15.803239822387695 28.56926918029785,-15.80321979522705 28.56930923461914,-15.80321979522705 28.56926918029785,-15.80321979522705 28.56926918029785,-15.803239822387695 28.56926918029785,-15.80321979522705 28.56930923461914,-15.80321979522705 28.56926918029785,-15.80321979522705 28.56926918029785,-15.803239822387695 28.56926918029785,-15.80321979522705 28.56926918029785,-15.803239822387695 28.56930923461914,-15.80321979522705 28.56926918029785,-15.80321979522705 28.56926918029785,-15.803239822387695 28.569229125976562,-15.803239822387695 28.56926918029785,-15.80325984954834 28.569419860839844,-15.80331039428711 28.56945037841797,-15.803330421447754 28.569599151611328,-15.803330421447754 28.569780349731445,-15.803370475769043 28.569889068603516,-15.803389549255371 28.56999969482422,-15.803420066833496 28.570039749145508,-15.803420066833496 28.57015037536621,-15.80348014831543 28.5701904296875,-15.803500175476074 28.57029914855957,-15.80348014831543 28.570369720458984,-15.803400039672852 28.5704402923584,-15.803389549255371 28.5704402923584,-15.803370475769043 28.5704402923584,-15.803350448608398 28.5704402923584,-15.803330421447754 28.570480346679688,-15.803330421447754 28.5704402923584,-15.803330421447754 28.5704402923584,-15.803350448608398 28.5704402923584,-15.803330421447754 28.570480346679688,-15.803279876708984 28.570520401000977,-15.80321979522705 28.5705509185791,-15.803179740905762 28.570589065551758,-15.803179740905762 28.570629119873047,-15.803179740905762 28.570659637451172,-15.803199768066406 28.570659637451172,-15.80321979522705 28.57069969177246,-15.803239822387695 28.570770263671875,-15.803239822387695 28.57073974609375,-15.803239822387695 28.570770263671875,-15.80321979522705 28.570770263671875,-15.803170204162598 28.570770263671875,-15.803130149841309 28.57073974609375,-15.803110122680664 28.57073974609375,-15.803059577941895 28.570770263671875,-15.803019523620605 28.570770263671875,-15.803000450134277 28.570770263671875,-15.802960395812988 28.570810317993164,-15.802929878234863 28.570810317993164,-15.802909851074219 28.570770263671875,-15.802909851074219 28.570810317993164,-15.802909851074219 28.570810317993164,-15.802929878234863 28.570810317993164,-15.802949905395508 28.570810317993164,-15.802929878234863 28.570770263671875,-15.802949905395508 28.570770263671875,-15.802960395812988 28.570770263671875,-15.802980422973633 28.570810317993164,-15.802980422973633 28.570770263671875,-15.802980422973633 28.570770263671875,-15.802949905395508 28.570770263671875,-15.802909851074219 28.570770263671875,-15.80286979675293 28.570770263671875,-15.802840232849121 28.570770263671875,-15.802820205688477 28.570770263671875,-15.802800178527832 28.570810317993164,-15.802800178527832 28.570810317993164,-15.802780151367188 28.570810317993164,-15.802800178527832 28.570810317993164,-15.802760124206543 28.570810317993164,-15.802729606628418 28.570810317993164,-15.802709579467773 28.570810317993164,-15.802689552307129 28.570810317993164,-15.802539825439453 28.570810317993164,-15.802430152893066 28.570810317993164,-15.802410125732422 28.570770263671875,-15.802319526672363 28.570770263671875,-15.802300453186035 28.570770263671875,-15.802289962768555 28.57073974609375,-15.802300453186035 28.570770263671875,-15.802300453186035 28.570770263671875,-15.80226993560791 28.570880889892578,-15.802180290222168 28.570920944213867,-15.802009582519531 28.570920944213867,-15.801859855651855 28.570920944213867,-15.801850318908691 28.570920944213867,-15.801830291748047 28.570959091186523,-15.801679611206055 28.571029663085938,-15.80150032043457 28.57118034362793,-15.801349639892578 28.571359634399414,-15.801199913024902 28.571510314941406,-15.801090240478516 28.57172966003418,-15.801019668579102 28.571989059448242,-15.800979614257812 28.572200775146484,-15.80088996887207 28.572389602661133,-15.800820350646973 28.572500228881836,-15.800800323486328 28.57253074645996,-15.800800323486328 28.572500228881836,-15.800800323486328 28.57253074645996,-15.800800323486328 28.572500228881836,-15.800820350646973 28.572500228881836,-15.800840377807617 28.572500228881836,-15.800860404968262 28.572500228881836,-15.800840377807617 28.572500228881836,-15.800820350646973 28.572500228881836,-15.800800323486328 28.572500228881836,-15.800780296325684 28.572500228881836,-15.800800323486328 28.572500228881836,-15.800780296325684 28.572500228881836,-15.800760269165039 28.572500228881836,-15.800780296325684 28.572500228881836,-15.800760269165039 28.57253074645996,-15.800760269165039 28.57253074645996,-15.800749778747559 28.57257080078125,-15.80070972442627 28.57257080078125,-15.800729751586914 28.57257080078125,-15.800749778747559 28.57257080078125,-15.800760269165039 28.57257080078125,-15.800749778747559 28.57261085510254,-15.800729751586914 28.572650909423828,-15.800689697265625 28.57267951965332,-15.80066967010498 28.57267951965332,-15.800649642944336 28.57271957397461,-15.800620079040527 28.572750091552734,-15.800620079040527 28.572830200195312,-15.800580024719238 28.572860717773438,-15.80053997039795 28.572980880737305,-15.800559997558594 28.573009490966797,-15.800640106201172 28.573009490966797,-15.80070972442627 28.573049545288086,-15.800820350646973 28.57308006286621,-15.800860404968262 28.57308006286621,-15.800869941711426 28.5731201171875,-15.800869941711426 28.57308006286621,-15.800869941711426 28.5731201171875,-15.800869941711426 28.57308006286621,-15.80088996887207 28.57308006286621,-15.800869941711426 28.57308006286621,-15.800860404968262 28.57308006286621,-15.800869941711426 28.5731201171875,-15.800869941711426 28.57308006286621,-15.800869941711426 28.5731201171875,-15.800869941711426 28.573190689086914,-15.800840377807617 28.573190689086914,-15.800820350646973 28.573270797729492,-15.800729751586914 28.573379516601562,-15.800640106201172 28.573410034179688,-15.800490379333496 28.57352066040039,-15.800379753112793 28.57366943359375,-15.800270080566406 28.573820114135742,-15.800140380859375 28.573930740356445,-15.799989700317383 28.573999404907227,-15.799880027770996 28.57406997680664,-15.799659729003906 28.574180603027344,-15.799500465393066 28.574260711669922,-15.799300193786621 28.574329376220703,-15.799169540405273 28.574399948120117,-15.798800468444824 28.574440002441406,-15.79850959777832 28.574440002441406,-15.798230171203613 28.574329376220703,-15.79796028137207 28.574329376220703,-15.797699928283691 28.574260711669922,-15.797499656677246 28.574180603027344,-15.797340393066406 28.57415008544922,-15.79712963104248 28.57411003112793,-15.796990394592285 28.57415008544922,-15.79679012298584 28.57415008544922,-15.796680450439453 28.574180603027344,-15.796529769897461 28.57415008544922,-15.796380043029785 28.574220657348633,-15.796219825744629 28.57430076599121,-15.796050071716309 28.574399948120117,-15.795909881591797 28.57455062866211,-15.795760154724121 28.5745906829834,-15.795720100402832 28.5745906829834,-15.795740127563477 28.5745906829834,-15.795720100402832 28.57469940185547,-15.7955904006958 28.574840545654297,-15.795390129089355 28.574949264526367,-15.79518985748291 28.574989318847656,-15.794859886169434 28.574989318847656,-15.79458999633789 28.574949264526367,-15.794329643249512 28.574949264526367,-15.794050216674805 28.575029373168945,-15.793829917907715 28.575029373168945,-15.79382038116455 28.57505989074707,-15.793800354003906 28.575170516967773,-15.793669700622559 28.57525062561035,-15.793519973754883 28.575319290161133,-15.793299674987793 28.575389862060547,-15.793049812316895 28.575429916381836,-15.792840003967285 28.57550048828125,-15.792750358581543 28.57554054260254,-15.792590141296387 28.575719833374023,-15.792460441589355 28.575939178466797,-15.792289733886719 28.576059341430664,-15.79209041595459 28.576200485229492,-15.791930198669434 28.57634925842285,-15.791709899902344 28.57649040222168,-15.791410446166992 28.57663917541504,-15.791210174560547 28.57663917541504,-15.791119575500488 28.576679229736328,-15.791099548339844 28.576679229736328,-15.791069984436035 28.576679229736328,-15.791080474853516 28.57663917541504,-15.791080474853516 28.57663917541504,-15.791069984436035 28.576679229736328,-15.791080474853516 28.576679229736328,-15.791099548339844 28.576679229736328,-15.791080474853516 28.57663917541504,-15.791080474853516 28.57663917541504,-15.791099548339844 28.57659912109375,-15.791099548339844 28.57659912109375,-15.791139602661133 28.57659912109375,-15.791170120239258 28.57659912109375,-15.791230201721191 28.57659912109375,-15.791210174560547 28.57649040222168,-15.791210174560547 28.57649040222168,-15.791190147399902 28.576269149780273,-15.791159629821777 28.576200485229492,-15.791099548339844 28.576160430908203,-15.791080474853516 28.576160430908203,-15.79104995727539 28.576160430908203,-15.791029930114746 28.576160430908203,-15.79088020324707 28.57624053955078,-15.790749549865723 28.57624053955078,-15.790740013122559 28.576309204101562,-15.79065990447998 28.57634925842285,-15.79065990447998 28.57649040222168,-15.790630340576172 28.576679229736328,-15.790570259094238 28.576860427856445,-15.790550231933594 28.576969146728516,-15.79043960571289 28.577049255371094,-15.790329933166504 28.57707977294922,-15.79030990600586 28.577049255371094,-15.79030990600586 28.577049255371094,-15.790329933166504 28.577049255371094,-15.790349960327148 28.577049255371094,-15.790329933166504 28.577049255371094,-15.79030990600586 28.577049255371094,-15.790329933166504 28.577049255371094,-15.79030990600586 28.57707977294922,-15.79028034210205 28.57707977294922,-15.790260314941406 28.577119827270508,-15.790180206298828 28.577119827270508,-15.790169715881348 28.577150344848633,-15.790019989013672 28.577259063720703,-15.789910316467285 28.577409744262695,-15.789839744567871 28.57748031616211,-15.789690017700195 28.577560424804688,-15.789529800415039 28.577669143676758,-15.789380073547363 28.577810287475586,-15.789270401000977 28.57792091369629,-15.789139747619629 28.578039169311523,-15.788960456848145 28.578109741210938,-15.788740158081055 28.578140258789062,-15.788459777832031 28.57818031311035,-15.788209915161133 28.57822036743164,-15.788000106811523 28.578250885009766,-15.787779808044434 28.578290939331055,-15.787599563598633 28.578290939331055,-15.787400245666504 28.578250885009766,-15.787139892578125 28.578250885009766,-15.78693962097168 28.57832908630371,-15.786700248718262 28.57832908630371,-15.786430358886719 28.578369140625,-15.786230087280273 28.578439712524414,-15.786020278930664 28.578399658203125,-15.78577995300293 28.57832908630371,-15.785550117492676 28.57822036743164,-15.785360336303711 28.57806968688965,-15.785160064697266 28.577890396118164,-15.784939765930176 28.57777976989746,-15.784740447998047 28.57762908935547,-15.784500122070312 28.577560424804688,-15.784429550170898 28.577409744262695,-15.784170150756836 28.577190399169922,-15.783929824829102 28.57707977294922,-15.783690452575684 28.576820373535156,-15.783530235290527 28.57663917541504,-15.783349990844727 28.57634925842285,-15.78320026397705 28.57608985900879,-15.783089637756348 28.5757999420166,-15.782919883728027 28.57554054260254,-15.782739639282227 28.575389862060547,-15.782500267028809 28.57525062561035,-15.782320022583008 28.57509994506836,-15.782190322875977 28.574989318847656,-15.782099723815918 28.574880599975586,-15.781949996948242 28.57469940185547,-15.781769752502441 28.5745906829834,-15.781709671020508 28.57455062866211,-15.781709671020508 28.574369430541992,-15.7816801071167 28.57430076599121,-15.781570434570312 28.574220657348633,-15.781530380249023 28.574220657348633,-15.781510353088379 28.57415008544922,-15.781399726867676 28.57415008544922,-15.781200408935547 28.57411003112793,-15.781149864196777 28.57406997680664,-15.781109809875488 28.573999404907227,-15.780980110168457 28.573930740356445,-15.780719757080078 28.573820114135742,-15.780449867248535 28.573780059814453,-15.780099868774414 28.573640823364258,-15.779829978942871 28.573490142822266,-15.779609680175781 28.573450088500977,-15.779509544372559 28.573490142822266,-15.779509544372559 28.573450088500977,-15.779509544372559 28.573490142822266,-15.779509544372559 28.573490142822266,-15.779529571533203 28.573490142822266,-15.779509544372559 28.573490142822266,-15.779500007629395 28.573450088500977,-15.779330253601074 28.573450088500977,-15.779290199279785 28.573450088500977,-15.77925968170166 28.573410034179688,-15.779109954833984 28.573379516601562,-15.779040336608887 28.573379516601562,-15.779020309448242 28.573339462280273,-15.778960227966309 28.573270797729492,-15.778980255126953 28.57308006286621,-15.778949737548828 28.572900772094727,-15.778909683227539 28.572750091552734,-15.778840065002441 28.57257080078125,-15.778800010681152 28.572349548339844,-15.778759956359863 28.57232093811035,-15.778730392456055 28.572280883789062,-15.77871036529541 28.57213020324707,-15.778630256652832 28.571910858154297,-15.778470039367676 28.57172966003418,-15.778249740600586 28.571510314941406,-15.778030395507812 28.5712890625,-15.777850151062012 28.57110023498535,-15.777700424194336 28.571029663085938,-15.777589797973633 28.571029663085938,-15.777569770812988 28.570850372314453,-15.777409553527832 28.570589065551758,-15.777239799499512 28.570329666137695,-15.777079582214355 28.57015037536621,-15.77692985534668 28.569969177246094,-15.776780128479004 28.56974983215332,-15.77676010131836 28.56970977783203,-15.776749610900879 28.569669723510742,-15.776729583740234 28.569599151611328,-15.776650428771973 28.569599151611328,-15.776639938354492 28.569530487060547,-15.776490211486816 28.569490432739258,-15.776320457458496 28.56945037841797,-15.776269912719727 28.56945037841797,-15.776229858398438 28.569419860839844,-15.776089668273926 28.56930923461914,-15.77593994140625 28.56920051574707,-15.775790214538574 28.569120407104492,-15.775699615478516 28.569120407104492,-15.775679588317871 28.569049835205078,-15.775650024414062 28.569049835205078,-15.775629997253418 28.569049835205078,-15.775609970092773 28.568979263305664,-15.775500297546387 28.568939208984375,-15.775460243225098 28.568939208984375,-15.775440216064453 28.568979263305664,-15.775279998779297 28.568979263305664,-15.775099754333496 28.568899154663086,-15.774880409240723 28.56875991821289,-15.774689674377441 28.5687198638916,-15.774550437927246 28.568679809570312,-15.774530410766602 28.568679809570312,-15.774510383605957 28.568649291992188,-15.774399757385254 28.5686092376709,-15.774330139160156 28.56856918334961,-15.774330139160156 28.568540573120117,-15.774290084838867 28.568500518798828,-15.77418041229248 28.568500518798828,-15.774120330810547 28.568500518798828,-15.774109840393066 28.568500518798828,-15.774069786071777 28.568500518798828,-15.77400016784668 28.56846046447754,-15.77396011352539 28.56846046447754,-15.773940086364746 28.56846046447754,-15.77383041381836 28.56831932067871,-15.7737398147583 28.56821060180664,-15.77361011505127 28.568099975585938,-15.773520469665527 28.568099975585938,-15.773500442504883 28.568099975585938,-15.773520469665527 28.568130493164062,-15.773520469665527 28.568130493164062,-15.773539543151855 28.568099975585938,-15.773539543151855 28.568099975585938,-15.773520469665527 28.568099975585938,-15.773480415344238 28.56801986694336,-15.773449897766113 28.567989349365234,-15.773429870605469 28.567949295043945,-15.773449897766113 28.567909240722656,-15.773480415344238 28.567880630493164,-15.773500442504883 28.567880630493164,-15.773480415344238 28.567880630493164,-15.773500442504883 28.567840576171875,-15.773500442504883 28.567840576171875,-15.773480415344238 28.567800521850586,-15.773480415344238 28.567800521850586,-15.773460388183594 28.567800521850586,-15.773429870605469 28.567659378051758,-15.77334976196289 28.567550659179688,-15.773229598999023 28.56747055053711,-15.773130416870117 28.56747055053711,-15.773059844970703 28.56747055053711,-15.773039817810059 28.567440032958984,-15.772990226745605 28.567440032958984,-15.772950172424316 28.567440032958984,-15.772930145263672 28.567399978637695,-15.772879600524902 28.567180633544922,-15.77280044555664 28.566999435424805,-15.772680282592773 28.56678009033203,-15.772489547729492 28.56658935546875,-15.772350311279297 28.566560745239258,-15.772310256958008 28.56652069091797,-15.772310256958008 28.56648063659668,-15.772250175476074 28.566410064697266,-15.772089958190918 28.566259384155273,-15.771829605102539 28.566120147705078,-15.771650314331055 28.565860748291016,-15.771470069885254 28.56563949584961,-15.771320343017578 28.5656795501709,-15.771149635314941 28.5656795501709,-15.771140098571777 28.5656795501709,-15.771149635314941 28.56563949584961,-15.771149635314941 28.56563949584961,-15.771169662475586 28.56563949584961,-15.771149635314941 28.56553077697754,-15.771039962768555 28.565460205078125,-15.770919799804688 28.565420150756836,-15.770790100097656 28.565420150756836,-15.770750045776367 28.565420150756836,-15.770730018615723 28.565420150756836,-15.770700454711914 28.565420150756836,-15.77068042755127 28.565380096435547,-15.770620346069336 28.565380096435547,-15.770569801330566 28.565380096435547,-15.770549774169922 28.565380096435547,-15.770569801330566 28.565349578857422,-15.770569801330566 28.565380096435547,-15.770549774169922 28.565349578857422,-15.770549774169922 28.565349578857422,-15.770529747009277 28.565349578857422,-15.770509719848633 28.565380096435547,-15.770529747009277 28.565380096435547,-15.770549774169922 28.565349578857422,-15.770549774169922 28.565349578857422,-15.770529747009277 28.565380096435547,-15.770529747009277 28.565349578857422,-15.770529747009277 28.565349578857422,-15.770509719848633 28.565380096435547,-15.770509719848633 28.565349578857422,-15.770509719848633 28.565380096435547,-15.770509719848633 28.565380096435547,-15.770489692687988 28.565380096435547,-15.770509719848633 28.565380096435547,-15.770489692687988 28.565349578857422,-15.770489692687988 28.565349578857422,-15.770509719848633 28.565349578857422,-15.770529747009277 28.565380096435547,-15.770529747009277 28.565349578857422,-15.770529747009277 28.565380096435547,-15.770529747009277 28.565380096435547,-15.770549774169922 28.565380096435547,-15.770529747009277 28.565380096435547,-15.770509719848633 28.565380096435547,-15.770489692687988 28.565420150756836,-15.77046012878418 28.565420150756836,-15.77042007446289 28.565420150756836,-15.770369529724121 28.565420150756836,-15.770350456237793 28.565420150756836,-15.770310401916504 28.565380096435547,-15.770259857177734 28.565349578857422,-15.770219802856445 28.565309524536133,-15.7701997756958 28.565309524536133,-15.770179748535156 28.565309524536133,-15.770159721374512 28.565269470214844,-15.770159721374512 28.565269470214844,-15.770150184631348 28.565269470214844,-15.770159721374512 28.565269470214844,-15.770150184631348 28.565269470214844,-15.770130157470703 28.56524085998535,-15.770130157470703 28.56524085998535,-15.770110130310059 28.56524085998535,-15.770130157470703 28.565269470214844,-15.770130157470703 28.56524085998535,-15.770130157470703 28.565269470214844,-15.770130157470703 28.56524085998535,-15.770130157470703 28.56524085998535,-15.770110130310059 28.56524085998535,-15.770130157470703 28.56524085998535,-15.770110130310059 28.565200805664062,-15.77007007598877 28.565200805664062,-15.770090103149414 28.565200805664062,-15.77007007598877 28.565200805664062,-15.770050048828125 28.565200805664062,-15.770039558410645 28.565200805664062,-15.77001953125 28.565160751342773,-15.769980430603027 28.565160751342773,-15.769960403442383 28.56505012512207,-15.769869804382324 28.56509017944336,-15.769869804382324 28.56505012512207,-15.769869804382324 28.56505012512207,-15.769889831542969 28.56509017944336,-15.769889831542969 28.56509017944336,-15.769869804382324 28.56505012512207,-15.769889831542969 28.56505012512207,-15.769869804382324 28.56509017944336,-15.769869804382324 28.56505012512207,-15.769869804382324 28.56505012512207,-15.76984977722168 28.565019607543945,-15.769820213317871 28.565019607543945,-15.769800186157227 28.565019607543945,-15.769820213317871 28.564979553222656,-15.769780158996582 28.564939498901367,-15.769689559936523 28.564910888671875,-15.769610404968262 28.564870834350586,-15.769579887390137 28.564800262451172,-15.769519805908203 28.564720153808594,-15.769450187683105 28.56464958190918,-15.769370079040527 28.56460952758789,-15.769319534301758 28.5645809173584,-15.769269943237305 28.56454086303711,-15.769209861755371 28.56454086303711,-15.769189834594727 28.56454086303711,-15.769169807434082 28.56454086303711,-15.769160270690918 28.564470291137695,-15.76908016204834 28.564390182495117,-15.76902961730957 28.564390182495117,-15.769009590148926 28.564390182495117,-15.768969535827637 28.564319610595703,-15.768919944763184 28.564359664916992,-15.768919944763184 28.564359664916992,-15.768899917602539 28.564359664916992,-15.768919944763184 28.564359664916992,-15.768939971923828 28.564359664916992,-15.768919944763184 28.564359664916992,-15.768899917602539 28.564359664916992,-15.768879890441895 28.564359664916992,-15.768899917602539 28.564319610595703,-15.768879890441895 28.564279556274414,-15.76885986328125 28.564250946044922,-15.768810272216797 28.564210891723633,-15.768790245056152 28.56414031982422,-15.768750190734863 28.56410026550293,-15.768710136413574 28.56410026550293,-15.768699645996094 28.56406021118164,-15.768659591674805 28.563989639282227,-15.768619537353516 28.563949584960938,-15.768589973449707 28.563949584960938,-15.768549919128418 28.563989639282227,-15.768549919128418 28.563949584960938,-15.768549919128418 28.563989639282227,-15.768549919128418 28.563989639282227,-15.768569946289062 28.563989639282227,-15.768589973449707 28.563989639282227,-15.768569946289062 28.563989639282227,-15.768549919128418 28.563989639282227,-15.768529891967773 28.564029693603516,-15.768529891967773 28.564029693603516,-15.768509864807129 28.56406021118164,-15.768500328063965 28.56406021118164,-15.76848030090332 28.564029693603516,-15.768460273742676 28.564029693603516,-15.76848030090332 28.564029693603516,-15.768460273742676 28.564029693603516,-15.76848030090332 28.564029693603516,-15.768460273742676 28.564029693603516,-15.768440246582031 28.564029693603516,-15.768460273742676 28.564029693603516,-15.768440246582031 28.563989639282227,-15.768420219421387 28.563989639282227,-15.768400192260742 28.564029693603516,-15.768380165100098 28.564029693603516,-15.768369674682617 28.56406021118164,-15.768329620361328 28.564029693603516,-15.768349647521973 28.564029693603516,-15.768329620361328 28.564029693603516,-15.768309593200684 28.564029693603516,-15.768289566040039 28.563989639282227,-15.768289566040039 28.563989639282227,-15.76826000213623 28.564029693603516,-15.768239974975586 28.564029693603516,-15.768219947814941 28.564029693603516,-15.768179893493652 28.564029693603516,-15.768170356750488 28.564029693603516,-15.768179893493652 28.564029693603516,-15.768199920654297 28.563989639282227,-15.768199920654297 28.563989639282227,-15.768219947814941 28.563949584960938,-15.768239974975586 28.563989639282227,-15.768239974975586 28.563989639282227,-15.768219947814941 28.564029693603516,-15.768199920654297 28.56406021118164,-15.768219947814941 28.564029693603516,-15.768199920654297 28.564029693603516,-15.768219947814941 28.563989639282227,-15.768239974975586 28.563989639282227,-15.768219947814941 28.563949584960938,-15.768219947814941 28.563949584960938,-15.768199920654297 28.563989639282227,-15.768199920654297 28.563989639282227,-15.768219947814941 28.563989639282227,-15.768199920654297 28.563989639282227,-15.768179893493652 28.563989639282227,-15.768199920654297 28.564029693603516,-15.768199920654297 28.56406021118164,-15.768179893493652 28.564029693603516,-15.768199920654297 28.563989639282227,-15.768219947814941 28.563949584960938,-15.768219947814941 28.563919067382812,-15.768239974975586 28.563880920410156,-15.768239974975586 28.563880920410156,-15.76826000213623 28.563810348510742,-15.768280029296875 28.563810348510742,-15.768289566040039 28.563840866088867,-15.768289566040039 28.563810348510742,-15.768280029296875 28.563810348510742,-15.768289566040039 28.563810348510742,-15.768309593200684 28.563810348510742,-15.768289566040039 28.563770294189453,-15.768289566040039 28.563770294189453,-15.768309593200684 28.563730239868164,-15.768309593200684 28.563770294189453,-15.768309593200684 28.563770294189453,-15.768329620361328 28.563730239868164,-15.768329620361328 28.563770294189453,-15.768329620361328 28.563770294189453,-15.768309593200684 28.56369972229004,-15.768329620361328 28.56365966796875,-15.768349647521973 28.56361961364746,-15.768369674682617 28.563589096069336,-15.768380165100098 28.563589096069336,-15.768400192260742 28.56355094909668,-15.768420219421387 28.56351089477539,-15.76848030090332 28.563440322875977,-15.768529891967773 28.563400268554688,-15.768569946289062 28.563369750976562,-15.768569946289062 28.563329696655273,-15.768569946289062 28.563369750976562,-15.768569946289062 28.563369750976562,-15.768549919128418 28.563329696655273,-15.768549919128418 28.563369750976562,-15.768549919128418 28.563329696655273,-15.768569946289062 28.56325912475586,-15.768610000610352 28.56321907043457,-15.76863956451416 28.56307029724121,-15.768710136413574 28.562929153442383,-15.768790245056152 28.562820434570312,-15.768839836120605 28.562780380249023,-15.768879890441895 28.56266975402832,-15.768919944763184 28.562559127807617,-15.768989562988281 28.562519073486328,-15.769009590148926 28.562490463256836,-15.769009590148926 28.562490463256836,-15.768989562988281 28.562450408935547,-15.769009590148926 28.562410354614258,-15.769009590148926 28.562450408935547,-15.769009590148926 28.562450408935547,-15.768989562988281 28.562410354614258,-15.768989562988281 28.562410354614258,-15.769009590148926 28.562450408935547,-15.769009590148926 28.562410354614258,-15.769009590148926 28.562410354614258,-15.768989562988281 28.562450408935547,-15.768969535827637 28.562450408935547,-15.768989562988281 28.562410354614258,-15.768989562988281 28.562410354614258,-15.769009590148926 28.562410354614258,-15.768989562988281 28.562450408935547,-15.768989562988281 28.562450408935547,-15.769009590148926 28.562410354614258,-15.769009590148926 28.562410354614258,-15.76902961730957 28.562410354614258,-15.769009590148926 28.562410354614258,-15.76902961730957 28.562410354614258,-15.769009590148926 28.562450408935547,-15.769009590148926 28.562490463256836,-15.769009590148926 28.562519073486328,-15.769009590148926 28.562519073486328,-15.76902961730957 28.562519073486328,-15.76908016204834 28.562519073486328,-15.769100189208984 28.562519073486328,-15.76908016204834 28.562490463256836,-15.76908016204834 28.562490463256836,-15.769100189208984 28.562519073486328,-15.769100189208984 28.562519073486328,-15.769120216369629 28.562519073486328,-15.769140243530273 28.562490463256836,-15.769160270690918 28.562450408935547,-15.769160270690918 28.562490463256836,-15.769140243530273 28.562450408935547,-15.769160270690918 28.562490463256836,-15.769169807434082 28.562450408935547,-15.769160270690918 28.562490463256836,-15.769160270690918 28.562490463256836,-15.769140243530273 28.562490463256836,-15.769160270690918 28.562490463256836,-15.769140243530273 28.562490463256836,-15.769160270690918 28.562450408935547,-15.769160270690918 28.562490463256836,-15.769169807434082 28.562490463256836,-15.769160270690918 28.562490463256836,-15.769169807434082 28.562450408935547,-15.769189834594727 28.562450408935547,-15.769209861755371 28.562410354614258,-15.769189834594727 28.562410354614258,-15.769209861755371 28.562410354614258,-15.769189834594727 28.562410354614258,-15.769209861755371 28.562410354614258,-15.769229888916016 28.562450408935547,-15.76924991607666 28.562450408935547,-15.769229888916016 28.562450408935547,-15.76924991607666 28.562450408935547,-15.769229888916016 28.562450408935547,-15.76924991607666 28.562450408935547,-15.769229888916016 28.562410354614258,-15.769229888916016 28.562410354614258,-15.769269943237305 28.562410354614258,-15.76930046081543 28.562379837036133,-15.769319534301758 28.562379837036133,-15.769339561462402 28.562339782714844,-15.76930046081543 28.562379837036133,-15.76930046081543 28.562379837036133,-15.769319534301758 28.562379837036133,-15.769339561462402 28.562339782714844,-15.769359588623047 28.562339782714844,-15.769370079040527 28.562339782714844,-15.769359588623047 28.562339782714844,-15.769339561462402 28.562339782714844,-15.769359588623047 28.562339782714844,-15.769390106201172 28.562299728393555,-15.769430160522461 28.562339782714844,-15.769430160522461 28.562299728393555,-15.769450187683105 28.562299728393555,-15.76947021484375 28.562299728393555,-15.769490242004395 28.562299728393555,-15.769499778747559 28.56226921081543,-15.769539833068848 28.56226921081543,-15.769559860229492 28.56226921081543,-15.769579887390137 28.56226921081543,-15.769559860229492 28.56226921081543,-15.769579887390137 28.56222915649414,-15.769669532775879 28.56216049194336,-15.769760131835938 28.562049865722656,-15.769889831542969 28.562049865722656,-15.769960403442383 28.562049865722656,-15.770039558410645 28.561969757080078,-15.770159721374512 28.561939239501953,-15.770350456237793 28.561899185180664,-15.770380020141602 28.561859130859375,-15.770380020141602 28.561859130859375,-15.770509719848633 28.561750411987305,-15.770620346069336 28.56171989440918,-15.770730018615723 28.56171989440918,-15.7708101272583 28.56171989440918,-15.770899772644043 28.56171989440918,-15.770930290222168 28.56167984008789,-15.770950317382812 28.561609268188477,-15.771010398864746 28.5615291595459,-15.771080017089844 28.561460494995117,-15.771120071411133 28.561460494995117,-15.771149635314941 28.561460494995117,-15.771169662475586 28.561460494995117,-15.77118968963623 28.561500549316406,-15.771249771118164 28.561460494995117,-15.771300315856934 28.561420440673828,-15.771300315856934 28.561389923095703,-15.771280288696289 28.561349868774414,-15.771280288696289 28.561309814453125,-15.771300315856934 28.561279296875,-15.771340370178223 28.561279296875,-15.771360397338867 28.56123924255371,-15.771389961242676 28.56123924255371,-15.77140998840332 28.56123924255371,-15.771430015563965 28.56123924255371,-15.771470069885254 28.561199188232422,-15.771479606628418 28.561199188232422,-15.771499633789062 28.561199188232422,-15.771479606628418 28.561199188232422,-15.771470069885254 28.561199188232422,-15.771479606628418 28.56117057800293,-15.771479606628418 28.56113052368164,-15.771559715270996 28.561059951782227,-15.77157974243164 28.561059951782227,-15.771590232849121 28.561019897460938,-15.771610260009766 28.560949325561523,-15.7716703414917 28.560909271240234,-15.771719932556152 28.560869216918945,-15.771780014038086 28.560869216918945,-15.77180004119873 28.560869216918945,-15.771920204162598 28.560840606689453,-15.772089958190918 28.560840606689453,-15.772130012512207 28.560800552368164,-15.772130012512207 28.560840606689453,-15.772130012512207 28.560840606689453,-15.772139549255371 28.560840606689453,-15.772159576416016 28.560760498046875,-15.772290229797363 28.560649871826172,-15.77239990234375 28.560619354248047,-15.77239990234375 28.560649871826172,-15.772379875183105 28.560619354248047,-15.772419929504395 28.560579299926758,-15.772459983825684 28.560579299926758,-15.772470474243164 28.56053924560547,-15.772470474243164 28.56053924560547,-15.772529602050781 28.560510635375977,-15.77262020111084 28.560470581054688,-15.772729873657227 28.560400009155273,-15.77280044555664 28.560359954833984,-15.772820472717285 28.56028938293457,-15.772899627685547 28.56028938293457,-15.772910118103027 28.56024932861328,-15.773079872131348 28.5601806640625,-15.773280143737793 28.56014060974121,-15.773429870605469 28.56014060974121,-15.773590087890625 28.560070037841797,-15.77377986907959 28.560029983520508,-15.773850440979004 28.560029983520508,-15.77383041381836 28.560029983520508,-15.773850440979004 28.55998992919922,-15.773870468139648 28.559770584106445,-15.773889541625977 28.55954933166504,-15.773850440979004 28.559329986572266,-15.773850440979004 28.55915069580078,-15.773920059204102 28.558889389038086,-15.774009704589844 28.5587100982666,-15.774049758911133 28.558530807495117,-15.774140357971191 28.558380126953125,-15.77418041229248 28.55816078186035,-15.774250030517578 28.557899475097656,-15.774230003356934 28.557649612426758,-15.774160385131836 28.557390213012695,-15.774160385131836 28.557130813598633,-15.774230003356934 28.556949615478516,-15.774310111999512 28.556949615478516,-15.774330139160156 28.556989669799805,-15.774330139160156 28.556949615478516,-15.774330139160156 28.556949615478516,-15.77433967590332 28.556949615478516,-15.774530410766602 28.556949615478516,-15.774820327758789 28.556880950927734,-15.775059700012207 28.556730270385742,-15.775279998779297 28.55657958984375,-15.775480270385742 28.556440353393555,-15.775650024414062 28.556289672851562,-15.77577018737793 28.55607032775879,-15.775850296020508 28.555959701538086,-15.77593994140625 28.555919647216797,-15.775959968566895 28.555889129638672,-15.776029586791992 28.555889129638672,-15.776009559631348 28.555889129638672,-15.776029586791992 28.555849075317383,-15.776049613952637 28.555700302124023,-15.776229858398438 28.55562973022461,-15.776530265808105 28.555559158325195,-15.776820182800293 28.555410385131836,-15.777079582214355 28.555259704589844,-15.777310371398926 28.55512046813965,-15.777589797973633 28.554929733276367,-15.777790069580078 28.554710388183594,-15.777939796447754 28.554460525512695,-15.778070449829102 28.55419921875,-15.778070449829102 28.554019927978516,-15.777850151062012 28.553869247436523,-15.777609825134277 28.55364990234375,-15.777409553527832 28.553359985351562,-15.777409553527832 28.5531005859375,-15.777420043945312 28.552839279174805,-15.777299880981445 28.55261993408203,-15.77715015411377 28.552440643310547,-15.777000427246094 28.55225944519043,-15.77692985534668 28.552040100097656,-15.776800155639648 28.551740646362305,-15.776749610900879 28.55167007446289,-15.776749610900879 28.551340103149414,-15.776820182800293 28.55108070373535,-15.776869773864746 28.550859451293945,-15.776840209960938 28.550790786743164,-15.77698040008545 28.55072021484375,-15.77715015411377 28.550640106201172,-15.777299880981445 28.550609588623047,-15.777480125427246 28.550460815429688,-15.777569770812988 28.55027961730957,-15.777569770812988 28.550090789794922,-15.777640342712402 28.550020217895508,-15.777810096740723 28.549909591674805,-15.777970314025879 28.549949645996094,-15.778180122375488 28.549909591674805,-15.7783203125 28.549869537353516,-15.778519630432129 28.549840927124023,-15.778759956359863 28.549619674682617,-15.778960227966309 28.549509048461914,-15.779179573059082 28.549470901489258,-15.779439926147461 28.549509048461914,-15.779720306396484 28.549579620361328,-15.779970169067383 28.549760818481445,-15.780170440673828 28.549840927124023,-15.780389785766602 28.549909591674805,-15.78065013885498 28.549869537353516,-15.780909538269043 28.549760818481445,-15.781149864196777 28.549650192260742,-15.781370162963867 28.549579620361328,-15.781510353088379 28.54943084716797,-15.78164005279541 28.549179077148438,-15.781769752502441 28.54899024963379,-15.781970024108887 28.54874038696289,-15.782119750976562 28.548479080200195,-15.782210350036621 28.548189163208008,-15.782279968261719 28.547929763793945,-15.782299995422363 28.54775047302246,-15.782360076904297 28.547529220581055,-15.782389640808105 28.547340393066406,-15.782360076904297 28.547199249267578,-15.782340049743652 28.547090530395508,-15.782360076904297 28.547090530395508,-15.782369613647461 28.54705047607422,-15.78240966796875 28.54701042175293,-15.782500267028809 28.546979904174805,-15.782609939575195 28.5468692779541,-15.782690048217773 28.5468692779541,-15.782779693603516 28.5468692779541,-15.78279972076416 28.5468692779541,-15.782830238342285 28.5468692779541,-15.78285026550293 28.546899795532227,-15.78285026550293 28.546899795532227,-15.782830238342285 28.546899795532227,-15.78285026550293 28.546899795532227,-15.782830238342285 28.5468692779541,-15.782830238342285 28.5468692779541,-15.78285026550293 28.5468692779541,-15.782830238342285 28.5468692779541,-15.78285026550293 28.546899795532227,-15.78285026550293 28.546899795532227,-15.782870292663574 28.546899795532227,-15.782910346984863 28.546939849853516,-15.782910346984863 28.546939849853516,-15.782919883728027 28.546939849853516,-15.782910346984863 28.546899795532227,-15.782910346984863 28.546899795532227,-15.782919883728027 28.546899795532227,-15.782910346984863 28.546899795532227,-15.782890319824219 28.546899795532227,-15.782910346984863 28.546939849853516,-15.782910346984863 28.546899795532227,-15.782919883728027 28.546939849853516,-15.782919883728027 28.546939849853516,-15.782910346984863 28.546899795532227,-15.782910346984863 28.546899795532227,-15.782939910888672 28.546899795532227,-15.782919883728027 28.5468692779541,-15.782890319824219 28.546829223632812,-15.782739639282227 28.546720504760742,-15.78262996673584 28.546680450439453,-15.782609939575195 28.546720504760742,-15.782609939575195 28.546680450439453,-15.78258991241455 28.54656982421875,-15.782520294189453 28.546539306640625,-15.782500267028809 28.546459197998047,-15.78240966796875 28.546350479125977,-15.782279968261719 28.54631996154785,-15.782210350036621 28.54631996154785,-15.782190322875977 28.546239852905273,-15.782059669494629 28.54608917236328,-15.7818603515625 28.5460205078125,-15.7816801071167 28.545909881591797,-15.781550407409668 28.545690536499023,-15.781439781188965 28.545549392700195,-15.781270027160645 28.545509338378906,-15.781270027160645 28.545509338378906,-15.781259536743164 28.545400619506836,-15.781160354614258 28.545249938964844,-15.781020164489746 28.54509925842285,-15.7808198928833 28.54503059387207,-15.780719757080078 28.544919967651367,-15.780559539794922 28.544780731201172,-15.780360221862793 28.54463005065918,-15.780159950256348 28.544559478759766,-15.779879570007324 28.544410705566406,-15.779729843139648 28.544300079345703,-15.779569625854492 28.544189453125,-15.779419898986816 28.544189453125,-15.779219627380371 28.54408073425293,-15.778960227966309 28.54408073425293,-15.778929710388184 28.543930053710938,-15.778619766235352 28.543859481811523,-15.778360366821289 28.543710708618164,-15.7781400680542 28.543529510498047,-15.777939796447754 28.543420791625977,-15.777770042419434 28.54323959350586,-15.777790069580078 28.542980194091797,-15.77772045135498 28.542760848999023,-15.777640342712402 28.542499542236328,-15.77750015258789 28.542320251464844,-15.77733039855957 28.542020797729492,-15.777259826660156 28.54180908203125,-15.777219772338867 28.5415096282959,-15.777259826660156 28.541290283203125,-15.777299880981445 28.541030883789062,-15.7772798538208 28.54081916809082,-15.77715015411377 28.540630340576172,-15.776969909667969 28.540449142456055,-15.77676010131836 28.54026985168457,-15.776579856872559 28.540119171142578,-15.776430130004883 28.5400390625,-15.776309967041016 28.5400390625,-15.776320457458496 28.5400390625,-15.776309967041016 28.5400390625,-15.776320457458496 28.5400390625,-15.776339530944824 28.5400390625,-15.776320457458496 28.5400390625,-15.776309967041016 28.5400390625,-15.776320457458496 28.5400390625,-15.776309967041016 28.540010452270508,-15.776320457458496 28.540010452270508,-15.776339530944824 28.540010452270508,-15.776320457458496 28.5400390625,-15.776320457458496 28.5400390625,-15.776359558105469 28.540010452270508,-15.776339530944824 28.539939880371094,-15.776399612426758 28.539939880371094,-15.776490211486816 28.539939880371094,-15.77653980255127 28.539899826049805,-15.776559829711914 28.5397891998291,-15.776619911193848 28.539749145507812,-15.776639938354492 28.539709091186523,-15.776639938354492 28.539609909057617,-15.776670455932617 28.539419174194336,-15.776650428771973 28.53923988342285,-15.776670455932617 28.53904914855957,-15.77670955657959 28.538909912109375,-15.77676010131836 28.538719177246094,-15.776820182800293 28.538619995117188,-15.776860237121582 28.538619995117188,-15.776840209960938 28.538619995117188,-15.776860237121582 28.538469314575195,-15.77692985534668 28.538360595703125,-15.777039527893066 28.538280487060547,-15.777059555053711 28.538280487060547,-15.777079582214355 28.538280487060547,-15.777059555053711 28.538249969482422,-15.777079582214355 28.538179397583008,-15.777090072631836 28.538179397583008,-15.77711009979248 28.53813934326172,-15.777130126953125 28.53809928894043,-15.777130126953125 28.53805923461914,-15.777170181274414 28.53803062438965,-15.777199745178223 28.53799057006836,-15.777219772338867 28.53799057006836,-15.7772798538208 28.53795051574707,-15.777350425720215 28.537919998168945,-15.777409553527832 28.537879943847656,-15.777420043945312 28.53784942626953,-15.777420043945312 28.537809371948242,-15.777409553527832 28.537769317626953,-15.777389526367188 28.537729263305664,-15.777409553527832 28.537700653076172,-15.777420043945312 28.537620544433594,-15.777440071105957 28.53754997253418,-15.777460098266602 28.537479400634766,-15.777480125427246 28.537410736083984,-15.777480125427246 28.537370681762695,-15.777480125427246 28.537330627441406,-15.777460098266602 28.537189483642578,-15.777460098266602 28.53704071044922,-15.777520179748535 28.536890029907227,-15.777549743652344 28.53675079345703,-15.777520179748535 28.53660011291504,-15.777460098266602 28.53656005859375,-15.777480125427246 28.536529541015625,-15.777480125427246 28.536340713500977,-15.777460098266602 28.53611946105957,-15.777460098266602 28.53605079650879,-15.777460098266602 28.5360107421875,-15.777480125427246 28.535869598388672,-15.77750015258789 28.535720825195312,-15.77750015258789 28.53557014465332,-15.7775297164917 28.535390853881836,-15.7775297164917 28.535240173339844,-15.777520179748535 28.53516960144043,-15.77750015258789 28.53512954711914,-15.77750015258789 28.53506088256836,-15.77750015258789 28.53502082824707,-15.77750015258789 28.534950256347656,-15.777480125427246 28.534950256347656,-15.777460098266602 28.534910202026367,-15.777460098266602 28.534910202026367,-15.777440071105957 28.534879684448242,-15.777440071105957 28.53476905822754,-15.777420043945312 28.534690856933594,-15.777420043945312 28.534650802612305,-15.777420043945312 28.534469604492188,-15.777420043945312 28.534320831298828,-15.777420043945312 28.53413963317871,-15.777480125427246 28.534069061279297,-15.777460098266602 28.53403091430664,-15.777460098266602 28.53403091430664,-15.777480125427246 28.53399085998535,-15.777480125427246 28.53399085998535,-15.777460098266602 28.53399085998535,-15.777480125427246 28.53399085998535,-15.777460098266602 28.533960342407227,-15.777440071105957 28.533920288085938,-15.777420043945312 28.533920288085938,-15.777409553527832 28.533920288085938,-15.777389526367188 28.53377914428711,-15.77733039855957 28.53359031677246,-15.777239799499512 28.533409118652344,-15.777219772338867 28.533300399780273,-15.77711009979248 28.53314971923828,-15.777000427246094 28.532970428466797,-15.77692985534668 28.5327091217041,-15.77692985534668 28.532560348510742,-15.776869773864746 28.532489776611328,-15.776869773864746 28.532489776611328,-15.776860237121582 28.532459259033203,-15.776860237121582 28.532459259033203,-15.776840209960938 28.532459259033203,-15.776820182800293 28.532459259033203,-15.776840209960938 28.532459259033203,-15.776820182800293 28.532459259033203,-15.776840209960938 28.532459259033203,-15.776860237121582 28.532459259033203,-15.776840209960938 28.532459259033203,-15.776860237121582 28.532459259033203,-15.776869773864746 28.532419204711914,-15.776860237121582 28.532379150390625,-15.776820182800293 28.532379150390625,-15.776800155639648 28.532459259033203,-15.776780128479004 28.532489776611328,-15.776860237121582 28.532529830932617,-15.776869773864746 28.532560348510742,-15.776869773864746 28.532560348510742,-15.77688980102539 28.5327091217041,-15.77692985534668 28.532930374145508,-15.776969909667969 28.533119201660156,-15.77698040008545 28.533300399780273,-15.77711009979248 28.533449172973633,-15.777239799499512 28.533550262451172,-15.777259826660156 28.53373908996582,-15.777310371398926 28.53388023376465,-15.777409553527832 28.53403091430664,-15.777480125427246 28.534109115600586,-15.777480125427246 28.534290313720703,-15.777420043945312 28.534360885620117,-15.777409553527832 28.534439086914062,-15.777420043945312 28.534549713134766,-15.777440071105957 28.53462028503418,-15.777440071105957 28.534650802612305,-15.777440071105957 28.534690856933594,-15.777440071105957 28.534730911254883,-15.777440071105957 28.534839630126953,-15.777440071105957 28.534950256347656,-15.777480125427246 28.53498077392578,-15.777480125427246 28.53506088256836,-15.777520179748535 28.53516960144043,-15.777520179748535 28.535280227661133,-15.7775297164917 28.535310745239258,-15.777549743652344 28.535350799560547,-15.777549743652344 28.535539627075195,-15.777549743652344 28.5357608795166,-15.777520179748535 28.535940170288086,-15.777520179748535 28.53611946105957,-15.777440071105957 28.536340713500977,-15.777350425720215 28.536529541015625,-15.77733039855957 28.536670684814453,-15.7772798538208 28.5368595123291,-15.7772798538208 28.53704071044922,-15.777259826660156 28.537189483642578,-15.777170181274414 28.537220001220703,-15.777170181274414 28.537290573120117,-15.777170181274414 28.537330627441406,-15.777170181274414 28.537370681762695,-15.777170181274414 28.537439346313477,-15.77715015411377 28.537479400634766,-15.77715015411377 28.537479400634766,-15.777170181274414 28.537519454956055,-15.777170181274414 28.537479400634766,-15.777170181274414 28.537439346313477,-15.77715015411377 28.537439346313477,-15.777170181274414 28.537479400634766,-15.777190208435059 28.537479400634766,-15.777170181274414 28.537479400634766,-15.777190208435059 28.537519454956055,-15.777219772338867 28.53754997253418,-15.777259826660156 28.53759002685547,-15.7772798538208 28.537620544433594,-15.777299880981445 28.537700653076172,-15.77733039855957 28.537729263305664,-15.777389526367188 28.537809371948242,-15.777409553527832 28.53784942626953,-15.777420043945312 28.537919998168945,-15.777440071105957 28.537879943847656,-15.777460098266602 28.537919998168945,-15.777440071105957 28.537919998168945,-15.777420043945312 28.53803062438965,-15.77737045288086 28.53803062438965,-15.777350425720215 28.53809928894043,-15.7772798538208 28.53813934326172,-15.777190208435059 28.53813934326172,-15.777170181274414 28.538209915161133,-15.777079582214355 28.538320541381836,-15.777059555053711 28.538429260253906,-15.777000427246094 28.538509368896484,-15.77692985534668 28.5385799407959,-15.776869773864746 28.5386905670166,-15.776840209960938 28.538799285888672,-15.776800155639648 28.538909912109375,-15.77676010131836 28.539020538330078,-15.776729583740234 28.53904914855957,-15.776729583740234 28.539169311523438,-15.77670955657959 28.539350509643555,-15.776650428771973 28.53952980041504,-15.776670455932617 28.53968048095703,-15.776670455932617 28.5397891998291,-15.776670455932617 28.5397891998291,-15.776650428771973 28.5397891998291,-15.776639938354492 28.539899826049805,-15.776579856872559 28.540010452270508,-15.77653980255127 28.5400390625,-15.77653980255127 28.54007911682129,-15.77653980255127 28.54007911682129,-15.776530265808105 28.54007911682129,-15.77653980255127 28.5400390625,-15.776559829711914 28.5400390625,-15.776579856872559 28.5400390625,-15.776559829711914 28.5400390625,-15.77653980255127 28.540159225463867,-15.776599884033203 28.54022979736328,-15.776619911193848 28.540340423583984,-15.776670455932617 28.540409088134766,-15.77676010131836 28.54051971435547,-15.776860237121582 28.540630340576172,-15.776969909667969 28.540739059448242,-15.777090072631836 28.540849685668945,-15.777190208435059 28.541000366210938,-15.777259826660156 28.541030883789062,-15.777310371398926 28.541030883789062,-15.77733039855957 28.54107093811035,-15.77733039855957 28.541030883789062,-15.77733039855957 28.541030883789062,-15.777350425720215 28.541030883789062,-15.77733039855957 28.541030883789062,-15.777310371398926 28.541030883789062,-15.777299880981445 28.541030883789062,-15.777310371398926 28.54107093811035,-15.777310371398926 28.541030883789062,-15.777299880981445 28.541030883789062,-15.777310371398926 28.541030883789062,-15.77733039855957 28.54107093811035,-15.77733039855957 28.54107093811035,-15.777310371398926 28.541030883789062,-15.777310371398926 28.541030883789062,-15.77733039855957 28.541030883789062,-15.777310371398926 28.54107093811035,-15.77733039855957 28.54107093811035,-15.777310371398926 28.54107093811035,-15.77733039855957 28.54121971130371,-15.777350425720215 28.541400909423828,-15.777310371398926 28.541589736938477,-15.777299880981445 28.54180908203125,-15.777259826660156 28.541879653930664,-15.777239799499512 28.541990280151367,-15.777259826660156 28.542139053344727,-15.777310371398926 28.542280197143555,-15.77737045288086 28.542430877685547,-15.777460098266602 28.542499542236328,-15.777549743652344 28.54265022277832,-15.777629852294922 28.542800903320312,-15.777700424194336 28.542940139770508,-15.777739524841309 28.54313087463379,-15.777790069580078 28.543310165405273,-15.777830123901367 28.543460845947266,-15.777810096740723 28.543529510498047,-15.77791976928711 28.543569564819336,-15.778070449829102 28.54368019104004,-15.778209686279297 28.543790817260742,-15.778340339660645 28.543899536132812,-15.778510093688965 28.543930053710938,-15.778670310974121 28.544010162353516,-15.778849601745605 28.54408073425293,-15.779060363769531 28.54414939880371,-15.779219627380371 28.54414939880371,-15.779399871826172 28.54422950744629,-15.779549598693848 28.544370651245117,-15.779640197753906 28.544410705566406,-15.779789924621582 28.544450759887695,-15.779939651489258 28.544519424438477,-15.780099868774414 28.544559478759766,-15.780280113220215 28.54463005065918,-15.780409812927246 28.544809341430664,-15.780489921569824 28.544919967651367,-15.780610084533691 28.54507064819336,-15.780759811401367 28.54517936706543,-15.780929565429688 28.545249938964844,-15.7810697555542 28.545400619506836,-15.781180381774902 28.545509338378906,-15.781270027160645 28.54561996459961,-15.781399726867676 28.545759201049805,-15.781510353088379 28.545879364013672,-15.781599998474121 28.545989990234375,-15.7816801071167 28.54608917236328,-15.781769752502441 28.546239852905273,-15.781880378723145 28.546350479125977,-15.781990051269531 28.546499252319336,-15.782059669494629 28.546499252319336,-15.782210350036621 28.54656982421875,-15.782340049743652 28.546680450439453,-15.782449722290039 28.546789169311523,-15.782580375671387 28.546829223632812,-15.782690048217773 28.5468692779541,-15.782759666442871 28.5468692779541,-15.78281021118164 28.5468692779541,-15.782830238342285 28.5468692779541,-15.78285026550293 28.5468692779541,-15.782830238342285 28.5468692779541,-15.78285026550293 28.5468692779541,-15.782870292663574 28.546829223632812,-15.782939910888672 28.5468692779541,-15.782919883728027 28.5468692779541,-15.782910346984863 28.5468692779541,-15.78285026550293 28.5468692779541,-15.782830238342285 28.5468692779541,-15.78285026550293 28.546829223632812,-15.78279972076416 28.546789169311523,-15.782649993896484 28.546720504760742,-15.782500267028809 28.54656982421875,-15.782360076904297 28.546459197998047,-15.782210350036621 28.546680450439453,-15.782059669494629 28.546939849853516,-15.782010078430176 28.54715919494629,-15.781970024108887 28.547420501708984,-15.781949996948242 28.547670364379883,-15.78203010559082 28.547969818115234,-15.782099723815918 28.548189163208008,-15.782170295715332 28.54844093322754,-15.782210350036621 28.5487003326416,-15.782150268554688 28.548919677734375,-15.782039642333984 28.549100875854492,-15.781840324401855 28.549320220947266,-15.781709671020508 28.54953956604004,-15.781599998474121 28.549650192260742,-15.781379699707031 28.54973030090332,-15.781180381774902 28.549840927124023,-15.780940055847168 28.549840927124023,-15.78069019317627 28.549840927124023,-15.780449867248535 28.549800872802734,-15.780269622802734 28.54969024658203,-15.780119895935059 28.54953956604004,-15.779990196228027 28.549509048461914,-15.779809951782227 28.549509048461914,-15.779609680175781 28.549470901489258,-15.779399871826172 28.549509048461914,-15.779199600219727 28.54953956604004,-15.779000282287598 28.54973030090332,-15.778909683227539 28.549800872802734,-15.778690338134766 28.549840927124023,-15.778510093688965 28.549869537353516,-15.778300285339355 28.549949645996094,-15.778120040893555 28.549949645996094,-15.777939796447754 28.550060272216797,-15.777739524841309 28.55023956298828,-15.777609825134277 28.5504207611084,-15.777589797973633 28.550609588623047,-15.77750015258789 28.550640106201172,-15.777350425720215 28.55072021484375,-15.777190208435059 28.550830841064453,-15.777020454406738 28.550830841064453,-15.77688980102539 28.550939559936523,-15.776869773864746 28.55116081237793,-15.776869773864746 28.551410675048828,-15.776840209960938 28.551450729370117,-15.776820182800293 28.551780700683594,-15.776780128479004 28.552040100097656,-15.776840209960938 28.552330017089844,-15.77698040008545 28.552549362182617,-15.77711009979248 28.552770614624023,-15.7772798538208 28.552989959716797,-15.777389526367188 28.55316925048828,-15.777480125427246 28.553430557250977,-15.777440071105957 28.55360984802246,-15.777440071105957 28.553800582885742,-15.777569770812988 28.553939819335938,-15.777700424194336 28.554019927978516,-15.777850151062012 28.55413055419922,-15.778030395507812 28.554269790649414,-15.778120040893555 28.554489135742188,-15.77810001373291 28.554710388183594,-15.778010368347168 28.554899215698242,-15.777859687805176 28.55508041381836,-15.777700424194336 28.55518913269043,-15.77750015258789 28.555299758911133,-15.777310371398926 28.555410385131836,-15.777130126953125 28.555479049682617,-15.77692985534668 28.555559158325195,-15.776689529418945 28.55562973022461,-15.776470184326172 28.555700302124023,-15.776269912719727 28.555810928344727,-15.776100158691406 28.555959701538086,-15.775979995727539 28.55607032775879,-15.775870323181152 28.556249618530273,-15.775790214538574 28.556400299072266,-15.775699615478516 28.556549072265625,-15.775500297546387 28.556690216064453,-15.775300025939941 28.556880950927734,-15.775099754333496 28.556949615478516,-15.774860382080078 28.556949615478516,-15.774660110473633 28.556880950927734,-15.774530410766602 28.556840896606445,-15.774419784545898 28.556949615478516,-15.77433967590332 28.557130813598633,-15.774270057678223 28.55731964111328,-15.77422046661377 28.5575008392334,-15.77418041229248 28.557720184326172,-15.774230003356934 28.557979583740234,-15.774270057678223 28.55820083618164,-15.774290084838867 28.558420181274414,-15.774230003356934 28.558639526367188,-15.774140357971191 28.558889389038086,-15.774029731750488 28.55919075012207,-15.77396011352539 28.559370040893555,-15.773870468139648 28.559629440307617,-15.773900032043457 28.559919357299805,-15.773900032043457 28.5601806640625,-15.773920059204102 28.5604305267334,-15.773850440979004 28.56072998046875,-15.77379035949707 28.561019897460938,-15.773719787597656 28.561279296875,-15.773590087890625 28.5615291595459,-15.773480415344238 28.561790466308594,-15.77334976196289 28.562009811401367,-15.773500442504883 28.56216049194336,-15.773719787597656 28.56212043762207,-15.77400016784668 28.56218910217285,-15.774140357971191 28.56226921081543,-15.774290084838867 28.562379837036133,-15.774450302124023 28.562450408935547,-15.774669647216797 28.562519073486328,-15.774889945983887 28.56262969970703,-15.775079727172852 28.562780380249023,-15.775019645690918 28.562959671020508,-15.775039672851562 28.5631103515625,-15.775039672851562 28.56325912475586,-15.77499008178711 28.563400268554688,-15.774800300598145 28.56355094909668,-15.774660110473633 28.563730239868164,-15.774470329284668 28.563770294189453,-15.774439811706543 28.563919067382812,-15.774160385131836 28.56414031982422,-15.773940086364746 28.564250946044922,-15.773650169372559 28.564279556274414,-15.773340225219727 28.564170837402344,-15.773079872131348 28.56410026550293,-15.77280044555664 28.56410026550293,-15.772529602050781 28.56406021118164,-15.772250175476074 28.564029693603516,-15.771960258483887 28.563880920410156,-15.771699905395508 28.56365966796875,-15.771470069885254 28.563480377197266,-15.771249771118164 28.56325912475586,-15.771080017089844 28.56307029724121,-15.770899772644043 28.562850952148438,-15.770709991455078 28.56262969970703,-15.770529747009277 28.562519073486328,-15.770400047302246 28.562450408935547,-15.770330429077148 28.562450408935547,-15.770350456237793 28.562410354614258,-15.770330429077148 28.562410354614258,-15.770310401916504 28.562299728393555,-15.7701997756958 28.56218910217285,-15.770090103149414 28.56208038330078,-15.769980430603027 28.562009811401367,-15.769909858703613 28.562049865722656,-15.769829750061035 28.562049865722656,-15.76984977722168 28.56208038330078,-15.76984977722168 28.56208038330078,-15.769829750061035 28.56208038330078,-15.76984977722168 28.56208038330078,-15.769829750061035 28.56208038330078,-15.76984977722168 28.56208038330078,-15.769829750061035 28.562049865722656,-15.769829750061035 28.562049865722656,-15.76984977722168 28.56208038330078,-15.76984977722168 28.56208038330078,-15.769829750061035 28.562049865722656,-15.769829750061035 28.562049865722656,-15.769820213317871 28.562049865722656,-15.769829750061035 28.562049865722656,-15.76984977722168 28.562049865722656,-15.769829750061035 28.562049865722656,-15.76984977722168 28.562049865722656,-15.769829750061035 28.562049865722656,-15.769820213317871 28.56208038330078,-15.769820213317871 28.56208038330078,-15.769829750061035 28.56208038330078,-15.769820213317871 28.562049865722656,-15.769820213317871 28.562049865722656,-15.769829750061035 28.56208038330078,-15.769829750061035 28.562049865722656,-15.769829750061035 28.56208038330078,-15.769829750061035 28.56208038330078,-15.76984977722168 28.56208038330078,-15.769829750061035 28.562049865722656,-15.769829750061035 28.562049865722656,-15.769820213317871 28.562049865722656,-15.769800186157227 28.562049865722656,-15.769820213317871 28.562049865722656,-15.769829750061035 28.562049865722656,-15.769820213317871 28.56208038330078,-15.769820213317871 28.562049865722656,-15.769820213317871 28.56208038330078,-15.769820213317871 28.56208038330078,-15.769800186157227 28.562049865722656,-15.769820213317871 28.562049865722656,-15.769829750061035 28.56208038330078,-15.769820213317871 28.56208038330078,-15.769800186157227 28.56208038330078,-15.769820213317871 28.56208038330078,-15.769829750061035 28.562049865722656,-15.769829750061035 28.56208038330078,-15.769829750061035 28.56208038330078,-15.769820213317871 28.56208038330078,-15.769829750061035 28.56212043762207,-15.769829750061035 28.56208038330078,-15.769829750061035 28.56208038330078,-15.769820213317871 28.56208038330078,-15.769829750061035 28.56208038330078,-15.76984977722168 28.56212043762207,-15.76984977722168 28.56212043762207,-15.769829750061035 28.56212043762207,-15.76984977722168 28.56208038330078,-15.76984977722168 28.562049865722656,-15.76984977722168 28.562049865722656,-15.769829750061035 28.56208038330078,-15.769820213317871 28.562049865722656,-15.769820213317871 28.562049865722656,-15.769829750061035 28.562049865722656,-15.76984977722168 28.562049865722656,-15.769829750061035 28.562049865722656,-15.76984977722168 28.56208038330078,-15.769829750061035 28.562049865722656,-15.769829750061035 28.56208038330078,-15.769829750061035 28.56208038330078,-15.769820213317871 28.562049865722656,-15.769820213317871 28.562049865722656,-15.769829750061035 28.56208038330078,-15.769829750061035 28.56208038330078,-15.769820213317871 28.56208038330078,-15.769829750061035 28.562049865722656,-15.769829750061035 28.562049865722656,-15.769820213317871 28.56208038330078,-15.769820213317871 28.56208038330078,-15.769800186157227 28.562049865722656,-15.769800186157227 28.562049865722656,-15.769780158996582 28.562049865722656,-15.769800186157227 28.562009811401367,-15.769800186157227 28.562009811401367,-15.769820213317871 28.562049865722656,-15.769829750061035 28.562049865722656,-15.76984977722168 28.56208038330078,-15.769829750061035 28.56208038330078,-15.769820213317871 28.56208038330078,-15.769800186157227 28.56208038330078,-15.769820213317871 28.56208038330078,-15.769829750061035 28.56208038330078,-15.769820213317871 28.56208038330078,-15.769829750061035 28.56208038330078,-15.769820213317871 28.56212043762207,-15.769829750061035 28.56212043762207,-15.769820213317871 28.56212043762207,-15.769829750061035 28.56208038330078,-15.769829750061035 28.56208038330078,-15.769820213317871 28.56208038330078,-15.769800186157227 28.56208038330078,-15.769820213317871 28.56208038330078,-15.769829750061035 28.56208038330078,-15.769820213317871 28.56208038330078,-15.769829750061035 28.56208038330078,-15.769820213317871 28.56208038330078,-15.769829750061035 28.56208038330078,-15.769820213317871 28.56208038330078,-15.769829750061035 28.56208038330078,-15.769820213317871 28.56208038330078,-15.769829750061035 28.56208038330078,-15.769820213317871 28.56208038330078,-15.769800186157227</coordinates>
          </LineString>
        </Placemark>
        <Placemark>
          <name>1 Clean</name>
          <styleUrl>#entry_clean_445</styleUrl>
          <LineString>
            <coordinates>28.56287674470381,-15.771893450709019 28.56287674470381,-15.771893450709019 28.56289581908401,-15.771918395131802 28.56289581908401,-15.771918395131802 28.562889099121094,-15.771829605102543 28.562855529785157,-15.771895790101254 28.562855529785157,-15.771895790101254 28.562877605315094,-15.771913568214 28.562877605315094,-15.771913568214 28.56307029724121,-15.771960258483887 28.563110351562496,-15.771960258483887 28.563110351562496,-15.77194023132324 28.56318092346191,-15.77194023132324 28.563219070434567,-15.7719202041626 28.563267844063894,-15.771875381471624 28.563267844063894,-15.771875381471624 28.563400268554684,-15.771809577941895 28.563440322875977,-15.771809577941895 28.563440322875977,-15.771809577941895 28.563440322875977,-15.771809577941895 28.563440322875977,-15.771809577941895 28.563550949096676,-15.771759986877438 28.563589096069332,-15.771690368652344 28.56361961364746,-15.771670341491696 28.56361961364746,-15.771650314331051 28.56365966796875,-15.771539688110352 28.56365966796875,-15.771499633789059 28.563699722290036,-15.771450042724608 28.563730239868164,-15.771470069885254 28.563810348510742,-15.771559715270998 28.563880920410153,-15.771670341491696 28.563949584960938,-15.771780014038086 28.564029693603516,-15.771889686584473 28.56406021118164,-15.772029876708979 28.56406021118164,-15.772179603576658 28.56410026550293,-15.772330284118654 28.56410026550293,-15.772470474243168 28.56410026550293,-15.772620201110835 28.564140319824215,-15.772729873657225 28.56427955627441,-15.772769927978516 28.564390182495114,-15.77274990081787 28.564540863037106,-15.772709846496582 28.56468963623047,-15.772680282592773 28.564870834350586,-15.77264022827148 28.565019607543945,-15.772680282592773 28.565200805664062,-15.772689819335934 28.56534957885742,-15.77274990081787 28.56549072265625,-15.772769927978516 28.565570831298828,-15.772800445556639 28.565570831298828,-15.772789955139157 28.565570831298828,-15.772769927978516 28.56549072265625,-15.772769927978516 28.565309524536133,-15.772729873657225 28.565130233764645,-15.772680282592773 28.564939498901367,-15.772660255432122 28.564720153808594,-15.772660255432122 28.564540863037106,-15.772709846496582 28.564390182495114,-15.772769927978516 28.564390182495114,-15.772859573364256 28.56450080871582,-15.772970199584961 28.564649581909176,-15.773059844970703 28.564760208129883,-15.773150444030765 28.564800262451172,-15.773209571838379 28.564760208129883,-15.773209571838379 28.564760208129883,-15.773240089416504 28.564720153808594,-15.773260116577148 28.564760208129883,-15.773209571838379 28.564800262451172,-15.773209571838379 28.564830780029293,-15.773229598999022 28.564870834350586,-15.773240089416504 28.564870834350586,-15.773260116577148 28.564870834350586,-15.773280143737797 28.564870834350586,-15.77332019805908 28.564830780029293,-15.77332019805908 28.564800262451172,-15.77332019805908 28.564760208129883,-15.773209571838379 28.56468963623047,-15.773079872131348 28.56460952758789,-15.77303981781006 28.56460952758789,-15.773059844970703 28.56460952758789,-15.773059844970703 28.56460952758789,-15.773059844970703 28.5645809173584,-15.77303981781006 28.564537781935464,-15.773122640757427 28.564537781935464,-15.773122640757427 28.56450080871582,-15.773280143737797 28.56447029113769,-15.773369789123532 28.564430236816406,-15.773460388183592 28.564430236816406,-15.77348041534424 28.564430236816406,-15.773500442504883 28.564430236816406,-15.773539543151857 28.564390182495114,-15.773590087890627 28.564390182495114,-15.773590087890627 28.564319610595703,-15.773630142211914 28.564291000366207,-15.773687090194732 28.564291000366207,-15.773687090194732 28.56427537540978,-15.773733762069712 28.56427537540978,-15.773733762069712 28.564210891723633,-15.773810386657711 28.56417083740234,-15.773830413818356 28.564140319824215,-15.773889541625973 28.564140319824215,-15.773900032043459 28.56406021118164,-15.773980140686037 28.563989639282223,-15.774049758911133 28.56391906738281,-15.774120330810543 28.56381713019477,-15.77425787184114 28.56381713019477,-15.77425787184114 28.563770294189453,-15.774310111999512 28.563730239868164,-15.774399757385256 28.563730239868164,-15.774419784545891 28.563699722290036,-15.77447032928467 28.56361961364746,-15.7745304107666 28.56361961364746,-15.774550437927248 28.563550949096676,-15.774620056152344 28.563480377197266,-15.774669647216797 28.563400268554684,-15.77472972869873 28.563369750976562,-15.774800300598145 28.563289642333984,-15.774889945983885 28.56318092346191,-15.774970054626467 28.56307029724121,-15.774990081787106 28.56307029724121,-15.774999618530275 28.562959671020508,-15.774990081787106 28.562889099121094,-15.774970054626467 28.562889099121094,-15.774970054626467 28.562780380249023,-15.774970054626467 28.56266975402832,-15.775019645690916 28.56262969970703,-15.775019645690916 28.562559127807614,-15.774990081787106 28.562559127807614,-15.774970054626467 28.562519073486328,-15.774860382080083 28.562450408935547,-15.77472972869873 28.562450408935547,-15.774620056152344 28.562410354614254,-15.774490356445312 28.562379837036133,-15.774399757385256 28.562299728393555,-15.774290084838869 28.56226921081543,-15.77422046661377 28.56222915649414,-15.774180412292479 28.56222915649414,-15.774160385131834 28.56222915649414,-15.774160385131834 28.56218910217285,-15.774089813232424 28.56216049194336,-15.774000167846678 28.562120437622067,-15.773889541625973 28.562120437622067,-15.773889541625973 28.56216049194336,-15.773790359497069 28.56216049194336,-15.773759841918942 28.56216049194336,-15.773679733276367 28.56218910217285,-15.773630142211914 28.56216049194336,-15.773559570312498 28.562120437622067,-15.773520469665527 28.562049865722653,-15.77348041534424 28.562009811401367,-15.773429870605463 28.561969757080075,-15.773429870605463 28.561899185180664,-15.773369789123532 28.561899185180664,-15.773349761962887 28.56183052062988,-15.77332019805908 28.561790466308594,-15.77330017089844 28.5617504119873,-15.77332019805908 28.56171989440918,-15.773349761962887 28.5616397857666,-15.77338981628418 28.561609268188477,-15.773429870605463 28.561569213867184,-15.773429870605463 28.5615291595459,-15.773449897766106 28.561460494995114,-15.77348041534424 28.561420440673825,-15.773520469665527 28.561349868774414,-15.773539543151857 28.561279296875,-15.773559570312498 28.561199188232422,-15.77357006072998 28.561130523681637,-15.773630142211914 28.561090469360348,-15.773650169372555 28.561019897460938,-15.773670196533201 28.561019897460938,-15.773670196533201 28.560869216918945,-15.773719787597658 28.560689926147457,-15.773759841918942 28.560539245605465,-15.77377986907959 28.560359954833988,-15.773810386657711 28.560180664062496,-15.77387046813965 28.559989929199215,-15.77387046813965 28.55977058410644,-15.773889541625973 28.559549331665036,-15.773850440979006 28.55929946899414,-15.773830413818356 28.55915069580078,-15.773920059204102 28.558929443359375,-15.774000167846678 28.558780670166016,-15.774009704589846 28.558639526367184,-15.774109840393061 28.55845069885254,-15.774160385131834 28.558380126953125,-15.774180412292479 28.558340072631832,-15.774180412292479 28.55826950073242,-15.774200439453125 28.55826950073242,-15.774200439453125 28.55816078186035,-15.774250030517582 28.55801010131836,-15.77423000335693 28.55783081054687,-15.77422046661377 28.55768013000488,-15.774160385131834 28.557540893554688,-15.774140357971191 28.55743026733398,-15.774160385131834 28.55727958679199,-15.774180412292479 28.55710029602051,-15.774250030517582 28.55694961547852,-15.77433013916015 28.55694961547852,-15.7745304107666 28.55694961547852,-15.774780273437496 28.556909561157223,-15.775039672851562 28.556730270385742,-15.775239944458008 28.556549072265625,-15.775480270385739 28.556360244750977,-15.775699615478517 28.556110382080078,-15.775830268859862 28.555889129638672,-15.776029586791992 28.55570030212402,-15.77624988555908 28.555629730224606,-15.776510238647461 28.55555915832519,-15.776760101318358 28.555450439453125,-15.777000427246092 28.55529975891113,-15.777239799499513 28.555149078369137,-15.777520179748533 28.554969787597656,-15.777739524841307 28.554710388183594,-15.77791976928711 28.554489135742184,-15.778050422668457 28.554199218749996,-15.778070449829103 28.55405044555664,-15.777850151062012 28.55386924743652,-15.777609825134274 28.55368995666504,-15.777420043945314 28.55360984802246,-15.777370452880854 28.55360984802246,-15.777350425720211 28.55360984802246,-15.777370452880854 28.553539276123047,-15.777350425720211 28.553470611572262,-15.777350425720211 28.553430557250977,-15.777389526367186 28.553430557250977,-15.777460098266602 28.553390502929684,-15.777529716491694 28.553390502929684,-15.777609825134274 28.553470611572262,-15.777660369873043 28.553499221801754,-15.777700424194338 28.553499221801754,-15.77772045135498 28.553499221801754,-15.777700424194338 28.553499221801754,-15.77772045135498 28.553539276123047,-15.777739524841307 28.553579330444332,-15.777850151062012 28.553499221801754,-15.777959823608395 28.55335998535156,-15.778070449829103 28.553209304809567,-15.778209686279297 28.553060531616214,-15.778249740600584 28.552879333496094,-15.778289794921871 28.552839279174805,-15.778470039367672 28.552879333496094,-15.77861976623535 28.552839279174805,-15.778759956359863 28.552879333496094,-15.778889656066895 28.552989959716797,-15.778980255126958 28.5531005859375,-15.779089927673338 28.55316925048828,-15.779219627380373 28.553209304809567,-15.779399871826174 28.55327987670898,-15.779609680175787 28.55335998535156,-15.779769897460936 28.55327987670898,-15.779950141906742 28.55316925048828,-15.780099868774416 28.553060531616214,-15.780249595642086 28.55316925048828,-15.780340194702147 28.553390502929684,-15.780409812927243 28.553579330444332,-15.780599594116216 28.553649902343746,-15.780850410461428 28.55376052856445,-15.781089782714846 28.55360984802246,-15.781310081481934 28.553499221801754,-15.781570434570312 28.553319931030273,-15.781769752502443 28.553209304809567,-15.782059669494627 28.553030014038086,-15.782340049743654 28.553030014038086,-15.782580375671385 28.553319931030273,-15.782520294189455 28.553470611572262,-15.782739639282228 28.553470611572262,-15.78304958343506 28.553539276123047,-15.783269882202148 28.553720474243164,-15.783160209655762 28.55386924743652,-15.782910346984865 28.55405044555664,-15.782779693603516 28.554199218749996,-15.782699584960938 28.55434989929199,-15.782629966735838 28.554460525512695,-15.78246974945068 28.554489135742184,-15.782299995422363 28.554569244384762,-15.782139778137205 28.554710388183594,-15.782139778137205 28.554819107055664,-15.782250404357903 28.554899215698242,-15.782389640808105 28.554899215698242,-15.782540321350098 28.554899215698242,-15.78269004821777 28.55500984191894,-15.78275966644287 28.555149078369137,-15.782779693603516 28.555370330810547,-15.782719612121586 28.55551910400391,-15.78269004821777 28.5556697845459,-15.782699584960938 28.555889129638672,-15.78275966644287 28.556070327758786,-15.782870292663574 28.55617904663086,-15.783020019531245 28.55617904663086,-15.783160209655762 28.556110382080078,-15.783359527587892 28.55595970153809,-15.783470153808594 28.555780410766598,-15.783550262451172 28.55570030212402,-15.783709526062008 28.555780410766598,-15.783929824829107 28.555740356445312,-15.784130096435547 28.555629730224606,-15.784319877624513 28.55570030212402,-15.784460067749023 28.55570030212402,-15.784629821777342 28.555740356445312,-15.78477954864502 28.55584907531738,-15.78487014770508 28.5560302734375,-15.784919738769533 28.556219100952145,-15.784999847412111 28.55644035339355,-15.785030364990234 28.556619644165036,-15.785120010375973 28.55669021606445,-15.785269737243652 28.556659698486325,-15.785470008850096 28.556659698486325,-15.785710334777827 28.55669021606445,-15.785929679870602 28.556800842285156,-15.786100387573239 28.556880950927734,-15.786259651184082 28.55684089660644,-15.786299705505373 28.55684089660644,-15.786319732666016 28.556730270385742,-15.78643035888672 28.55669021606445,-15.786569595336918 28.556770324707028,-15.786769866943361 28.556909561157223,-15.78697967529297 28.5569896697998,-15.787220001220701 28.557060241699215,-15.787469863891598 28.557170867919922,-15.787690162658695 28.55731964111328,-15.787879943847656 28.55746078491211,-15.788020133972166 28.557569503784176,-15.788169860839844 28.557569503784176,-15.788350105285645 28.55768013000488,-15.78849983215332 28.55768013000488,-15.78849983215332 28.55772018432617,-15.788539886474611 28.557790756225586,-15.788570404052734 28.557790756225586,-15.788590431213377 28.55783081054687,-15.788610458374022 28.557870864868164,-15.788629531860352 28.557899475097653,-15.788640022277828 28.55797958374023,-15.788720130920408 28.55797958374023,-15.788809776306147 28.557870864868164,-15.788880348205565 28.557649612426754,-15.788960456848143 28.55743026733398,-15.78913974761963 28.557540893554688,-15.789380073547367 28.557790756225586,-15.789469718933109 28.55797958374023,-15.78954029083252 28.55816078186035,-15.78960037231445 28.55812072753906,-15.789779663085934 28.557870864868164,-15.789890289306639 28.55768013000488,-15.79008960723877 28.557569503784176,-15.7903299331665 28.55743026733398,-15.790510177612305 28.557170867919922,-15.790630340576172 28.556909561157223,-15.790809631347658 28.556659698486325,-15.790989875793462 28.55647087097168,-15.791210174560547 28.55644035339355,-15.791449546813965 28.556329727172848,-15.791600227355957 28.556329727172848,-15.791649818420405 28.55628967285156,-15.791689872741697 28.556249618530273,-15.791709899902344 28.55620817704633,-15.791793519800638 28.55620817704633,-15.791793519800638 28.5560302734375,-15.791999816894531 28.555919647216793,-15.79209041595459 28.55584907531738,-15.792180061340332 28.555810928344723,-15.792260169982908 28.555740356445312,-15.792309761047363 28.5556697845459,-15.792369842529299 28.5556697845459,-15.792369842529299 28.555629730224606,-15.792389869689941 28.55558967590332,-15.792400360107425 28.55555915832519,-15.792400360107425 28.55555915832519,-15.792400360107425 28.55555915832519,-15.792400360107425 28.55551910400391,-15.792420387268068 28.555450439453125,-15.792440414428707 28.555370330810547,-15.792440414428707 28.555370330810547,-15.792440414428707 28.55529975891113,-15.792440414428707 28.55525970458984,-15.792460441589352 28.555229187011715,-15.792460441589352 28.555229187011715,-15.792460441589352 28.555149078369137,-15.792460441589352 28.55512046813965,-15.792460441589352 28.55512046813965,-15.792460441589352 28.55504035949707,-15.792460441589352 28.554969787597656,-15.79248046875 28.554899215698242,-15.792499542236326 28.554819107055664,-15.792499542236326 28.554750442504883,-15.792499542236326 28.55467987060547,-15.792499542236326 28.554639816284176,-15.792499542236326 28.55452919006348,-15.79248046875 28.554489135742184,-15.792460441589352 28.554380416870117,-15.792460441589352 28.55426979064941,-15.792499542236326 28.554159164428707,-15.792499542236326 28.554159164428707,-15.792499542236326 28.55409049987793,-15.792460441589352 28.55405044555664,-15.792460441589352 28.55405044555664,-15.792440414428707 28.55405044555664,-15.792440414428707 28.554019927978516,-15.792440414428707 28.553939819335938,-15.792400360107425 28.55390930175781,-15.792389869689941 28.55390930175781,-15.792369842529299 28.55390930175781,-15.792369842529299 28.55390930175781,-15.792349815368654 28.55386924743652,-15.792349815368654 28.553829193115234,-15.792309761047363 28.553800582885742,-15.792280197143555 28.553720474243164,-15.792260169982908 28.553649902343746,-15.792280197143555 28.55360984802246,-15.792260169982908 28.553539276123047,-15.792200088500977 28.553539276123047,-15.792180061340332 28.553539276123047,-15.79216003417969 28.553499221801754,-15.792149543762203 28.553470611572262,-15.792110443115236 28.553390502929684,-15.792070388793945 28.55335998535156,-15.792059898376463 28.553319931030273,-15.79203987121582 28.553319931030273,-15.792019844055172 28.55327987670898,-15.791999816894531 28.55327987670898,-15.791979789733892 28.55327987670898,-15.791979789733892 28.553209304809567,-15.791930198669435 28.55314064025879,-15.791870117187498 28.55314064025879,-15.791850090026854 28.5531005859375,-15.791799545288088 28.5531005859375,-15.791780471801754 28.553030014038086,-15.791709899902344 28.552989959716797,-15.791669845581056 28.552989959716797,-15.791649818420405 28.552989959716797,-15.791649818420405 28.55291938781738,-15.791580200195309 28.552879333496094,-15.791560173034666 28.552810668945312,-15.79150009155273 28.552810668945312,-15.791489601135249 28.552730560302734,-15.791430473327638 28.55270004272461,-15.79135990142822 28.552619934082028,-15.791299819946287 28.552549362182617,-15.791230201721191 28.552480697631832,-15.79117012023926 28.552440643310547,-15.79117012023926 28.552289962768555,-15.791099548339846 28.552110671997067,-15.790989875793462 28.55192947387695,-15.790860176086428 28.55178070068359,-15.790789604187013 28.551630020141598,-15.790699958801268 28.5515193939209,-15.790630340576172 28.551380157470703,-15.790530204772953 28.55126953125,-15.790439605712889 28.55118942260742,-15.7903299331665 28.551120758056637,-15.790260314941408 28.551010131835938,-15.790169715881351 28.55093955993652,-15.79008960723877 28.55083084106445,-15.790040016174316 28.55083084106445,-15.790019989013665 28.55083084106445,-15.790019989013665 28.550790786743168,-15.789979934692383 28.55072021484375,-15.789910316467285 28.550609588623047,-15.78983974456787 28.550500869750973,-15.789779663085934 28.550460815429684,-15.789710044860842 28.550420761108395,-15.789690017700197 28.550420761108395,-15.78962993621826 28.55035018920898,-15.789560317993164 28.550310134887695,-15.789429664611818 28.55027961730957,-15.789270401000971 28.55027961730957,-15.789099693298336 28.55027961730957,-15.788940429687496 28.55027961730957,-15.7887601852417 28.55027961730957,-15.788539886474611 28.55027961730957,-15.788370132446289 28.550310134887695,-15.788189888000488 28.55023956298828,-15.788020133972166 28.550060272216793,-15.78789043426514 28.549869537353516,-15.787839889526373 28.549690246582028,-15.78785991668701 28.54950904846191,-15.78791046142578 28.54936027526855,-15.787980079650875 28.54924964904785,-15.788040161132814 28.549100875854492,-15.788060188293453 28.548990249633786,-15.78810977935791 28.548990249633786,-15.78810977935791 28.548990249633786,-15.78810977935791 28.548959732055664,-15.788129806518553 28.54891967773437,-15.788129806518553 28.54891967773437,-15.788129806518553 28.548879623413086,-15.788149833679201 28.548770904541012,-15.788149833679201 28.548770904541012,-15.788149833679201 28.54874038696289,-15.788149833679201 28.548660278320316,-15.788169860839844 28.548629760742184,-15.788220405578612 28.548629760742184,-15.788240432739258 28.548629760742184,-15.788279533386227 28.548629760742184,-15.788299560546879 28.5485897064209,-15.788299560546879 28.5485897064209,-15.788310050964354 28.5485897064209,-15.788310050964354 28.54851913452148,-15.78843021392822 28.54844093322754,-15.788479804992676 28.54837036132812,-15.78849983215332 28.548330307006832,-15.788519859313968 28.548299789428714,-15.788519859313968 28.54821968078613,-15.78855037689209 28.54814910888672,-15.788590431213377 28.54810905456543,-15.788610458374022 28.548080444335934,-15.788640022277828 28.548040390014645,-15.788660049438477 28.54792976379394,-15.788740158081055 28.547859191894528,-15.788789749145508 28.547859191894528,-15.788809776306147 28.547819137573242,-15.788829803466799 28.547819137573242,-15.788829803466799 28.54777908325195,-15.788849830627438 28.54771041870117,-15.788869857788082 28.547670364379883,-15.788880348205565 28.547639846801754,-15.788880348205565 28.547639846801754,-15.788880348205565 28.547639846801754,-15.788880348205565 28.54742050170898,-15.788849830627438 28.547199249267578,-15.788740158081055 28.546899795532223,-15.788610458374022 28.546829223632812,-15.78855037689209 28.546539306640625,-15.78849983215332 28.54627990722656,-15.78843021392822 28.545909881591793,-15.788330078125002 28.545619964599606,-15.788260459899899 28.545330047607422,-15.788129806518553 28.544960021972656,-15.788020133972166 28.544630050659176,-15.78789043426514 28.544370651245117,-15.787929534912106 28.544189453125,-15.787949562072756 28.544149398803707,-15.787929534912106 28.54408073425293,-15.7879695892334 28.54408073425293,-15.7879695892334 28.544010162353512,-15.788060188293453 28.543930053710934,-15.788149833679201 28.54385948181152,-15.788209915161131 28.543750762939453,-15.788209915161131 28.54360008239746,-15.788189888000488 28.543310165405273,-15.788129806518553 28.543020248413086,-15.78810977935791 28.542800903320312,-15.788040161132814 28.54261016845703,-15.787980079650875 28.542470932006836,-15.78791046142578 28.542320251464844,-15.78785991668701 28.542139053344723,-15.787759780883787 28.541990280151367,-15.787730216979979 28.541809082031246,-15.78759956359863 28.541509628295895,-15.787489891052243 28.541219711303707,-15.787340164184572 28.54103183746338,-15.787248949210426 28.54103183746338,-15.787248949210426 28.54073905944824,-15.787119865417484 28.540599822998047,-15.787070274353027 28.540489196777344,-15.787010192871094 28.54034042358398,-15.786959648132322 28.540189743041992,-15.786919593811028 28.5400390625,-15.78684997558594 28.539859771728516,-15.786740303039553 28.53964042663574,-15.78666019439697 28.539459228515625,-15.786609649658203 28.53919982910156,-15.786609649658203 28.538980484008786,-15.786629676818848 28.53879928588867,-15.78658962249756 28.538690567016598,-15.786560058593752 28.53853988647461,-15.786479949951174 28.53836059570312,-15.786410331726074 28.538179397583008,-15.786319732666016 28.537990570068356,-15.786259651184082 28.53784942626953,-15.786210060119625 28.53770065307617,-15.786170005798342 28.537519454956055,-15.786190032958977 28.537330627441403,-15.786259651184082 28.5372200012207,-15.786299705505373 28.537080764770504,-15.786299705505373 28.536930084228512,-15.7863302230835 28.536750793457035,-15.786370277404785 28.536560058593746,-15.78639030456543 28.536380767822266,-15.786459922790531 28.53619956970215,-15.786459922790531 28.5360107421875,-15.786499977111813 28.53586959838867,-15.786520004272464 28.535829544067383,-15.786520004272464 28.53578948974609,-15.786520004272464 28.535829544067383,-15.786520004272464 28.535829544067383,-15.786520004272464 28.53578948974609,-15.786520004272464 28.5357608795166,-15.786540031433107 28.53572082519531,-15.786560058593752 28.53564071655273,-15.786569595336918 28.535570144653317,-15.786629676818848 28.535539627075195,-15.78666019439697 28.535499572753903,-15.786720275878904 28.53545951843262,-15.786760330200195 28.53545951843262,-15.786769866943361 28.53528022766113,-15.78687000274658 28.535129547119137,-15.786919593811028 28.534910202026367,-15.78697967529297 28.534730911254883,-15.786959648132322 28.534509658813473,-15.786899566650389 28.5342903137207,-15.786890029907227 28.534069061279293,-15.786829948425291 28.53380966186523,-15.786809921264648 28.53359031677246,-15.786760330200195 28.53336906433105,-15.786700248718262 28.533189773559574,-15.78658962249756 28.53289031982422,-15.786479949951174 28.53266906738281,-15.786410331726074 28.532489776611328,-15.786299705505373 28.53227043151855,-15.786190032958977 28.532151482322018,-15.786118449587098 28.532151482322018,-15.786118449587098 28.531900405883786,-15.785969734191893 28.53175926208496,-15.78590965270996 28.531679153442383,-15.785820007324219 28.531570434570316,-15.785710334777827 28.53142929077148,-15.785639762878418 28.531240463256836,-15.785510063171387 28.531099319458004,-15.785400390625 28.530910491943356,-15.785329818725579 28.53076934814453,-15.785269737243652 28.53066062927246,-15.785200119018553 28.53066062927246,-15.785200119018553 28.53062057495117,-15.785160064697266 28.530550003051758,-15.785110473632812 28.53046989440918,-15.785070419311529 28.53046989440918,-15.785050392150877 28.53046989440918,-15.785030364990234 28.530399322509766,-15.784919738769533 28.530330657958984,-15.78477954864502 28.530250549316403,-15.784609794616701 28.530179977416992,-15.7844295501709 28.53006935119629,-15.784259796142578 28.52996063232422,-15.784099578857422 28.529850006103512,-15.78396987915039 28.52973937988281,-15.783840179443356 28.529560089111325,-15.783690452575685 28.52944946289062,-15.783510208129885 28.52930068969727,-15.783359527587892 28.52923011779785,-15.783180236816404 28.529190063476562,-15.782999992370605 28.529382705688487,-15.782764275869397 28.529382705688487,-15.782764275869397 28.529409408569336,-15.782699584960938 28.529479980468746,-15.782609939575195 28.529560089111325,-15.782520294189455 28.529710769653317,-15.782489776611325 28.529809951782227,-15.782429695129395 28.529920578002926,-15.782340049743654 28.529920578002926,-15.782299995422363 28.52996063232422,-15.782250404357903 28.530000686645504,-15.782210350036623 28.53006935119629,-15.782170295715332 28.530109405517578,-15.782150268554688 28.530109405517578,-15.782150268554688 28.530139923095703,-15.782139778137205 28.530139923095703,-15.782119750976562 28.530179977416992,-15.782079696655272 28.53022003173828,-15.782079696655272 28.53022003173828,-15.782079696655272 28.53029060363769,-15.782139778137205 28.530330657958984,-15.782210350036623 28.530330657958984,-15.782299995422363 28.530330657958984,-15.78232002258301 28.530330657958984,-15.782360076904297 28.53029060363769,-15.782489776611325 28.530330657958984,-15.78258991241455 28.530359268188473,-15.78258991241455 28.530359268188473,-15.78258991241455 28.530509948730465,-15.78258991241455 28.53066062927246,-15.78250026702881 28.53076934814453,-15.782340049743654 28.530839920043945,-15.782210350036623 28.530839920043945,-15.782059669494627 28.530846323285783,-15.781979356494121 28.530846323285783,-15.781979356494121 28.530839920043945,-15.78180980682373 28.530839920043945,-15.781709671020508 28.530809402465817,-15.781599998474121 28.53076934814453,-15.781510353088379 28.53072929382324,-15.781399726867672 28.530689239501953,-15.781330108642578 28.530689239501953,-15.781310081481934 28.53066062927246,-15.781200408935547 28.530550003051758,-15.781069755554201 28.53062057495117,-15.780909538269045 28.530689239501953,-15.780779838562013 28.53076934814453,-15.780670166015627 28.530839920043945,-15.780540466308596 28.530910491943356,-15.780409812927243 28.53095054626465,-15.780280113220217 28.530990600585934,-15.780170440673825 28.530990600585934,-15.780030250549316 28.530990600585934,-15.77989959716797 28.53095054626465,-15.779769897460936 28.53095054626465,-15.779680252075197 28.53087997436523,-15.779569625854496 28.530809402465817,-15.779459953308105 28.530809402465817,-15.779439926147461 28.530809402465817,-15.779459953308105 28.530809402465817,-15.779459953308105 28.53076934814453,-15.779439926147461 28.53076934814453,-15.779439926147461 28.53072929382324,-15.779419898986813 28.53062057495117,-15.779370307922365 28.530509948730465,-15.779279708862305 28.53043937683105,-15.779170036315913 28.530399322509766,-15.779089927673338 28.530399322509766,-15.779040336608887 28.530359268188473,-15.779000282287596 28.530330657958984,-15.778960227966309 28.530250549316403,-15.778889656066895 28.530250549316403,-15.778759956359863 28.53029060363769,-15.778650283813477 28.530250549316403,-15.77851963043213 28.53022003173828,-15.778380393981932 28.53029060363769,-15.778229713439943 28.530330657958984,-15.778120040893553 28.530399322509766,-15.777990341186525 28.53043937683105,-15.777859687805174 28.530509948730465,-15.777739524841307 28.530550003051758,-15.777589797973633 28.530580520629886,-15.777440071105955 28.53062057495117,-15.777299880981445 28.53062057495117,-15.777130126953123 28.53066062927246,-15.77698040008545 28.530689239501953,-15.776909828186035 28.530689239501953,-15.776869773864748 28.53072929382324,-15.776749610900877 28.530839920043945,-15.776689529418947 28.530990600585934,-15.776639938354494 28.531099319458004,-15.776639938354494 28.53117833818708,-15.776648930140936 28.53117833818708,-15.776648930140936 28.531320571899414,-15.776749610900877 28.531349182128906,-15.776760101318358 28.53138923645019,-15.776729583740234 28.5314998626709,-15.77670955657959 28.531570434570316,-15.776689529418947 28.53165054321289,-15.776670455932617 28.531679153442383,-15.776650428771973 28.53171920776367,-15.776650428771973 28.53175926208496,-15.776670455932617 28.531799316406246,-15.776689529418947 28.531829833984375,-15.776689529418947 28.531900405883786,-15.77670955657959 28.531980514526367,-15.77670955657959 28.532009124755856,-15.776729583740234 28.532009124755856,-15.776729583740234 28.532009124755856,-15.776729583740234 28.532009124755856,-15.776729583740234 28.532049179077152,-15.776729583740234 28.532089233398434,-15.776729583740234 28.532159805297848,-15.77670955657959 28.532230377197266,-15.77670955657959 28.53227043151855,-15.776729583740234 28.532339096069336,-15.776760101318358 28.532414754231763,-15.776829083761706 28.532414754231763,-15.776829083761706 28.532440261840804,-15.77682750701953 28.532440261840804,-15.77682750701953 28.532310485839844,-15.776929855346678 28.532310485839844,-15.776949882507326 28.53227043151855,-15.77698040008545 28.53227043151855,-15.77702045440674 28.532230377197266,-15.777059555053713 28.53219985961914,-15.77711009979248 28.532159805297848,-15.77717018127441 28.532129287719727,-15.777219772338867 28.532089233398434,-15.777279853820797 28.532049179077152,-15.777330398559567 28.531980514526367,-15.777409553527832 28.531980514526367,-15.777420043945314 28.531980514526367,-15.777440071105955 28.531940460205078,-15.777460098266602 28.53186988830566,-15.777529716491694 28.53186988830566,-15.777549743652346 28.531829833984375,-15.777589797973633 28.53175926208496,-15.77762985229492 28.53171920776367,-15.777680397033691 28.53165054321289,-15.777700424194338 28.53165054321289,-15.77772045135498 28.53165054321289,-15.77772045135498 28.531570434570316,-15.77777004241943 28.531570434570316,-15.777790069580078 28.531570434570316,-15.777810096740717 28.531539916992188,-15.777830123901365 28.53142929077148,-15.777879714965822 28.53138923645019,-15.777959823608395 28.531320571899414,-15.778050422668457 28.531320571899414,-15.778160095214847 28.53128051757812,-15.778229713439943 28.53120994567871,-15.778320312499996 28.531152534484857,-15.778370380402253 28.531152534484857,-15.778370380402253 28.531133211576016,-15.778399614187482 28.531133211576016,-15.778399614187482 28.531079864501955,-15.778483118331199 28.531079864501955,-15.778483118331199 28.53109831809997,-15.778513908386635 28.53109831809997,-15.778513908386635 28.531024932861317,-15.778615291305348 28.531024932861317,-15.778615291305348 28.53095054626465,-15.77871036529541 28.53095054626465,-15.778730392456055 28.530910491943356,-15.778739929199219 28.530910491943356,-15.778759956359863 28.530910491943356,-15.778759956359863 28.530910491943356,-15.778759956359863 28.530910491943356,-15.778800010681154 28.53087997436523,-15.778849601745604 28.53087997436523,-15.77890968322754 28.53087997436523,-15.778949737548828 28.53087997436523,-15.778960227966309 28.53087997436523,-15.779089927673338 28.530839920043945,-15.779199600219727 28.530839920043945,-15.779259681701657 28.530839920043945,-15.779399871826174 28.530839920043945,-15.779509544372553 28.530839920043945,-15.779500007629396 28.530839920043945,-15.779500007629396 28.530839920043945,-15.779500007629396 28.530839920043945,-15.779500007629396 28.53087997436523,-15.779529571533205 28.53095054626465,-15.779720306396488 28.53095054626465,-15.779919624328615 28.530910491943356,-15.7801399230957 28.530910491943356,-15.780300140380852 28.530910491943356,-15.780429840087887 28.530809402465817,-15.780599594116216 28.530689239501953,-15.7808198928833 28.530550003051758,-15.781089782714846 28.530689239501953,-15.781290054321286 28.53076934814453,-15.781530380249025 28.530839920043945,-15.781789779663084 28.530839920043945,-15.781949996948244 28.53087997436523,-15.782230377197264 28.53076934814453,-15.78236961364746 28.530627250671387,-15.782511949539503 28.530627250671387,-15.782511949539503 28.530550003051758,-15.782629966735838 28.53046989440918,-15.78269004821777 28.53046989440918,-15.782699584960938 28.53043937683105,-15.782719612121586 28.530344554356166,-15.782776832581249 28.530344554356166,-15.782776832581249 28.53029060363769,-15.782810211181642 28.530250549316403,-15.782850265502926 28.530179977416992,-15.782870292663574 28.530040740966797,-15.782959938049316 28.52988910675049,-15.783033561706697 28.52988910675049,-15.783033561706697 28.5297794342041,-15.783140182495117 28.52973937988281,-15.783180236816404 28.529710769653317,-15.7832498550415 28.529710769653317,-15.783240318298333 28.529710769653317,-15.7832498550415 28.529590606689453,-15.783349990844723 28.529560089111325,-15.783470153808594 28.52948265075683,-15.78359921773342 28.52948265075683,-15.78359921773342 28.52944946289062,-15.78363990783691 28.52930068969727,-15.783659934997559 28.52930068969727,-15.783679962158203 28.529260635375973,-15.783690452575685 28.529150009155277,-15.783800125122072 28.52907943725586,-15.783909797668459 28.529050827026367,-15.783929824829107 28.529010772705075,-15.783949851989743 28.528900146484375,-15.784020423889164 28.528860092163082,-15.784040451049805 28.528749465942383,-15.784020423889164 28.52864074707031,-15.784099578857422 28.52864074707031,-15.784119606018065 28.528600692749023,-15.784130096435547 28.528570175170895,-15.784150123596188 28.528459548950195,-15.78417015075684 28.528390884399414,-15.784230232238766 28.52835083007812,-15.784239768981932 28.52835083007812,-15.784239768981932 28.52820014953613,-15.784299850463865 28.52812957763672,-15.784370422363283 28.52812957763672,-15.784370422363283 28.52812957763672,-15.784390449523924 28.52812957763672,-15.78441047668457 28.52808952331543,-15.78441047668457 28.527980804443356,-15.784500122070314 28.527870178222653,-15.784589767456055 28.527799606323242,-15.784649848937992 28.527759552001953,-15.784649848937992 28.527730941772457,-15.78466987609863 28.527730941772457,-15.78466987609863 28.527610778808594,-15.784700393676758 28.527500152587887,-15.784760475158697 28.52736091613769,-15.784790039062495 28.527250289916992,-15.78485012054443 28.527167406949125,-15.784879684448653 28.527167406949125,-15.784879684448653 28.527069091796875,-15.784999847412111 28.527069091796875,-15.784999847412111 28.527069091796875,-15.785019874572752 28.527069091796875,-15.785019874572752 28.526990890502926,-15.785070419311529 28.52695083618164,-15.785090446472168 28.52695083618164,-15.785090446472168 28.52695083618164,-15.785090446472168 28.526880264282223,-15.785110473632812 28.526880264282223,-15.785110473632812 28.526840209960934,-15.785090446472168 28.526769638061523,-15.785050392150877 28.526769638061523,-15.785050392150877 28.526769638061523,-15.785030364990234 28.526590347290036,-15.784999847412111 28.526399612426758,-15.785050392150877 28.526260375976562,-15.785120010375973 28.526149749755856,-15.7852201461792 28.525999069213864,-15.7852201461792 28.5258903503418,-15.785229682922362 28.52570915222168,-15.785269737243652 28.52566909790039,-15.785329818725579 28.52563095092773,-15.785349845886227 28.52563095092773,-15.785360336303713 28.52563095092773,-15.785360336303713 28.52563095092773,-15.785360336303713 28.52563095092773,-15.785400390625 28.52566909790039,-15.785559654235836 28.52570915222168,-15.785779953002928 28.525846705717193,-15.78597635381636 28.525846705717193,-15.78597635381636 28.5258903503418,-15.786259651184082 28.5258903503418,-15.786299705505373 28.525850296020504,-15.786319732666016 28.52577972412109,-15.786459922790531 28.52570915222168,-15.78658962249756 28.52566909790039,-15.786760330200195 28.52563095092773,-15.786919593811028 28.52566909790039,-15.787090301513672 28.525600433349606,-15.787229537963864 28.525560379028317,-15.787360191345211 28.525560379028317,-15.787549972534181 28.525489807128903,-15.787710189819338 28.525409698486325,-15.78789043426514 28.52535057067871,-15.788155555725586 28.52535057067871,-15.788155555725586 28.525339126586914,-15.78855037689209 28.525379180908203,-15.788700103759767 28.525489807128903,-15.788849830627438 28.525560379028317,-15.789070129394531 28.525600433349606,-15.789250373840336 28.52570915222168,-15.78940010070801 28.52573966979981,-15.789649963378906 28.525850296020504,-15.789819717407225 28.5258903503418,-15.789959907531738 28.5258903503418,-15.790169715881351 28.525881247086954,-15.790270328522782 28.525881247086954,-15.790270328522782 28.52573966979981,-15.79039001464844 28.52573966979981,-15.79039001464844 28.52566909790039,-15.790419578552248 28.52566909790039,-15.790419578552248 28.52566909790039,-15.790419578552248 28.525600433349606,-15.790419578552248 28.525560379028317,-15.79047966003418 28.52552032470703,-15.79047966003418 28.52552032470703,-15.79047966003418 28.525489807128903,-15.79047966003418 28.525429725646973,-15.790448427201756 28.525429725646973,-15.790448427201756 28.52529907226562,-15.7903299331665 28.52527046203613,-15.790300369262695 28.525190353393555,-15.790280342102049 28.52511978149414,-15.790309906005858 28.525049209594727,-15.7903299331665 28.525049209594727,-15.790349960327152 28.525009155273434,-15.790349960327152 28.52496910095215,-15.79039001464844 28.524940490722653,-15.79039001464844 28.524940490722653,-15.79039001464844 28.524940490722653,-15.790410041809078 28.524900436401367,-15.790439605712889 28.524829864501953,-15.790439605712889 28.524719238281246,-15.79047966003418 28.524719238281246,-15.790499687194822 28.52467918395996,-15.79059028625488 28.52461051940918,-15.790659904479979 28.524570465087887,-15.790719985961914 28.5245304107666,-15.790740013122555 28.524459838867184,-15.790769577026364 28.524419784545895,-15.790789604187013 28.524419784545895,-15.790809631347658 28.524389266967777,-15.790809631347658 28.52434921264648,-15.790789604187013 28.52434921264648,-15.790789604187013 28.5242805480957,-15.790789604187013 28.5242805480957,-15.790789604187013 28.5242805480957,-15.790769577026364 28.524240493774414,-15.790769577026364 28.524240493774414,-15.790769577026364 28.524129867553707,-15.790769577026364 28.52408981323242,-15.790789604187013 28.52408981323242,-15.790789604187013 28.524059295654297,-15.790809631347658 28.524019241333004,-15.790809631347658 28.524019241333004,-15.790809631347658 28.523910522460938,-15.790809631347658 28.52387046813965,-15.790789604187013 28.523839950561523,-15.790769577026364 28.52379989624023,-15.790769577026364 28.52379989624023,-15.790769577026364 28.52364921569824,-15.790769577026364 28.523540496826172,-15.790740013122555 28.523429870605465,-15.790699958801268 28.523429870605465,-15.790699958801268 28.523319244384762,-15.790639877319332 28.523319244384762,-15.790659904479979 28.52318000793457,-15.790630340576172 28.523139953613278,-15.790610313415524 28.523099899291992,-15.790610313415524 28.522989273071286,-15.79059028625488 28.52288055419922,-15.79059028625488 28.522850036621094,-15.79059028625488 28.5228099822998,-15.79059028625488 28.522739410400387,-15.79057025909424 28.52259063720703,-15.790610313415524 28.522439956665036,-15.790610313415524 28.522409439086914,-15.790630340576172 28.522409439086914,-15.790639877319332 28.52230072021484,-15.79067993164062 28.522150039672848,-15.790719985961914 28.522079467773434,-15.790719985961914 28.522039413452145,-15.790740013122555 28.521970748901367,-15.790740013122555 28.521788024902342,-15.790703964233945 28.521788024902342,-15.790703964233945 28.521749496459957,-15.790610313415524 28.52170944213867,-15.790550231933592 28.5216007232666,-15.790497486408452 28.5216007232666,-15.790497486408452 28.52156066894531,-15.790610313415524 28.5216007232666,-15.790630340576172 28.52166938781738,-15.790699958801268 28.52170944213867,-15.790740013122555 28.5217444896698,-15.790820956231247 28.5217444896698,-15.790820956231247 28.521820068359375,-15.790969848632814 28.52189064025879,-15.791119575500487 28.521930694580078,-15.791159629821781 28.521930694580078,-15.791190147399904 28.521970748901367,-15.791250228881834 28.521970748901367,-15.791250228881834 28.521970748901367,-15.791290283203121 28.521999359130856,-15.791319847106926 28.522039413452145,-15.791399955749512 28.52209854125977,-15.791483759881725 28.52209854125977,-15.791483759881725 28.522150039672848,-15.791580200195309 28.52219009399414,-15.791709899902344 28.522260665893555,-15.791830062866211 28.522329330444336,-15.791950225830083 28.52236938476562,-15.79203987121582 28.522439956665036,-15.792149543762203 28.522520065307614,-15.792240142822264 28.52259063720703,-15.792329788208008 28.52259063720703,-15.792349815368654 28.522670745849606,-15.792440414428707 28.522739410400387,-15.792530059814457 28.522797966003424,-15.792599105835276 28.522797966003424,-15.792599105835276 28.522850036621094,-15.79269981384277 28.522850036621094,-15.79269981384277 28.522920608520508,-15.792770385742188 28.522989273071286,-15.79283046722412 28.523029327392575,-15.792860031127928 28.523069381713864,-15.792900085449215 28.523099899291992,-15.79294013977051 28.523139953613278,-15.792989730834961 28.52318000793457,-15.792989730834961 28.52318000793457,-15.793009757995605 28.523210525512695,-15.793029785156248 28.523250579833984,-15.793049812316896 28.52329063415527,-15.793080329895016 28.52329063415527,-15.793100357055666 28.523319244384762,-15.79312038421631 28.523319244384762,-15.793140411376955 28.523319244384762,-15.793140411376955 28.52335929870605,-15.793160438537594 28.523399353027347,-15.793169975280758 28.523399353027347,-15.793190002441403 28.523509979248043,-15.793279647827147 28.52362060546875,-15.793379783630368 28.52364921569824,-15.793410301208498 28.52364921569824,-15.793430328369137 28.52379989624023,-15.79347038269043 28.523839950561523,-15.793490409851076 28.523839950561523,-15.79347038269043 28.523839950561523,-15.793490409851076 28.52387046813965,-15.793490409851076 28.523910522460938,-15.793490409851076 28.523950576782223,-15.793499946594238 28.523950576782223,-15.793540000915533 28.52397918701172,-15.793580055236816 28.524019241333004,-15.793609619140625 28.524059295654297,-15.793629646301268 28.524059295654297,-15.793629646301268 28.52408981323242,-15.793649673461916 28.52408981323242,-15.793649673461916 28.524129867553707,-15.793669700622557 28.524169921874996,-15.793689727783203 28.524200439453125,-15.793689727783203 28.524240493774414,-15.793689727783203 28.524240493774414,-15.793689727783203 28.52434921264648,-15.793740272521969 28.524419784545895,-15.79378032684326 28.524459838867184,-15.793800354003908 28.524459838867184,-15.793829917907713 28.5245304107666,-15.793869972229004 28.5245304107666,-15.793869972229004 28.524570465087887,-15.79393005371094 28.52461051940918,-15.793939590454103 28.52463912963867,-15.793959617614744 28.52463912963867,-15.793959617614744 28.52467918395996,-15.79401969909668 28.52467918395996,-15.79401969909668 28.52474975585938,-15.794110298156733 28.52474975585938,-15.794110298156733 28.524829864501953,-15.794179916381836 28.524900436401367,-15.794260025024407 28.52496910095215,-15.79430961608887 28.525009155273434,-15.794349670410154 28.525009155273434,-15.794380187988281 28.525079727172848,-15.79446029663086 28.525159835815426,-15.794509887695314 28.52523040771484,-15.79456996917724 28.52523040771484,-15.79458999633789 28.52529907226562,-15.794657389323238 28.52529907226562,-15.794657389323238 28.525379180908203,-15.794859886169437 28.525379180908203,-15.79489994049072 28.525344848632812,-15.795024190631725 28.525344848632812,-15.795024190631725 28.525339126586914,-15.795140266418457 28.525339126586914,-15.795149803161621 28.525379180908203,-15.795229911804192 28.525379180908203,-15.795299530029295 28.525416782924108,-15.795365606036434 28.525416782924108,-15.795365606036434 28.525489807128903,-15.795430183410645 28.52552032470703,-15.795479774475092 28.52552032470703,-15.79549980163574 28.525560379028317,-15.795559883117676 28.525600433349606,-15.795630455017088 28.525600433349606,-15.795630455017088 28.52563095092773,-15.795669555664055 28.52563095092773,-15.795700073242186 28.52566909790039,-15.795700073242186 28.52570915222168,-15.795780181884767 28.52573966979981,-15.79580020904541 28.52573966979981,-15.79580020904541 28.525819778442383,-15.795869827270511 28.525819778442383,-15.795869827270511 28.525850296020504,-15.795920372009277 28.5258903503418,-15.795940399169924 28.525930404663082,-15.795940399169924 28.52596092224121,-15.795940399169924 28.52596092224121,-15.795940399169924 28.525999069213864,-15.795940399169924 28.525999069213864,-15.795960426330568 28.526039123535156,-15.795960426330568 28.526039123535156,-15.795960426330568 28.52607765197754,-15.796045017243095 28.52607765197754,-15.796045017243095 28.526180267333984,-15.796130180358883 28.526260375976562,-15.796139717102044 28.526290893554684,-15.796159744262695 28.526330947875977,-15.796179771423343 28.526369094848633,-15.796199798583986 28.526439666748043,-15.796219825744629 28.526479721069336,-15.796239852905273 28.526510238647457,-15.796250343322752 28.526606241861973,-15.796235508389286 28.526606241861973,-15.796235508389286 28.52669906616211,-15.796250343322752 28.526769638061523,-15.796290397644043 28.526769638061523,-15.796310424804688 28.526840209960934,-15.796380043029787 28.526880264282223,-15.796420097351074 28.526880264282223,-15.796440124511719 28.526920318603512,-15.796489715576177 28.52695083618164,-15.796509742736815 28.526990890502926,-15.796600341796875 28.526990890502926,-15.79662036895752 28.526990890502926,-15.796660423278805 28.52703094482422,-15.796689987182615 28.52703094482422,-15.796689987182615 28.52703094482422,-15.796710014343255 28.52703094482422,-15.796730041503906 28.52703094482422,-15.796730041503906 28.52703094482422,-15.796750068664554 28.527069091796875,-15.796839714050293 28.527099609375,-15.79687976837158 28.527139663696286,-15.79687976837158 28.527139663696286,-15.796899795532225 28.527164632623844,-15.796961264177588 28.527164632623844,-15.796961264177588 28.527250289916992,-15.79701042175293 28.527280807495114,-15.797060012817385 28.527280807495114,-15.797080039978026 28.527320861816406,-15.797100067138668 28.527320861816406,-15.797100067138668 28.527320861816406,-15.797120094299313 28.527320861816406,-15.797129631042484 28.527320861816406,-15.797169685363771 28.527320861816406,-15.797169685363771 28.5273208618164,-15.797300338746844 28.5273208618164,-15.797300338746844 28.527280807495114,-15.797369956970213 28.527280807495114,-15.797369956970213 28.527280807495114,-15.797450065612798 28.527250289916992,-15.79751968383789 28.527250289916992,-15.797570228576657 28.527280807495114,-15.797650337219237 28.527280807495114,-15.797679901123045 28.527280807495114,-15.797699928283691 28.527280807495114,-15.797719955444336 28.527280807495114,-15.797739982604982 28.527250289916992,-15.797760009765623 28.527250289916992,-15.79778003692627 28.527250289916992,-15.797789573669435 28.527280807495114,-15.797889709472654 28.527280807495114,-15.79800033569336 28.527250289916992,-15.79804992675781 28.527250289916992,-15.798089981079098 28.527250289916992,-15.798089981079098 28.5272102355957,-15.798139572143555 28.5272102355957,-15.798179626464842 28.5272102355957,-15.798179626464842 28.5272102355957,-15.798219680786133 28.5272102355957,-15.79829025268555 28.5272102355957,-15.79829025268555 28.5272102355957,-15.798330307006834 28.5272102355957,-15.798359870910643 28.527250289916992,-15.798419952392576 28.527267728533065,-15.798486982075158 28.527267728533065,-15.798486982075158 28.527280807495114,-15.798669815063475 28.527320861816406,-15.798780441284181 28.527399063110348,-15.798859596252443 28.527429580688473,-15.798930168151854 28.527429580688473,-15.7989501953125 28.527429580688473,-15.799099922180176 28.527429580688473,-15.799220085144048 28.527399063110348,-15.79934978485107 28.527469635009766,-15.799440383911136 28.527469635009766,-15.799460411071776 28.527469635009766,-15.799480438232424 28.527500152587887,-15.799610137939455 28.527580261230465,-15.799699783325199 28.52769088745117,-15.799770355224611 28.527799606323242,-15.799830436706536 28.527870178222653,-15.799880027770996 28.527870178222653,-15.799900054931642 28.527910232543945,-15.799920082092282 28.52794075012207,-15.799920082092282 28.52794075012207,-15.799920082092282 28.52794075012207,-15.799940109252926 28.52794075012207,-15.799940109252926 28.527980804443356,-15.799940109252926 28.528060913085934,-15.799920082092282 28.528126852852957,-15.799934387207514 28.528126852852957,-15.799934387207514 28.52820014953613,-15.799980163574217 28.52820014953613,-15.799989700317383 28.528240203857422,-15.799989700317383 28.528240203857422,-15.80000972747803 28.52835083007812,-15.800069808959961 28.528390884399414,-15.800069808959961 28.528459548950195,-15.800089836120605 28.52853012084961,-15.80012035369873 28.52853012084961,-15.800140380859375 28.52853012084961,-15.800160408020021 28.528570175170895,-15.800180435180666 28.52864074707031,-15.800230026245117 28.52864074707031,-15.800250053405762 28.52867279052735,-15.800323772431796 28.52867279052735,-15.800323772431796 28.5286808013916,-15.800379753112793 28.5286808013916,-15.800419807434084 28.5286808013916,-15.800419807434084 28.5286808013916,-15.80047035217285 28.528720855712887,-15.800530433654785 28.528720855712887,-15.800539970397946 28.528749465942383,-15.800539970397946 28.528749465942383,-15.800539970397946 28.528749465942383,-15.800539970397946 28.528793879917693,-15.800618580410324 28.528793879917693,-15.800618580410324 28.528820037841797,-15.800760269165034 28.528900146484375,-15.800840377807617 28.528930664062496,-15.800909996032711 28.529050827026367,-15.800979614257809 28.52913602193197,-15.801101883253109 28.52913602193197,-15.801101883253109 28.529155015945435,-15.801162838936087 28.529155015945435,-15.801162838936087 28.52930068969727,-15.80130958557129 28.52930068969727,-15.80132961273193 28.52934074401855,-15.801349639892582 28.529380798339844,-15.801409721374513 28.529409408569336,-15.801409721374513 28.529409408569336,-15.801409721374513 28.529409408569336,-15.801420211791992 28.529479980468746,-15.801500320434567 28.529592697436975,-15.80153264449338 28.529592697436975,-15.80153264449338 28.52959823608398,-15.801489194234678 28.52959823608398,-15.801489194234678 28.529591969081334,-15.801534243992661 28.529591969081334,-15.801534243992661 28.529710769653317,-15.801609992980957 28.5297794342041,-15.801609992980957 28.529809951782227,-15.801609992980957 28.529890060424805,-15.80165958404541 28.530000686645504,-15.801719665527346 28.530109405517578,-15.801810264587399 28.530179977416992,-15.801879882812502 28.530250549316403,-15.801899909973143 28.530250549316403,-15.801899909973143 28.53029060363769,-15.801899909973143 28.53029060363769,-15.801919937133789 28.530330657958984,-15.801919937133789 28.530330657958984,-15.801939964294434 28.530359268188473,-15.801939964294434 28.53046989440918,-15.801989555358888 28.530580520629886,-15.80204963684082 28.53066062927246,-15.802140235900877 28.53076934814453,-15.80224990844727 28.53076934814453,-15.802269935607912 28.530809402465817,-15.802300453186032 28.530910491943356,-15.802379608154299 28.531019210815426,-15.802430152893066 28.531099319458004,-15.802510261535641 28.531169891357422,-15.802539825439453 28.53120994567871,-15.802559852600096 28.53128051757812,-15.802619934082031 28.531349182128906,-15.802650451660156 28.53146934509277,-15.8027400970459 28.531570434570316,-15.802820205688475 28.531679153442383,-15.802909851074219 28.531679153442383,-15.802960395812988 28.531679153442383,-15.802980422973636 28.53175926208496,-15.803090095520012 28.531799316406246,-15.80321979522705 28.531829833984375,-15.80333042144775 28.53186988830566,-15.803370475769043 28.531900405883786,-15.803400039672852 28.531980514526367,-15.803420066833498 28.532089233398434,-15.803480148315433 28.532159805297848,-15.803500175476069 28.53219985961914,-15.803509712219235 28.53219985961914,-15.803509712219235 28.53219985961914,-15.803509712219235 28.53227043151855,-15.803509712219235 28.532310485839844,-15.803569793701168 28.532339096069336,-15.803620338439943 28.53241920471191,-15.803700447082518 28.532489776611328,-15.803720474243162 28.532529830932617,-15.803720474243162 28.532560348510742,-15.803720474243162 28.53264045715332,-15.803720474243162 28.53266906738281,-15.80373001098633 28.532789230346676,-15.80375003814697 28.532936096191406,-15.803842680795173 28.532936096191406,-15.803842680795173 28.533079147338864,-15.803950309753418 28.533119201660156,-15.803950309753418 28.533189773559574,-15.803990364074709 28.533260345458984,-15.804010391235353 28.53336906433105,-15.80405044555664 28.533479690551758,-15.804059982299805 28.533479690551758,-15.80408000946045 28.533519744873043,-15.804059982299805 28.533519744873043,-15.804059982299805 28.533519744873043,-15.804059982299805 28.533550262451172,-15.804059982299805 28.53359031677246,-15.804059982299805 28.53363037109375,-15.804059982299805 28.53359031677246,-15.80405044555664 28.53363037109375,-15.804059982299805 28.533660888671875,-15.80408000946045 28.533700942993164,-15.804100036621094 28.53377914428711,-15.80412006378174 28.53377914428711,-15.804160118103024 28.53377914428711,-15.804209709167477 28.53380966186523,-15.804209709167477 28.53384971618652,-15.804229736328127 28.533920288085934,-15.804269790649407 28.533960342407227,-15.804280281066895 28.533960342407227,-15.804280281066895 28.53403091430664,-15.804360389709473 28.534069061279293,-15.804380416870115 28.534132885331847,-15.804448336114573 28.534132885331847,-15.804448336114573 28.534166942943237,-15.804386485708026 28.534166942943237,-15.804386485708026 28.53421020507812,-15.80412006378174 28.534250259399414,-15.80405044555664 28.534250259399414,-15.804030418395993 28.5342903137207,-15.804010391235353 28.5342903137207,-15.803990364074709 28.5342903137207,-15.803990364074709 28.5342903137207,-15.803950309753418 28.53435643513997,-15.803840849135112 28.53435643513997,-15.803840849135112 28.534509658813473,-15.803589820861816 28.534548846158117,-15.803497401151416 28.534548846158117,-15.803497401151416 28.53476905822754,-15.803370475769043 28.53487968444824,-15.803259849548338 28.53498077392578,-15.803170204162598 28.53502082824707,-15.803090095520012 28.53502082824707,-15.803070068359375 28.53502082824707,-15.803070068359375 28.53510093688965,-15.802980422973636 28.53515797276649,-15.80290631325096 28.53515797276649,-15.80290631325096 28.535169601440426,-15.80284023284912 28.535169601440426,-15.802800178527828 28.535169601440426,-15.8027400970459 28.535209655761715,-15.802689552307127 28.535240173339844,-15.802650451660156 28.535240173339844,-15.80263042449951 28.53528022766113,-15.802579879760737 28.53528022766113,-15.802539825439453 28.53528022766113,-15.802510261535641 28.53528022766113,-15.802470207214348 28.535310745239258,-15.802450180053713 28.535310745239258,-15.802450180053713 28.535310745239258,-15.802450180053713 28.535310745239258,-15.802410125732425 28.535310745239258,-15.802359580993652 28.535310745239258,-15.802339553833004 28.53528022766113,-15.802269935607912 28.53528022766113,-15.802209854125977 28.53528022766113,-15.802160263061522 28.53528022766113,-15.802120208740234 28.53528022766113,-15.802069664001465 28.535310745239258,-15.802069664001465 28.535310745239258,-15.802029609680176 28.53528022766113,-15.802009582519533 28.53528022766113,-15.801989555358888 28.53528022766113,-15.801969528198237 28.53528491655986,-15.80190281073578 28.53528491655986,-15.80190281073578 28.535235478327817,-15.801726708047472 28.535235478327817,-15.801726708047472 28.535206317901604,-15.801631530126091 28.535206317901604,-15.801631530126091 28.5351254599435,-15.801487377713583 28.5351254599435,-15.801487377713583 28.53510093688965,-15.80130958557129 28.53510093688965,-15.801239967346191 28.53510093688965,-15.801219940185547 28.53510093688965,-15.801190376281738 28.53510093688965,-15.80111026763916 28.53506088256836,-15.801039695739743 28.53506088256836,-15.801019668579103 28.53506088256836,-15.800970077514647 28.53506088256836,-15.800889968872072 28.53510093688965,-15.80086994171142 28.535129547119137,-15.800800323486325 28.535129547119137,-15.800800323486325 28.535129547119137,-15.800820350646973 28.535129547119137,-15.800840377807617 28.535129547119137,-15.800820350646973 28.535169601440426,-15.800749778747559 28.535169601440426,-15.800689697265625 28.535244396754663,-15.800627163478845 28.535244396754663,-15.800627163478845 28.535310745239258,-15.800559997558588 28.535310745239258,-15.800539970397946 28.535390853881836,-15.800510406494144 28.535439082554404,-15.800424167088384 28.535439082554404,-15.800424167088384 28.535539627075195,-15.800359725952148 28.535539627075195,-15.800359725952148 28.535570144653317,-15.800319671630858 28.535570144653317,-15.800319671630858 28.535570144653317,-15.800319671630858 28.535539627075195,-15.800270080566406 28.535539627075195,-15.800209999084474 28.535539627075195,-15.800200462341305 28.535570144653317,-15.800180435180666 28.53556714739118,-15.80011735643779 28.53556714739118,-15.80011735643779 28.5356129094174,-15.799998684933696 28.5356129094174,-15.799998684933696 28.535610198974613,-15.799920082092282 28.53564071655273,-15.799869537353516 28.535680770874023,-15.799830436706536 28.5357608795166,-15.799810409545898 28.53578948974609,-15.799790382385256 28.53586959838867,-15.799770355224611 28.535900115966797,-15.799770355224611 28.535940170288082,-15.799759864807125 28.535940170288082,-15.799739837646483 28.535940170288082,-15.799759864807125 28.535940170288082,-15.799739837646483 28.53597068786621,-15.79967975616455 28.53597068786621,-15.799650192260742 28.53605079650879,-15.799550056457516 28.536090850830075,-15.799519538879395 28.53611946105957,-15.799480438232424 28.53611946105957,-15.799460411071776 28.53619956970215,-15.799369812011719 28.53623008728027,-15.799260139465325 28.536300659179688,-15.799150466918942 28.536340713500973,-15.799079895019528 28.536340713500973,-15.799079895019528 28.536380767822266,-15.798990249633787 28.536380767822266,-15.798990249633787 28.536380767822266,-15.798970222473145 28.536380767822266,-15.7989501953125 28.536380767822266,-15.798890113830566 28.53644943237305,-15.798839569091797 28.53644943237305,-15.798839569091797 28.536489486694332,-15.7987699508667 28.536489486694332,-15.7987699508667 28.536489486694332,-15.798749923706051 28.536489486694332,-15.798729896545412 28.536529541015625,-15.798660278320305 28.536560058593746,-15.798549652099611 28.536560058593746,-15.798469543457033 28.536600112915043,-15.79843997955322 28.53663063049316,-15.798339843750002 28.536670684814453,-15.79831027984619 28.536670684814453,-15.798199653625488 28.536670684814453,-15.798159599304197 28.536670684814453,-15.798110008239746 28.536670684814453,-15.798009872436523 28.53671073913574,-15.797900199890137 28.53671073913574,-15.797789573669435 28.53671073913574,-15.797739982604982 28.53671073913574,-15.797670364379886 28.536745071411133,-15.79758167266954 28.536745071411133,-15.79758167266954 28.53677940368652,-15.797499656677244 28.536819458007812,-15.797479629516603 28.536819458007812,-15.797369956970213 28.536819458007812,-15.797300338745117 28.536840983799525,-15.797132628305224 28.536840983799525,-15.797132628305224 28.536819458007812,-15.796990394592289 28.536819458007812,-15.796990394592289 28.536819458007812,-15.79697036743164 28.536819458007812,-15.796910285949702 28.536819458007812,-15.796899795532225 28.536819458007812,-15.79687976837158 28.536819458007812,-15.796859741210938 28.536819458007812,-15.796859741210938 28.536859512329098,-15.7967700958252 28.536859512329098,-15.796750068664554 28.536859512329098,-15.796730041503906 28.536859512329098,-15.796710014343255 28.536859512329098,-15.796710014343255 28.536819458007812,-15.796640396118162 28.536819458007812,-15.796640396118162 28.536819458007812,-15.79662036895752 28.536819458007812,-15.79662036895752 28.536819458007812,-15.796600341796875 28.536819458007812,-15.79658031463623 28.53677940368652,-15.796489715576177 28.536802768707272,-15.796393394471092 28.536802768707272,-15.796393394471092 28.536859512329098,-15.796330451965334 28.536859512329098,-15.796330451965334 28.536859512329098,-15.796330451965334 28.536859512329098,-15.796270370483397 28.536859512329098,-15.796239852905273 28.536819458007812,-15.796219825744629 28.536819458007812,-15.796219825744629 28.536859512329098,-15.796219825744629 28.536859512329098,-15.796199798583986 28.536819458007812,-15.796139717102044 28.53677940368652,-15.796070098876955 28.536789417266846,-15.795955300332267 28.536789417266846,-15.795955300332267 28.53677940368652,-15.79584980010986 28.53677940368652,-15.795740127563477 28.53677940368652,-15.795669555664055 28.53677940368652,-15.795630455017088 28.53677940368652,-15.7955904006958 28.53677940368652,-15.795559883117676 28.53677940368652,-15.795539855957024 28.53677940368652,-15.795539855957024 28.53677940368652,-15.795539855957024 28.536750793457035,-15.795519828796383 28.536750793457035,-15.795430183410645 28.53677940368652,-15.795370101928713 28.53677940368652,-15.79535961151123 28.53677940368652,-15.79535961151123 28.53677940368652,-15.79535961151123 28.53677940368652,-15.79535961151123 28.536859512329098,-15.795339584350584 28.536859512329098,-15.795319557189943 28.536930084228512,-15.795299530029295 28.53696060180664,-15.795280456542965 28.53696060180664,-15.795280456542965 28.537000656127926,-15.795280456542965 28.537000656127926,-15.79526042938233 28.53704071044922,-15.79526042938233 28.537109375,-15.795229911804192 28.537109375,-15.795229911804192 28.5372200012207,-15.79520988464355 28.537260055541992,-15.795169830322262 28.537330627441403,-15.795169830322262 28.53741073608398,-15.79510021209717 28.537479400634766,-15.795080184936522 28.537479400634766,-15.795060157775879 28.537519454956055,-15.79504013061523 28.537519454956055,-15.79504013061523 28.537549972534176,-15.795009613037108 28.537549972534176,-15.794989585876468 28.537590026855472,-15.794989585876468 28.53762054443359,-15.794949531555174 28.537660598754883,-15.794930458068848 28.537713368733723,-15.79482661353277 28.537713368733723,-15.79482661353277 28.53770065307617,-15.79477024078369 28.537660598754883,-15.794710159301756 28.537660598754883,-15.794699668884277 28.537660598754883,-15.794699668884277 28.53762054443359,-15.794679641723633 28.537549972534176,-15.794599533081055 28.537549972534176,-15.79458999633789 28.53744298761542,-15.794499917464579 28.53744298761542,-15.794499917464579 28.537439346313477,-15.794329643249513 28.537439346313477,-15.794219970703127 28.537439346313477,-15.794219970703127 28.537439346313477,-15.794179916381836 28.537439346313477,-15.794159889221191 28.537439346313477,-15.794150352478024 28.53741073608398,-15.794050216674805 28.53741073608398,-15.794030189514158 28.537439346313477,-15.793939590454103 28.537439346313477,-15.793849945068358 28.537439346313477,-15.793820381164549 28.537439346313477,-15.79378032684326 28.537439346313477,-15.793689727783203 28.537439346313477,-15.793669700622557 28.537439346313477,-15.793649673461916 28.53741073608398,-15.793609619140625 28.53737068176269,-15.793560028076172 28.53737068176269,-15.793540000915533 28.53737068176269,-15.793499946594238 28.53737068176269,-15.79347038269043 28.53737068176269,-15.793450355529785 28.53737068176269,-15.793430328369137 28.537330627441403,-15.793410301208498 28.537330627441403,-15.793359756469728 28.53737068176269,-15.793319702148434 28.53741073608398,-15.793270111083988 28.537439346313477,-15.79321002960205 28.537479400634766,-15.793169975280758 28.537479400634766,-15.793169975280758 28.537479400634766,-15.793169975280758 28.537549972534176,-15.793160438537594 28.537590026855472,-15.79312038421631 28.53762054443359,-15.793060302734371 28.537660598754883,-15.793029785156248 28.53770065307617,-15.792989730834961 28.53770065307617,-15.792969703674315 28.53770065307617,-15.79294013977051 28.53770065307617,-15.79294013977051 28.53770065307617,-15.792920112609867 28.53776510138261,-15.792865853561617 28.53776510138261,-15.792865853561617 28.53791999816894,-15.792810440063478 28.53795051574707,-15.792790412902832 28.537990570068356,-15.792770385742188 28.537990570068356,-15.792750358581543 28.53803062438965,-15.792750358581543 28.538059234619137,-15.792750358581543 28.53809928894043,-15.7927303314209 28.53809928894043,-15.792750358581543 28.53809928894043,-15.792750358581543 28.538139343261715,-15.7927303314209 28.538179397583008,-15.792719841003418 28.538249969482422,-15.792679786682127 28.538280487060543,-15.792679786682127 28.538373756408692,-15.792609024048408 28.538373756408692,-15.792609024048408 28.53842617915227,-15.792536222018883 28.53842617915227,-15.792536222018883 28.538490840366908,-15.792420387268637 28.538490840366908,-15.792420387268637 28.53865051269531,-15.79248046875 28.53879928588867,-15.79248046875 28.53890991210937,-15.79248046875 28.53902053833008,-15.79248046875 28.53902053833008,-15.79248046875 28.53902053833008,-15.79248046875 28.539169311523434,-15.792530059814457 28.539169311523434,-15.792510032653809 28.539279937744137,-15.792510032653809 28.539279937744137,-15.792510032653809 28.539379119873047,-15.792530059814457 28.539379119873047,-15.792530059814457 28.539459228515625,-15.7925500869751 28.53952980041504,-15.792590141296387 28.53964042663574,-15.792590141296387 28.539749145507812,-15.792610168457031 28.53983225141253,-15.792595863342486 28.53983225141253,-15.792595863342486 28.53991449796237,-15.792601585388585 28.53991449796237,-15.792601585388585 28.540119171142578,-15.792610168457031 28.540189743041992,-15.7925500869751 28.540159225463864,-15.7925500869751 28.540189743041992,-15.7925500869751 28.540189743041992,-15.792530059814457 28.54034042358398,-15.79248046875 28.54051971435547,-15.792420387268068 28.540559768676754,-15.792400360107425 28.54051971435547,-15.792400360107425 28.540559768676754,-15.792389869689941 28.540559768676754,-15.792349815368654 28.54063034057617,-15.792349815368654 28.54073905944824,-15.792329788208008 28.540889739990234,-15.792260169982908 28.54096031188965,-15.79222011566162 28.541000366210938,-15.79222011566162 28.541070938110348,-15.792180061340332 28.541179656982422,-15.792149543762203 28.541259765625,-15.79213047027588 28.541290283203125,-15.79213047027588 28.541290283203125,-15.792149543762203 28.541290283203125,-15.792149543762203 28.541330337524414,-15.792110443115236 28.541400909423825,-15.79209041595459 28.541479110717777,-15.792070388793945 28.541509628295895,-15.79203987121582 28.541549682617188,-15.791950225830083 28.541589736938473,-15.791950225830083 28.541620254516598,-15.791930198669435 28.541690826416012,-15.791930198669435 28.541730880737305,-15.791930198669435 28.541831546359596,-15.791914621989108 28.541831546359596,-15.791914621989108 28.541950225830078,-15.791930198669435 28.541990280151367,-15.791930198669435 28.54202079772949,-15.791930198669435 28.54202079772949,-15.791930198669435 28.542060852050778,-15.791890144348141 28.542060852050778,-15.791870117187498 28.542060852050778,-15.791850090026854 28.542060852050778,-15.791830062866211 28.54216957092285,-15.791780471801754 28.542209625244137,-15.791780471801754 28.54224967956543,-15.791760444641113 28.54224967956543,-15.79174041748047 28.542280197143555,-15.79174041748047 28.542320251464844,-15.79174041748047 28.542430877685547,-15.791760444641113 28.542499542236325,-15.791799545288088 28.542650222778317,-15.791780471801754 28.542650222778317,-15.791780471801754 28.542650222778317,-15.791780471801754 28.54269027709961,-15.791780471801754 28.54269027709961,-15.791780471801754 28.542720794677734,-15.791760444641113 28.542829513549805,-15.791799545288088 28.542980194091793,-15.791780471801754 28.5430908203125,-15.791780471801754 28.54317951202393,-15.791813564300748 28.54317951202393,-15.791813564300748 28.543270111083984,-15.791830062866211 28.543310165405273,-15.791850090026854 28.543420791625977,-15.791870117187498 28.543460845947266,-15.791870117187498 28.543489456176754,-15.791870117187498 28.543529510498047,-15.791890144348141 28.54368019104004,-15.791950225830083 28.543819427490234,-15.791950225830083 28.544010162353512,-15.791959762573244 28.544149398803707,-15.791979789733892 28.544149398803707,-15.791979789733892 28.544189453125,-15.791979789733892 28.544229507446286,-15.791959762573244 28.544229507446286,-15.791959762573244 28.544340133666992,-15.791950225830083 28.544370651245117,-15.791930198669435 28.544450759887695,-15.791910171508789 28.544479370117184,-15.791890144348141 28.544559478759762,-15.791910171508789 28.544630050659176,-15.791930198669435 28.54467010498047,-15.791910171508789 28.544700622558594,-15.791870117187498 28.544740676879883,-15.791870117187498 28.544889450073246,-15.79181957244873 28.545099258422855,-15.79181957244873 28.54528999328613,-15.791799545288088 28.545429229736325,-15.791799545288088 28.545579910278317,-15.79181957244873 28.545660018920895,-15.791830062866211 28.5457592010498,-15.791870117187498 28.545909881591793,-15.791930198669435 28.5460205078125,-15.791930198669435 28.54616928100586,-15.791930198669435 28.54627990722656,-15.791910171508789 28.546350479125973,-15.791850090026854 28.54631996154785,-15.791850090026854 28.546350479125973,-15.791830062866211 28.546419143676754,-15.791830062866211 28.546499252319332,-15.79181957244873 28.546539306640625,-15.79181957244873 28.546680450439453,-15.791830062866211 28.5468692779541,-15.79181957244873 28.54701042175293,-15.79181957244873 28.547199249267578,-15.791850090026854 28.547380447387695,-15.791910171508789 28.547529220581055,-15.791979789733892 28.54759979248047,-15.792019844055172 28.547639846801754,-15.792019844055172 28.54777908325195,-15.79209041595459 28.54792976379394,-15.792110443115236 28.548080444335934,-15.79213047027588 28.548189163208008,-15.792200088500977 28.54837036132812,-15.79222011566162 28.54851913452148,-15.792240142822264 28.548660278320316,-15.792240142822264 28.548809051513672,-15.792260169982908 28.54884910583496,-15.792260169982908 28.548879623413086,-15.792260169982908 28.54905533790588,-15.792286038398974 28.54905533790588,-15.792286038398974 28.549056212107345,-15.792305191358627 28.549056212107345,-15.792305191358627 28.549179077148438,-15.792369842529299 28.54924964904785,-15.792369842529299 28.54924964904785,-15.792349815368654 28.54928970336914,-15.792369842529299 28.549320220947262,-15.792369842529299 28.54936027526855,-15.792400360107425 28.54940032958984,-15.792400360107425 28.54940032958984,-15.792400360107425 28.54940032958984,-15.792400360107425 28.54943084716797,-15.792420387268068 28.549470901489254,-15.792440414428707 28.54950904846191,-15.792440414428707 28.54950904846191,-15.792440414428707 28.54950904846191,-15.792440414428707 28.54953956604004,-15.792400360107425 28.549579620361328,-15.792400360107425 28.549619674682617,-15.792389869689941 28.549650192260746,-15.792369842529299 28.549650192260746,-15.792369842529299 28.549650192260746,-15.792369842529299 28.549690246582028,-15.792389869689941 28.549800872802738,-15.792400360107425 28.54984092712402,-15.792400360107425 28.54984092712402,-15.792400360107425 28.549869537353516,-15.792400360107425 28.549869537353516,-15.792400360107425 28.549869537353516,-15.792400360107425 28.549949645996094,-15.792400360107425 28.550060272216793,-15.792400360107425 28.5501708984375,-15.792420387268068 28.550310134887695,-15.792440414428707 28.550491968790688,-15.792478243510022 28.550491968790688,-15.792478243510022 28.550500869750973,-15.79248046875 28.55052947998047,-15.79248046875 28.55052947998047,-15.792499542236326 28.550569534301758,-15.792499542236326 28.550640106201175,-15.792619705200195 28.550676252783806,-15.792697627370426 28.550676252783806,-15.792697627370426 28.550790786743168,-15.79283046722412 28.550790786743168,-15.792900085449215 28.550790786743168,-15.79294013977051 28.550790786743168,-15.792969703674315 28.55083084106445,-15.793049812316896 28.55083084106445,-15.793080329895016 28.55085945129394,-15.793100357055666 28.550899505615234,-15.793169975280758 28.55093955993652,-15.793250083923338 28.55093955993652,-15.793299674987793 28.55093955993652,-15.793299674987793 28.55093955993652,-15.793319702148434 28.55093955993652,-15.793339729309084 28.55093955993652,-15.793339729309084 28.550970077514645,-15.793379783630368 28.550970077514645,-15.793390274047852 28.550970077514645,-15.793430328369137 28.551010131835938,-15.793430328369137 28.551010131835938,-15.793519973754885 28.551010131835938,-15.793560028076172 28.551050186157223,-15.793609619140625 28.551050186157223,-15.793669700622557 28.551050186157223,-15.793720245361323 28.55108070373535,-15.79376029968262 28.551120758056637,-15.79378032684326 28.551120758056637,-15.79378032684326 28.55116081237793,-15.79378032684326 28.55118942260742,-15.793800354003908 28.55122947692871,-15.793820381164549 28.55126953125,-15.793849945068358 28.55126953125,-15.793849945068358 28.55122947692871,-15.793849945068358 28.55126953125,-15.793869972229004 28.551337242126458,-15.794017587389561 28.551337242126458,-15.794017587389561 28.551450729370117,-15.794179916381836 28.551490783691403,-15.794289588928223 28.551559448242188,-15.794400215148928 28.55167007446289,-15.794480323791506 28.55178070068359,-15.794599533081055 28.551849365234375,-15.79481029510498 28.55192947387695,-15.794949531555174 28.55192947387695,-15.794949531555174 28.55192947387695,-15.795060157775879 28.551959991455078,-15.79510021209717 28.552040100097656,-15.79510021209717 28.552040100097656,-15.795080184936522 28.552070617675785,-15.795080184936522 28.552070617675785,-15.795060157775879 28.55217933654785,-15.795120239257816 28.552219390869137,-15.79535961151123 28.552289962768555,-15.795539855957024 28.552440643310547,-15.795669555664055 28.552549362182617,-15.795760154724123 28.552589416503903,-15.795780181884767 28.552730560302734,-15.795909881591793 28.55291938781738,-15.796070098876955 28.553030014038086,-15.796179771423343 28.552989959716797,-15.796330451965334 28.553060531616214,-15.79640007019043 28.553209304809567,-15.796460151672365 28.55335998535156,-15.79658031463623 28.553499221801754,-15.796710014343255 28.553720474243164,-15.796950340270994 28.553979873657227,-15.797129631042484 28.554239273071286,-15.797129631042484 28.554489135742184,-15.797080039978026 28.554819107055664,-15.797149658203125 28.555149078369137,-15.797240257263182 28.55533981323242,-15.797410011291504 28.555410385131836,-15.797479629516603 28.555450439453125,-15.797499656677244 28.555479049682614,-15.79751968383789 28.55555915832519,-15.79761028289795 28.55555915832519,-15.797630310058599 28.55555915832519,-15.797650337219237 28.55558967590332,-15.797679901123045 28.5556697845459,-15.797719955444336 28.5556697845459,-15.797719955444336 28.555780410766598,-15.797739982604982 28.555810928344723,-15.797760009765623 28.555889129638672,-15.79778003692627 28.55599975585937,-15.797739982604982 28.556110382080078,-15.797699928283691 28.556219100952145,-15.797719955444336 28.556329727172848,-15.797809600830078 28.556549072265625,-15.79796028137207 28.556730270385742,-15.798089981079098 28.556870778401684,-15.798172950745071 28.556870778401684,-15.798172950745071 28.55694961547852,-15.798230171203615 28.5569896697998,-15.798250198364256 28.557060241699215,-15.798250198364256 28.557210922241207,-15.798230171203615 28.55727958679199,-15.798219680786133 28.55727958679199,-15.798219680786133 28.55727958679199,-15.798230171203615 28.55731964111328,-15.798219680786133 28.55731964111328,-15.798219680786133 28.55742454528809,-15.798219680786133 28.55742454528809,-15.798219680786133 28.557569503784176,-15.798330307006834 28.557609558105465,-15.798330307006834 28.557790756225586,-15.798250198364256 28.55797958374023,-15.79829025268555 28.55809020996094,-15.79839992523193 28.55812072753906,-15.79843997955322 28.55830955505371,-15.798669815063475 28.55842018127441,-15.798930168151854 28.558530807495117,-15.799150466918942 28.55867004394531,-15.799329757690431 28.55867004394531,-15.79938983917236 28.55867004394531,-15.79938983917236 28.558710098266598,-15.799440383911136 28.558710098266598,-15.799440383911136 28.558710098266598,-15.799460411071776 28.558710098266598,-15.799500465393063 28.558710098266598,-15.799650192260742 28.55886077880859,-15.799830436706536 28.558889389038086,-15.799989700317383 28.558929443359375,-15.800049781799316 28.558929443359375,-15.800049781799316 28.558929443359375,-15.800049781799316 28.558929443359375,-15.80002975463867 28.558929443359375,-15.80002975463867 28.558969497680664,-15.800069808959961 28.55911064147949,-15.800160408020021 28.559259414672848,-15.800209999084474 28.559370040893555,-15.800230026245117 28.55944061279297,-15.800359725952148 28.559520721435547,-15.800490379333494 28.55963058471679,-15.800616073608753 28.55963058471679,-15.800616073608753 28.559743063790453,-15.800620079041376 28.559743063790453,-15.800620079041376 28.559810638427734,-15.80047035217285 28.55985069274902,-15.800419807434084 28.559879302978516,-15.800419807434084 28.559879302978516,-15.800419807434084 28.560070037841793,-15.800379753112793 28.560180664062496,-15.80039978027344 28.560209274291992,-15.80039978027344 28.56040000915527,-15.800319671630858 28.56051063537598,-15.800250053405762 28.560539245605465,-15.800250053405762 28.560649871826172,-15.800230026245117 28.560689926147457,-15.800230026245117 28.560689926147457,-15.800250053405762 28.560649871826172,-15.800250053405762 28.560689926147457,-15.800290107727045 28.560689926147457,-15.800319671630858 28.56072998046875,-15.800359725952148 28.560869216918945,-15.800510406494144 28.561059951782223,-15.800669670104977 28.561199188232422,-15.800800323486325 28.561460494995114,-15.800909996032711 28.561790466308594,-15.801019668579103 28.562049865722653,-15.80111026763916 28.562049865722653,-15.80111026763916 28.562049865722653,-15.801150321960451 28.562049865722653,-15.801150321960451 28.56208038330078,-15.801199913024904 28.56208038330078,-15.801259994506834 28.562120437622067,-15.801280021667479 28.56216049194336,-15.801300048828123 28.56216049194336,-15.801300048828123 28.56216049194336,-15.80130958557129 28.562410354614254,-15.801349639892582 28.562709808349606,-15.801389694213869 28.562999725341793,-15.801420211791992 28.563329696655273,-15.80158996582031 28.563699722290036,-15.801679611206055 28.564029693603516,-15.801679611206055 28.564140319824215,-15.801830291748047 28.564319610595703,-15.801899909973143 28.564390182495114,-15.801969528198237 28.56435966491699,-15.802009582519533 28.56425094604492,-15.80204963684082 28.56425094604492,-15.802069664001465 28.564210891723633,-15.802069664001465 28.56425094604492,-15.802069664001465 28.564210891723633,-15.802120208740234 28.564210891723633,-15.802180290222168 28.56425094604492,-15.802160263061522 28.56425094604492,-15.802209854125977 28.564319610595703,-15.802229881286621 28.564319610595703,-15.802229881286621 28.564390182495114,-15.802229881286621 28.564540863037106,-15.802229881286621 28.564720153808594,-15.802209854125977 28.56485366821288,-15.802198410034421 28.56485366821288,-15.802198410034421 28.565200805664062,-15.80204963684082 28.565309524536133,-15.802029609680176 28.565380096435547,-15.802009582519533 28.565420150756832,-15.801989555358888 28.56549072265625,-15.801989555358888 28.565596621969465,-15.801953840947174 28.565596621969465,-15.801953840947174 28.565621411358904,-15.80193852789814 28.565621411358904,-15.80193852789814 28.565750122070312,-15.801859855651855 28.565860748291016,-15.801879882812502 28.565929412841793,-15.801899909973143 28.5660400390625,-15.801959991455073 28.56625938415527,-15.801989555358888 28.566450119018555,-15.802029609680176 28.56669998168945,-15.802069664001465 28.566959381103512,-15.802120208740234 28.567180633544922,-15.802160263061522 28.56722068786621,-15.802160263061522 28.5672492980957,-15.802180290222168 28.567440032958984,-15.80224990844727 28.567579269409183,-15.802379608154299 28.567770004272457,-15.802519798278801 28.567949295043945,-15.802650451660156 28.568210601806637,-15.802760124206541 28.568239212036133,-15.802800178527828 28.568239212036133,-15.802780151367188 28.56827926635742,-15.802800178527828 28.56842994689941,-15.802889823913572 28.56864929199219,-15.80303955078125 28.568790435791016,-15.803199768066403 28.568899154663082,-15.80333042144775 28.56900285993304,-15.80342864990264 28.56900285993304,-15.80342864990264 28.56916046142578,-15.803310394287108 28.56916046142578,-15.803290367126463 28.569200515747067,-15.803279876708984 28.569200515747067,-15.803239822387697 28.569270207331712,-15.803231092599988 28.569270207331712,-15.803231092599988 28.56941986083984,-15.803310394287108 28.56945037841797,-15.80333042144775 28.569599151611328,-15.80333042144775 28.569780349731445,-15.803370475769043 28.569889068603512,-15.803389549255368 28.569999694824222,-15.803420066833498 28.570039749145504,-15.803420066833498 28.570150375366214,-15.803480148315433 28.570190429687496,-15.803500175476069 28.57029914855957,-15.803480148315433 28.570369720458984,-15.803400039672852 28.570442199707017,-15.803340821039983 28.570442199707017,-15.803340821039983 28.570520401000977,-15.80321979522705 28.5705509185791,-15.803179740905755 28.570589065551758,-15.803179740905755 28.570589065551758,-15.803179740905755 28.570629119873047,-15.803179740905755 28.570629119873047,-15.803179740905755 28.570659637451172,-15.803199768066403 28.570659637451172,-15.80321979522705 28.570751462663925,-15.803236961364867 28.570751462663925,-15.803236961364867 28.57077026367187,-15.803130149841307 28.57073974609375,-15.803110122680664 28.57073974609375,-15.803059577941895 28.57077026367187,-15.803019523620602 28.57077026367187,-15.803019523620602 28.57077026367187,-15.80300045013428 28.570791721344,-15.802952119284566 28.570791721344,-15.802952119284566 28.570792111483478,-15.802801999179419 28.570792111483478,-15.802801999179419 28.57081031799316,-15.802760124206541 28.57081031799316,-15.802729606628414 28.57081031799316,-15.802709579467772 28.57081031799316,-15.802689552307127 28.57081031799316,-15.802539825439453 28.57081031799316,-15.802430152893066 28.57081031799316,-15.802430152893066 28.57081031799316,-15.802410125732425 28.570765177408855,-15.802297751109093 28.570765177408855,-15.802297751109093 28.570920944213867,-15.802009582519533 28.570920944213867,-15.801859855651855 28.570920944213867,-15.801850318908693 28.570920944213867,-15.801830291748047 28.570959091186523,-15.801679611206055 28.571029663085934,-15.801500320434567 28.571180343627926,-15.801349639892582 28.571359634399414,-15.801199913024904 28.571510314941406,-15.801090240478509 28.57172966003418,-15.801019668579103 28.57198905944824,-15.800979614257809 28.572200775146484,-15.800889968872072 28.572389602661133,-15.800820350646973 28.57250244030051,-15.800801332447952 28.57250244030051,-15.800801332447952 28.572575807571408,-15.800743579864811 28.572575807571408,-15.800743579864811 28.572679519653317,-15.800669670104977 28.572679519653317,-15.800649642944338 28.57271957397461,-15.800620079040527 28.57275009155273,-15.800620079040527 28.57283020019531,-15.80058002471924 28.572860717773438,-15.800539970397946 28.5729808807373,-15.800559997558588 28.573009490966797,-15.800640106201175 28.573009490966797,-15.800709724426271 28.57308744347613,-15.800866168478592 28.57308744347613,-15.800866168478592 28.57319068908691,-15.800820350646973 28.57327079772949,-15.800729751586912 28.573379516601562,-15.800640106201175 28.57341003417969,-15.800490379333494 28.573520660400387,-15.800379753112793 28.57366943359375,-15.800270080566406 28.57382011413574,-15.800140380859375 28.573930740356445,-15.799989700317383 28.573999404907223,-15.799880027770996 28.57406997680664,-15.799659729003906 28.57418060302734,-15.799500465393063 28.57426071166992,-15.799300193786623 28.574329376220703,-15.799169540405272 28.574399948120117,-15.798800468444826 28.574440002441406,-15.79850959777832 28.574440002441406,-15.798230171203615 28.574329376220703,-15.79796028137207 28.574329376220703,-15.797699928283691 28.57426071166992,-15.797499656677244 28.57418060302734,-15.797340393066408 28.57415008544922,-15.797129631042484 28.574110031127926,-15.796990394592289 28.57415008544922,-15.796790122985836 28.57415008544922,-15.79668045043945 28.57418060302734,-15.796529769897461 28.57415008544922,-15.796380043029787 28.574220657348633,-15.796219825744629 28.57430076599121,-15.796050071716309 28.574399948120117,-15.795909881591793 28.574550628662113,-15.795760154724123 28.5745906829834,-15.795720100402832 28.5745906829834,-15.795720100402832 28.5745906829834,-15.795740127563477 28.5745906829834,-15.795740127563477 28.5745906829834,-15.795720100402832 28.574699401855465,-15.7955904006958 28.574840545654297,-15.795390129089357 28.574949264526367,-15.795189857482912 28.574989318847653,-15.794859886169437 28.574989318847653,-15.79458999633789 28.574949264526367,-15.794329643249513 28.574949264526367,-15.794050216674805 28.575029373168945,-15.793829917907713 28.575029373168945,-15.793820381164549 28.57505989074707,-15.793800354003908 28.57505989074707,-15.793800354003908 28.57517051696777,-15.793669700622557 28.575250625610348,-15.793519973754885 28.575319290161133,-15.793299674987793 28.575389862060547,-15.793049812316896 28.575429916381836,-15.792840003967283 28.57550048828125,-15.792750358581543 28.57554054260254,-15.792590141296387 28.575719833374023,-15.792460441589352 28.575939178466797,-15.792289733886715 28.57605934143066,-15.79209041595459 28.576200485229492,-15.791930198669435 28.576349258422848,-15.791709899902344 28.57649040222168,-15.79141044616699 28.576639175415036,-15.791210174560547 28.576656977335613,-15.791090435453167 28.576656977335613,-15.791090435453167 28.576599121093746,-15.791210174560547 28.57649040222168,-15.791210174560547 28.57649040222168,-15.791190147399904 28.57649040222168,-15.791190147399904 28.57626914978027,-15.791159629821781 28.576200485229492,-15.791099548339846 28.5761604309082,-15.791080474853512 28.5761604309082,-15.79104995727539 28.5761604309082,-15.791029930114743 28.5761604309082,-15.790880203247067 28.576240539550778,-15.790749549865723 28.576240539550778,-15.790740013122555 28.576309204101562,-15.790659904479979 28.576309204101562,-15.790659904479979 28.576309204101562,-15.790659904479979 28.576349258422848,-15.790659904479979 28.57649040222168,-15.790630340576172 28.576679229736325,-15.79057025909424 28.576860427856445,-15.790550231933592 28.576969146728512,-15.790439605712889 28.577053070068374,-15.790321826935733 28.577053070068374,-15.790321826935733 28.577119827270504,-15.790169715881351 28.577150344848633,-15.790019989013665 28.5772590637207,-15.789910316467285 28.57740974426269,-15.78983974456787 28.57748031616211,-15.789690017700197 28.577560424804684,-15.78952980041504 28.577669143676758,-15.789380073547367 28.577810287475586,-15.789270401000971 28.57792091369629,-15.78913974761963 28.578039169311523,-15.788960456848143 28.578109741210934,-15.788740158081055 28.578140258789062,-15.78845977783203 28.578180313110348,-15.788209915161131 28.57822036743164,-15.788000106811523 28.578250885009766,-15.787779808044435 28.578290939331055,-15.78759956359863 28.578290939331055,-15.787400245666504 28.578250885009766,-15.787139892578127 28.578250885009766,-15.78693962097168 28.578329086303707,-15.786700248718262 28.578329086303707,-15.78643035888672 28.578369140625,-15.786230087280273 28.578439712524418,-15.786020278930664 28.57839965820312,-15.785779953002928 28.578329086303707,-15.785550117492676 28.57822036743164,-15.785360336303713 28.578069686889645,-15.785160064697266 28.577890396118164,-15.784939765930176 28.577779769897457,-15.784740447998045 28.577629089355465,-15.784500122070314 28.577560424804684,-15.7844295501709 28.57740974426269,-15.78417015075684 28.57719039916992,-15.783929824829107 28.57707977294922,-15.783690452575685 28.576820373535156,-15.783530235290524 28.576639175415036,-15.783349990844723 28.576349258422848,-15.783200263977053 28.57608985900879,-15.783089637756344 28.5757999420166,-15.78291988372803 28.57554054260254,-15.782739639282228 28.575389862060547,-15.78250026702881 28.575250625610348,-15.78232002258301 28.575099945068356,-15.782190322875977 28.574989318847653,-15.782099723815918 28.574880599975582,-15.781949996948244 28.574699401855465,-15.781769752502443 28.5745906829834,-15.781709671020508 28.574550628662113,-15.781709671020508 28.574369430541992,-15.781680107116696 28.57430076599121,-15.781570434570312 28.574220657348633,-15.781530380249025 28.574220657348633,-15.781510353088379 28.57415008544922,-15.781399726867672 28.57415008544922,-15.781200408935547 28.574110031127926,-15.781149864196777 28.57406997680664,-15.781109809875488 28.573999404907223,-15.780980110168453 28.573930740356445,-15.780719757080078 28.57382011413574,-15.780449867248535 28.573780059814453,-15.780099868774416 28.573640823364258,-15.779829978942871 28.573490142822266,-15.779609680175787 28.57348124186199,-15.77951123979368 28.57348124186199,-15.77951123979368 28.573450088500977,-15.779290199279787 28.573450088500977,-15.779259681701657 28.57341003417969,-15.779109954833986 28.573379516601562,-15.779040336608887 28.573379516601562,-15.779020309448242 28.573339462280273,-15.778960227966309 28.57327079772949,-15.778980255126958 28.57327079772949,-15.778980255126958 28.57308006286621,-15.778949737548828 28.572900772094723,-15.77890968322754 28.57275009155273,-15.778840065002438 28.572570800781254,-15.778800010681154 28.57234954833984,-15.778759956359863 28.572320938110348,-15.778730392456055 28.57228088378906,-15.77871036529541 28.572130203247067,-15.778630256652832 28.571910858154293,-15.778470039367672 28.57172966003418,-15.778249740600584 28.571510314941406,-15.778030395507812 28.571289062499996,-15.777850151062012 28.571100234985348,-15.777700424194338 28.571029663085934,-15.777589797973633 28.571029663085934,-15.777589797973633 28.571029663085934,-15.777569770812985 28.57085037231445,-15.777409553527832 28.570589065551758,-15.777239799499513 28.57032966613769,-15.77707958221435 28.570150375366214,-15.776929855346678 28.569969177246094,-15.776780128479 28.569704771041867,-15.776745915413148 28.569704771041867,-15.776745915413148 28.569599151611328,-15.776639938354494 28.569530487060543,-15.776490211486813 28.569490432739254,-15.776320457458494 28.56945037841797,-15.776269912719728 28.56945037841797,-15.776229858398438 28.56941986083984,-15.776089668273928 28.56930923461914,-15.77593994140625 28.569200515747067,-15.775790214538574 28.56912040710449,-15.775699615478517 28.56912040710449,-15.775679588317873 28.569049835205075,-15.775650024414064 28.569049835205075,-15.775629997253414 28.569049835205075,-15.775629997253414 28.569049835205075,-15.775629997253414 28.569049835205075,-15.775609970092773 28.56897926330566,-15.775500297546387 28.568939208984375,-15.7754602432251 28.568939208984375,-15.775440216064455 28.56897926330566,-15.775279998779302 28.56897926330566,-15.775099754333498 28.568899154663082,-15.774880409240719 28.568759918212887,-15.77468967437744 28.568719863891598,-15.774550437927248 28.56867980957031,-15.7745304107666 28.56867980957031,-15.774510383605957 28.56864929199219,-15.774399757385256 28.568609237670895,-15.77433013916015 28.568569183349606,-15.77433013916015 28.568540573120114,-15.774290084838869 28.568500518798828,-15.774180412292479 28.568500518798828,-15.774120330810543 28.568500518798828,-15.774109840393061 28.568500518798828,-15.774069786071777 28.568500518798828,-15.774000167846678 28.56846046447754,-15.773960113525389 28.56846046447754,-15.773940086364743 28.56846046447754,-15.773830413818356 28.56831932067871,-15.7737398147583 28.568210601806637,-15.773610115051266 28.5681055242365,-15.773520209573222 28.5681055242365,-15.773520209573222 28.56798934936523,-15.773429870605463 28.56798934936523,-15.773429870605463 28.567892789840688,-15.773489117623095 28.567892789840688,-15.773489117623095 28.56780624389648,-15.773460251945485 28.56780624389648,-15.773460251945485 28.567550659179684,-15.773229598999022 28.567470550537106,-15.773130416870117 28.567470550537106,-15.773130416870117 28.567470550537106,-15.773130416870117 28.567470550537106,-15.773059844970703 28.567470550537106,-15.77303981781006 28.567440032958984,-15.772990226745607 28.567440032958984,-15.772950172424316 28.567440032958984,-15.772930145263665 28.56739997863769,-15.772879600524902 28.56739997863769,-15.772879600524902 28.567180633544922,-15.772800445556639 28.5669994354248,-15.772680282592773 28.566780090332028,-15.772489547729489 28.566589355468754,-15.772350311279293 28.566560745239254,-15.772310256958006 28.56652069091797,-15.772310256958006 28.56648063659668,-15.772250175476076 28.566410064697262,-15.772089958190918 28.56625938415527,-15.771829605102543 28.566120147705075,-15.771650314331051 28.565860748291016,-15.771470069885254 28.565639495849606,-15.77132034301758 28.565652847290032,-15.771157476637416 28.565652847290032,-15.771157476637416 28.565460205078125,-15.770919799804688 28.565420150756832,-15.770790100097656 28.565420150756832,-15.770750045776369 28.565420150756832,-15.770730018615723 28.565420150756832,-15.770730018615723 28.565420150756832,-15.770730018615723 28.565420150756832,-15.770700454711914 28.565420150756832,-15.77068042755127 28.565377442733094,-15.770562420721248 28.565377442733094,-15.770562420721248 28.56536328965339,-15.77052016880264 28.56536328965339,-15.77052016880264 28.565420150756832,-15.770420074462887 28.565420150756832,-15.77036952972412 28.565420150756832,-15.770350456237791 28.565420150756832,-15.770350456237791 28.565420150756832,-15.770310401916502 28.565420150756832,-15.770310401916502 28.565380096435547,-15.770259857177736 28.56534957885742,-15.770219802856445 28.565281794621395,-15.770160748409342 28.565281794621395,-15.770160748409342 28.56524213155111,-15.770121701559235 28.56524213155111,-15.770121701559235 28.565173075749318,-15.769998697136131 28.565173075749318,-15.769998697136131 28.56505935422834,-15.769856053015781 28.56505935422834,-15.769856053015781 28.564939498901367,-15.769689559936523 28.564910888671875,-15.769610404968262 28.564870834350586,-15.769579887390138 28.564800262451172,-15.7695198059082 28.564720153808594,-15.769450187683105 28.564649581909176,-15.769370079040531 28.56460952758789,-15.76931953430176 28.5645809173584,-15.769269943237303 28.564540863037106,-15.769209861755366 28.564540863037106,-15.76918983459473 28.564540863037106,-15.769169807434082 28.564540863037106,-15.76916027069092 28.56447029113769,-15.769080162048338 28.564390182495114,-15.769029617309563 28.564390182495114,-15.76900959014892 28.56435376947576,-15.768917647275634 28.56435376947576,-15.768917647275634 28.56435966491699,-15.76889991760254 28.564319610595703,-15.768879890441893 28.56427955627441,-15.76885986328125 28.56425094604492,-15.768810272216797 28.564210891723633,-15.768790245056154 28.564210891723633,-15.768790245056154 28.564140319824215,-15.76875019073486 28.56410026550293,-15.768710136413572 28.56410026550293,-15.768699645996092 28.56406021118164,-15.768659591674805 28.56398073832193,-15.7685626877688 28.56398073832193,-15.7685626877688 28.56403204110953,-15.768474468819143 28.56403204110953,-15.768474468819143 28.564015556784234,-15.768421397491108 28.564015556784234,-15.768421397491108 28.564034053257537,-15.768335342409124 28.564034053257537,-15.768335342409124 28.563989639282223,-15.768289566040039 28.563989639282223,-15.768260002136227 28.56401377916336,-15.768213391304968 28.56401377916336,-15.768213391304968 28.563989639282223,-15.76819419860874 28.563989639282223,-15.76819419860874 28.564029693603516,-15.768199920654299 28.564029693603516,-15.768199920654299 28.563989639282223,-15.768219947814943 28.563989639282223,-15.768219947814943 28.563989639282223,-15.768219947814943 28.563949584960938,-15.768219947814943 28.56391906738281,-15.768239974975586 28.56391906738281,-15.768239974975586 28.56382872841575,-15.76828063618112 28.56382872841575,-15.76828063618112 28.563775006462542,-15.768309593201028 28.563775006462542,-15.768309593201028 28.56365966796875,-15.76834964752197 28.56361961364746,-15.768369674682614 28.563589096069332,-15.7683801651001 28.563589096069332,-15.76840019226074 28.563550949096676,-15.768420219421387 28.563550949096676,-15.768420219421387 28.563510894775387,-15.768480300903319 28.563440322875977,-15.768529891967772 28.563356692974388,-15.76855916243357 28.563356692974388,-15.76855916243357 28.563219070434567,-15.768639564514162 28.56307029724121,-15.768710136413572 28.56292915344238,-15.768790245056154 28.56282043457031,-15.768839836120605 28.562780380249023,-15.768879890441893 28.56266975402832,-15.76891994476318 28.562559127807614,-15.768989562988278 28.562519073486328,-15.76900959014892 28.562519073486328,-15.76900959014892 28.562519073486328,-15.76900959014892 28.562431283193074,-15.769004521305254 28.562431283193074,-15.769004521305254 28.562506198883067,-15.769109201433395 28.562506198883067,-15.769109201433395 28.562460218157078,-15.769173738909354 28.562460218157078,-15.769173738909354 28.5624413056807,-15.769245407799135 28.5624413056807,-15.769245407799135 28.562356948852532,-15.7693383353111 28.562356948852532,-15.7693383353111 28.562307739257808,-15.769453144074959 28.562307739257808,-15.769453144074959 28.56226921081543,-15.769569873810056 28.56226921081543,-15.769569873810056 28.56216049194336,-15.769760131835936 28.562049865722653,-15.769889831542967 28.562049865722653,-15.769960403442385 28.562049865722653,-15.770039558410641 28.561969757080075,-15.770159721374515 28.56193923950195,-15.770350456237791 28.561899185180664,-15.7703800201416 28.561899185180664,-15.7703800201416 28.56185913085937,-15.7703800201416 28.56185913085937,-15.77050971984863 28.5617504119873,-15.770620346069338 28.56171989440918,-15.770730018615723 28.56171989440918,-15.770810127258297 28.56171989440918,-15.77089977264404 28.56171989440918,-15.77093029022217 28.561679840087887,-15.77095031738281 28.561609268188477,-15.771010398864748 28.5615291595459,-15.77108001708984 28.561460494995114,-15.771120071411133 28.561460494995114,-15.771149635314941 28.561460494995114,-15.771169662475588 28.561460494995114,-15.771189689636227 28.561460494995114,-15.771189689636227 28.56150054931641,-15.771249771118168 28.561460494995114,-15.771300315856934 28.561420440673825,-15.771300315856934 28.561420440673825,-15.771300315856934 28.561420440673825,-15.771300315856934 28.561389923095703,-15.771280288696286 28.561349868774414,-15.771280288696286 28.561309814453125,-15.771300315856934 28.561279296875,-15.77134037017822 28.561279296875,-15.771360397338864 28.56123924255371,-15.77138996124268 28.56123924255371,-15.77138996124268 28.561211512638973,-15.771464347841103 28.561211512638973,-15.771464347841103 28.561195611953735,-15.771477222442666 28.561195611953735,-15.771477222442666 28.56108347574869,-15.771578894721616 28.56108347574869,-15.771578894721616 28.560949325561523,-15.771670341491696 28.56090927124023,-15.771719932556156 28.560869216918945,-15.771780014038086 28.560869216918945,-15.77180004119873 28.560869216918945,-15.7719202041626 28.56083615620931,-15.772130966187252 28.56083615620931,-15.772130966187252 28.560649871826172,-15.772399902343746 28.560649871826172,-15.772399902343746 28.560619354248047,-15.772399902343746 28.560649871826172,-15.772379875183105 28.560649871826172,-15.772379875183105 28.560619354248047,-15.772419929504396 28.560579299926758,-15.772459983825676 28.560579299926758,-15.772470474243168 28.560539245605465,-15.772470474243168 28.560539245605465,-15.772529602050785 28.56051063537598,-15.772620201110835 28.560470581054684,-15.772729873657225 28.56040000915527,-15.772800445556639 28.560359954833988,-15.772820472717282 28.560359954833988,-15.772820472717282 28.56028938293457,-15.772899627685547 28.56028938293457,-15.772899627685547 28.56028938293457,-15.772910118103026 28.56024932861328,-15.773079872131348 28.560180664062496,-15.773280143737797 28.560140609741207,-15.773429870605463 28.560140609741207,-15.773590087890627 28.560033321380615,-15.773829539617589 28.560033321380615,-15.773829539617589 28.55977058410644,-15.773889541625973 28.559549331665036,-15.773850440979006 28.559329986572262,-15.773850440979006 28.55915069580078,-15.773920059204102 28.558889389038086,-15.774009704589846 28.558710098266598,-15.774049758911133 28.558530807495117,-15.774140357971191 28.558380126953125,-15.774180412292479 28.55816078186035,-15.774250030517582 28.557899475097653,-15.77423000335693 28.557649612426754,-15.774160385131834 28.557390213012695,-15.774160385131834 28.557130813598633,-15.77423000335693 28.55695095062255,-15.774321778615588 28.55695095062255,-15.774321778615588 28.55694961547852,-15.774820327758789 28.556880950927734,-15.775059700012207 28.556730270385742,-15.775279998779302 28.556579589843746,-15.775480270385739 28.55644035339355,-15.775650024414064 28.55628967285156,-15.775770187377931 28.556070327758786,-15.775850296020506 28.55595970153809,-15.77593994140625 28.55589190396395,-15.77601233395752 28.55589190396395,-15.77601233395752 28.55570030212402,-15.776229858398438 28.555629730224606,-15.776530265808107 28.55555915832519,-15.776820182800297 28.555410385131836,-15.77707958221435 28.55525970458984,-15.777310371398928 28.55512046813965,-15.777589797973633 28.554929733276364,-15.777790069580078 28.554710388183594,-15.777939796447756 28.554460525512695,-15.778070449829103 28.554199218749996,-15.778070449829103 28.554019927978516,-15.777850151062012 28.55386924743652,-15.777609825134274 28.553649902343746,-15.777409553527832 28.55335998535156,-15.777409553527832 28.5531005859375,-15.777420043945314 28.552839279174805,-15.777299880981445 28.552619934082028,-15.777150154113768 28.552440643310547,-15.777000427246092 28.55225944519043,-15.776929855346678 28.552040100097656,-15.776800155639648 28.5517406463623,-15.776749610900877 28.55167007446289,-15.776749610900877 28.55134010314941,-15.776820182800297 28.55108070373535,-15.776869773864748 28.55085945129394,-15.77684020996094 28.550790786743168,-15.77698040008545 28.55072021484375,-15.777150154113768 28.550640106201175,-15.777299880981445 28.550609588623047,-15.777480125427246 28.550460815429684,-15.777569770812985 28.55027961730957,-15.777569770812985 28.550090789794922,-15.777640342712402 28.550020217895508,-15.777810096740717 28.5499095916748,-15.777970314025879 28.549949645996094,-15.778180122375488 28.5499095916748,-15.778320312499996 28.549869537353516,-15.77851963043213 28.54984092712402,-15.778759956359863 28.549619674682617,-15.778960227966309 28.54950904846191,-15.779179573059082 28.549470901489254,-15.779439926147461 28.54950904846191,-15.779720306396488 28.549579620361328,-15.779970169067388 28.54976081848144,-15.780170440673825 28.54984092712402,-15.7803897857666 28.5499095916748,-15.780650138854982 28.549869537353516,-15.780909538269045 28.54976081848144,-15.781149864196777 28.549650192260746,-15.781370162963865 28.549579620361328,-15.781510353088379 28.54943084716797,-15.781640052795412 28.549179077148438,-15.781769752502443 28.548990249633786,-15.781970024108885 28.54874038696289,-15.782119750976562 28.548479080200195,-15.782210350036623 28.548189163208008,-15.782279968261719 28.54792976379394,-15.782299995422363 28.54775047302246,-15.782360076904297 28.547529220581055,-15.782389640808105 28.547340393066403,-15.782360076904297 28.547199249267578,-15.782340049743654 28.547090530395504,-15.782360076904297 28.547090530395504,-15.78236961364746 28.547050476074215,-15.78240966796875 28.54701042175293,-15.78250026702881 28.5469799041748,-15.782609939575195 28.5468692779541,-15.78269004821777 28.54687752594821,-15.78283941423629 28.54687752594821,-15.78283941423629 28.54691852667393,-15.782913281367579 28.54691852667393,-15.782913281367579 28.54672050476074,-15.782629966735838 28.546680450439453,-15.782609939575195 28.54672050476074,-15.782609939575195 28.546680450439453,-15.78258991241455 28.546569824218746,-15.782520294189455 28.546539306640625,-15.78250026702881 28.546459197998047,-15.78240966796875 28.546350479125973,-15.782279968261719 28.54631996154785,-15.782210350036623 28.54631996154785,-15.782190322875977 28.546239852905277,-15.782059669494627 28.546089172363285,-15.7818603515625 28.5460205078125,-15.781680107116696 28.545909881591793,-15.781550407409664 28.545690536499023,-15.781439781188965 28.545549392700195,-15.781270027160643 28.545549392700195,-15.781270027160643 28.545549392700195,-15.781270027160643 28.545509338378903,-15.781270027160643 28.545509338378903,-15.781270027160643 28.545509338378903,-15.78125953674316 28.545400619506836,-15.781160354614254 28.545249938964844,-15.781020164489746 28.545099258422855,-15.7808198928833 28.54503059387207,-15.780719757080078 28.54503059387207,-15.780719757080078 28.54503059387207,-15.780719757080078 28.544919967651364,-15.780559539794922 28.54478073120117,-15.780360221862795 28.544630050659176,-15.780159950256348 28.544559478759762,-15.779879570007324 28.544410705566406,-15.779729843139648 28.5443000793457,-15.779569625854496 28.544189453125,-15.779419898986813 28.544189453125,-15.779219627380373 28.54408073425293,-15.778960227966309 28.54408073425293,-15.778929710388185 28.543930053710934,-15.77861976623535 28.54385948181152,-15.778360366821287 28.543710708618164,-15.7781400680542 28.543529510498047,-15.777939796447756 28.543420791625977,-15.77777004241943 28.543239593505856,-15.777790069580078 28.542980194091793,-15.77772045135498 28.54276084899902,-15.777640342712402 28.542499542236325,-15.77750015258789 28.542320251464844,-15.777330398559567 28.54202079772949,-15.777259826660151 28.541809082031246,-15.777219772338867 28.541509628295895,-15.777259826660151 28.541290283203125,-15.777299880981445 28.54103088378906,-15.777279853820797 28.540819168090817,-15.777150154113768 28.54063034057617,-15.776969909667967 28.54044914245605,-15.776760101318358 28.54026985168457,-15.776579856872557 28.540119171142578,-15.776430130004885 28.540033102035505,-15.776324788729672 28.540033102035505,-15.776324788729672 28.539939880371094,-15.776490211486813 28.539939880371094,-15.77653980255127 28.539899826049805,-15.776559829711912 28.539770993319426,-15.776625373146945 28.539770993319426,-15.776625373146945 28.539419174194332,-15.776650428771973 28.53923988342285,-15.776670455932617 28.53904914855957,-15.77670955657959 28.53890991210937,-15.776760101318358 28.538719177246094,-15.776820182800297 28.538619995117188,-15.776860237121582 28.538619995117188,-15.776860237121582 28.538619995117188,-15.77684020996094 28.538619995117188,-15.776860237121582 28.538619995117188,-15.776860237121582 28.538619995117188,-15.776860237121582 28.538469314575195,-15.776929855346678 28.53836059570312,-15.777039527893066 28.53827667236328,-15.777064561844057 28.53827667236328,-15.777064561844057 28.538179397583008,-15.77711009979248 28.538139343261715,-15.777130126953123 28.53809928894043,-15.777130126953123 28.538059234619137,-15.77717018127441 28.53803062438965,-15.777199745178216 28.537990570068356,-15.777219772338867 28.537990570068356,-15.777279853820797 28.53795051574707,-15.777350425720211 28.53788113594055,-15.777418732643161 28.53788113594055,-15.777418732643161 28.53776931762695,-15.777389526367186 28.537729263305664,-15.777409553527832 28.53770065307617,-15.777420043945314 28.53762054443359,-15.777440071105955 28.537549972534176,-15.777460098266602 28.537479400634766,-15.777480125427246 28.53741073608398,-15.777480125427246 28.53741073608398,-15.777480125427246 28.53737068176269,-15.777480125427246 28.53737068176269,-15.777480125427246 28.537330627441403,-15.777460098266602 28.537189483642578,-15.777460098266602 28.53704071044922,-15.777520179748533 28.536890029907227,-15.777549743652346 28.536750793457035,-15.777520179748533 28.536600112915043,-15.777460098266602 28.536560058593746,-15.777480125427246 28.536529541015625,-15.777480125427246 28.536340713500973,-15.777460098266602 28.53611946105957,-15.777460098266602 28.53605079650879,-15.777460098266602 28.53605079650879,-15.777460098266602 28.5360107421875,-15.777480125427246 28.53586959838867,-15.77750015258789 28.53572082519531,-15.77750015258789 28.535570144653317,-15.777529716491694 28.535390853881836,-15.777529716491694 28.535240173339844,-15.777520179748533 28.535169601440426,-15.77750015258789 28.535169601440426,-15.77750015258789 28.535129547119137,-15.77750015258789 28.535129547119137,-15.77750015258789 28.53506088256836,-15.77750015258789 28.53506088256836,-15.77750015258789 28.53502082824707,-15.77750015258789 28.53502082824707,-15.77750015258789 28.53492873055594,-15.777457237244056 28.53492873055594,-15.777457237244056 28.53476905822754,-15.777420043945314 28.53469085693359,-15.777420043945314 28.534650802612305,-15.777420043945314 28.534469604492188,-15.777420043945314 28.534320831298825,-15.777420043945314 28.534139633178707,-15.777480125427246 28.53400303767278,-15.777464719919235 28.53400303767278,-15.777464719919235 28.53392028808594,-15.777408191136123 28.53392028808594,-15.777408191136123 28.53359031677246,-15.777239799499513 28.533409118652344,-15.777219772338867 28.53330039978027,-15.77711009979248 28.533149719238278,-15.777000427246092 28.532970428466797,-15.776929855346678 28.532709121704098,-15.776929855346678 28.532560348510742,-15.776869773864748 28.532458681048784,-15.776848966425604 28.532458681048784,-15.776848966425604 28.53237915039062,-15.776800155639648 28.5324592590332,-15.776780128479 28.532489776611328,-15.776860237121582 28.532529830932617,-15.776869773864748 28.532560348510742,-15.776869773864748 28.532560348510742,-15.77688980102539 28.532709121704098,-15.776929855346678 28.532930374145504,-15.776969909667967 28.533119201660156,-15.77698040008545 28.53330039978027,-15.77711009979248 28.53344917297363,-15.777239799499513 28.533550262451172,-15.777259826660151 28.533739089965817,-15.777310371398928 28.53388023376465,-15.777409553527832 28.53403091430664,-15.777480125427246 28.534109115600586,-15.777480125427246 28.5342903137207,-15.777420043945314 28.534360885620117,-15.777409553527832 28.53443908691406,-15.777420043945314 28.534549713134766,-15.777440071105955 28.53462028503418,-15.777440071105955 28.53462028503418,-15.777440071105955 28.534650802612305,-15.777440071105955 28.534650802612305,-15.777440071105955 28.53469085693359,-15.777440071105955 28.534730911254883,-15.777440071105955 28.53483963012695,-15.777440071105955 28.534950256347653,-15.777480125427246 28.53498077392578,-15.777480125427246 28.53506088256836,-15.777520179748533 28.535169601440426,-15.777520179748533 28.53528022766113,-15.777529716491694 28.535310745239258,-15.777549743652346 28.535350799560543,-15.777549743652346 28.535539627075195,-15.777549743652346 28.5357608795166,-15.777520179748533 28.535940170288082,-15.777520179748533 28.53611946105957,-15.777440071105955 28.536340713500973,-15.777350425720211 28.536529541015625,-15.777330398559567 28.536670684814453,-15.777279853820797 28.536859512329098,-15.777279853820797 28.53704071044922,-15.777259826660151 28.537189483642578,-15.77717018127441 28.537189483642578,-15.77717018127441 28.537189483642578,-15.77717018127441 28.5372200012207,-15.77717018127441 28.537290573120117,-15.77717018127441 28.537330627441403,-15.77717018127441 28.53737068176269,-15.77717018127441 28.537471389770506,-15.777168846130829 28.537471389770506,-15.777168846130829 28.537549972534176,-15.777259826660151 28.537590026855472,-15.777279853820797 28.53762054443359,-15.777299880981445 28.53770065307617,-15.777330398559567 28.537729263305664,-15.777389526367186 28.537809371948242,-15.777409553527832 28.537907055446084,-15.777437210083264 28.537907055446084,-15.777437210083264 28.53803062438965,-15.777350425720211 28.53809928894043,-15.777279853820797 28.538139343261715,-15.777190208435059 28.538139343261715,-15.77717018127441 28.538139343261715,-15.77717018127441 28.53820991516113,-15.77707958221435 28.538320541381832,-15.777059555053713 28.538429260253906,-15.777000427246092 28.538509368896484,-15.776929855346678 28.5385799407959,-15.776869773864748 28.538690567016598,-15.77684020996094 28.53879928588867,-15.776800155639648 28.53890991210937,-15.776760101318358 28.53902053833008,-15.776729583740234 28.53902053833008,-15.776729583740234 28.53902053833008,-15.776729583740234 28.53902053833008,-15.776729583740234 28.53904914855957,-15.776729583740234 28.539169311523434,-15.77670955657959 28.53935050964355,-15.776650428771973 28.53952980041504,-15.776670455932617 28.53968048095703,-15.776670455932617 28.5397891998291,-15.776670455932617 28.5397891998291,-15.776650428771973 28.5397891998291,-15.776639938354494 28.539899826049805,-15.776579856872557 28.540057905789073,-15.776553976125502 28.540057905789073,-15.776553976125502 28.540229797363278,-15.776619911193848 28.54034042358398,-15.776670455932617 28.540409088134766,-15.776760101318358 28.54051971435547,-15.776860237121582 28.54063034057617,-15.776969909667967 28.54073905944824,-15.777090072631832 28.540849685668945,-15.777190208435059 28.541027492947038,-15.777320331998563 28.541027492947038,-15.777320331998563 28.541040653135752,-15.77732157125741 28.541040653135752,-15.77732157125741 28.541400909423825,-15.777310371398928 28.541589736938473,-15.777299880981445 28.541809082031246,-15.777259826660151 28.541879653930664,-15.777239799499513 28.541879653930664,-15.777239799499513 28.541990280151367,-15.777259826660151 28.542139053344723,-15.777310371398928 28.542280197143555,-15.777370452880854 28.542430877685547,-15.777460098266602 28.542499542236325,-15.777549743652346 28.542650222778317,-15.77762985229492 28.542800903320312,-15.777700424194338 28.542940139770508,-15.777739524841307 28.543130874633786,-15.777790069580078 28.543310165405273,-15.777830123901365 28.543460845947266,-15.777810096740717 28.543529510498047,-15.77791976928711 28.543569564819332,-15.778070449829103 28.54368019104004,-15.778209686279297 28.54379081726074,-15.778340339660645 28.543899536132816,-15.778510093688963 28.543930053710934,-15.778670310974123 28.544010162353512,-15.778849601745604 28.54408073425293,-15.77906036376953 28.544149398803707,-15.779219627380373 28.544149398803707,-15.779399871826174 28.544229507446286,-15.779549598693844 28.544370651245117,-15.77964019775391 28.544410705566406,-15.779789924621584 28.544450759887695,-15.779939651489258 28.544519424438473,-15.780099868774416 28.544559478759762,-15.780280113220217 28.544630050659176,-15.780409812927243 28.54480934143066,-15.780489921569826 28.544919967651364,-15.780610084533684 28.545070648193356,-15.78075981140137 28.54517936706543,-15.780929565429688 28.545249938964844,-15.781069755554201 28.545400619506836,-15.781180381774902 28.545509338378903,-15.781270027160643 28.545619964599606,-15.781399726867672 28.5457592010498,-15.781510353088379 28.545879364013675,-15.781599998474121 28.54598999023437,-15.781680107116696 28.546089172363285,-15.781769752502443 28.546239852905277,-15.781880378723145 28.546350479125973,-15.781990051269528 28.546499252319332,-15.782059669494627 28.546499252319332,-15.782210350036623 28.546569824218746,-15.782340049743654 28.546680450439453,-15.782449722290037 28.54678916931152,-15.782580375671385 28.546829223632812,-15.78269004821777 28.5468692779541,-15.78275966644287 28.546869277954098,-15.782845643850951 28.546869277954098,-15.782845643850951 28.546829223632812,-15.782939910888667 28.5468692779541,-15.78291988372803 28.5468692779541,-15.782910346984865 28.5468692779541,-15.782850265502926 28.5468692779541,-15.782830238342283 28.5468692779541,-15.782830238342283 28.5468692779541,-15.782850265502926 28.546829223632812,-15.78279972076416 28.54678916931152,-15.782649993896483 28.54672050476074,-15.78250026702881 28.546569824218746,-15.782360076904297 28.546459197998047,-15.782210350036623 28.546680450439453,-15.782059669494627 28.546939849853512,-15.782010078430174 28.54715919494629,-15.781970024108885 28.54742050170898,-15.781949996948244 28.547670364379883,-15.782030105590822 28.547969818115234,-15.782099723815918 28.548189163208008,-15.782170295715332 28.54844093322754,-15.782210350036623 28.548700332641598,-15.782150268554688 28.54891967773437,-15.782039642333984 28.549100875854492,-15.781840324401852 28.549320220947262,-15.781709671020508 28.54953956604004,-15.781599998474121 28.549650192260746,-15.781379699707033 28.54973030090332,-15.781180381774902 28.54984092712402,-15.780940055847168 28.54984092712402,-15.78069019317627 28.54984092712402,-15.780449867248535 28.549800872802738,-15.780269622802734 28.549690246582028,-15.78011989593506 28.54953956604004,-15.779990196228026 28.54950904846191,-15.779809951782225 28.54950904846191,-15.779609680175787 28.549470901489254,-15.779399871826174 28.54950904846191,-15.779199600219727 28.54953956604004,-15.779000282287596 28.54973030090332,-15.77890968322754 28.549800872802738,-15.778690338134764 28.54984092712402,-15.778510093688963 28.549869537353516,-15.778300285339354 28.549949645996094,-15.778120040893553 28.549949645996094,-15.777939796447756 28.550060272216793,-15.777739524841307 28.55023956298828,-15.777609825134274 28.550420761108395,-15.777589797973633 28.550609588623047,-15.77750015258789 28.550640106201175,-15.777350425720211 28.55072021484375,-15.777190208435059 28.55083084106445,-15.77702045440674 28.55083084106445,-15.77688980102539 28.55093955993652,-15.776869773864748 28.55116081237793,-15.776869773864748 28.551410675048825,-15.77684020996094 28.551450729370117,-15.776820182800297 28.55178070068359,-15.776780128479 28.552040100097656,-15.77684020996094 28.55233001708984,-15.77698040008545 28.552549362182617,-15.77711009979248 28.55277061462402,-15.777279853820797 28.552989959716797,-15.777389526367186 28.55316925048828,-15.777480125427246 28.553430557250977,-15.777440071105955 28.55360984802246,-15.777440071105955 28.553800582885742,-15.777569770812985 28.553939819335938,-15.777700424194338 28.554019927978516,-15.777850151062012 28.55413055419922,-15.778030395507812 28.55426979064941,-15.778120040893553 28.554489135742184,-15.778100013732914 28.554710388183594,-15.778010368347166 28.554899215698242,-15.777859687805174 28.55508041381836,-15.777700424194338 28.555189132690426,-15.77750015258789 28.55529975891113,-15.777310371398928 28.555410385131836,-15.777130126953123 28.555479049682614,-15.776929855346678 28.55555915832519,-15.776689529418947 28.555629730224606,-15.776470184326168 28.55570030212402,-15.776269912719728 28.555810928344723,-15.776100158691406 28.55595970153809,-15.775979995727537 28.556070327758786,-15.775870323181152 28.556249618530273,-15.775790214538574 28.556400299072266,-15.775699615478517 28.556549072265625,-15.775500297546387 28.55669021606445,-15.775300025939943 28.556880950927734,-15.775099754333498 28.55694961547852,-15.774860382080083 28.55694961547852,-15.774660110473631 28.556880950927734,-15.7745304107666 28.55684089660644,-15.774419784545891 28.55694961547852,-15.77433967590332 28.557130813598633,-15.774270057678224 28.55731964111328,-15.77422046661377 28.5575008392334,-15.774180412292479 28.55772018432617,-15.77423000335693 28.55797958374023,-15.774270057678224 28.558200836181637,-15.774290084838869 28.55842018127441,-15.77423000335693 28.558639526367184,-15.774140357971191 28.558889389038086,-15.774029731750485 28.559190750122067,-15.773960113525389 28.559370040893555,-15.77387046813965 28.559629440307614,-15.773900032043459 28.5599193572998,-15.773900032043459 28.560180664062496,-15.773920059204102 28.5604305267334,-15.773850440979006 28.56072998046875,-15.773790359497069 28.561019897460938,-15.773719787597658 28.561279296875,-15.773590087890627 28.5615291595459,-15.77348041534424 28.561790466308594,-15.773349761962887 28.562009811401367,-15.773500442504883 28.56216049194336,-15.773719787597658 28.562120437622067,-15.774000167846678 28.56218910217285,-15.774140357971191 28.56226921081543,-15.774290084838869 28.562379837036133,-15.774450302124025 28.562450408935547,-15.774669647216797 28.562519073486328,-15.774889945983885 28.56262969970703,-15.775079727172853 28.562780380249023,-15.775019645690916 28.562959671020508,-15.775039672851562 28.563110351562496,-15.775039672851562 28.56325912475586,-15.774990081787106 28.563400268554684,-15.774800300598145 28.563550949096676,-15.774660110473631 28.563730239868164,-15.77447032928467 28.563770294189453,-15.774439811706543 28.56391906738281,-15.774160385131834 28.564140319824215,-15.773940086364743 28.56425094604492,-15.773650169372555 28.56427955627441,-15.773340225219727 28.56417083740234,-15.773079872131348 28.56410026550293,-15.772800445556639 28.56410026550293,-15.772529602050785 28.56406021118164,-15.772250175476076 28.564029693603516,-15.771960258483887 28.563880920410153,-15.771699905395511 28.56365966796875,-15.771470069885254 28.563480377197266,-15.771249771118168 28.56325912475586,-15.77108001708984 28.56307029724121,-15.77089977264404 28.56285095214844,-15.770709991455078 28.56262969970703,-15.770529747009277 28.562519073486328,-15.770400047302246 28.562442398071287,-15.770336437225748 28.562442398071287,-15.770336437225748 28.56218910217285,-15.770090103149414 28.56208038330078,-15.769980430603024 28.562009811401367,-15.769909858703613 28.562069390036804,-15.769826935277205 28.562069390036804,-15.769826935277205</coordinates>
          </LineString>
        </Placemark>
        <Folder>
          <name>Stops</name>
          <visibility>0</visibility>
          <open>0</open>
          <Placemark>
            <name>00:13:33</name>
            <Point>
              <coordinates>28.56287674470381,-15.771893450709019</coordinates>
            </Point>
          </Placemark>
          <Placemark>
            <name>00:39:21</name>
            <Point>
              <coordinates>28.56289581908401,-15.771918395131802</coordinates>
            </Point>
          </Placemark>
          <Placemark>
            <name>00:01:00</name>
            <Point>
              <coordinates>28.562855529785157,-15.771895790101254</coordinates>
            </Point>
          </Placemark>
          <Placemark>
            <name>01:55:09</name>
            <Point>
              <coordinates>28.562877605315094,-15.771913568214</coordinates>
            </Point>
          </Placemark>
          <Placemark>
            <name>00:00:13</name>
            <Point>
              <coordinates>28.563267844063894,-15.771875381471624</coordinates>
            </Point>
          </Placemark>
          <Placemark>
            <name>00:01:18</name>
            <Point>
              <coordinates>28.564537781935464,-15.773122640757427</coordinates>
            </Point>
          </Placemark>
          <Placemark>
            <name>00:00:26</name>
            <Point>
              <coordinates>28.564291000366207,-15.773687090194732</coordinates>
            </Point>
          </Placemark>
          <Placemark>
            <name>00:34:54</name>
            <Point>
              <coordinates>28.56427537540978,-15.773733762069712</coordinates>
            </Point>
          </Placemark>
          <Placemark>
            <name>00:00:50</name>
            <Point>
              <coordinates>28.56381713019477,-15.77425787184114</coordinates>
            </Point>
          </Placemark>
          <Placemark>
            <name>00:02:08</name>
            <Point>
              <coordinates>28.55620817704633,-15.791793519800638</coordinates>
            </Point>
          </Placemark>
          <Placemark>
            <name>00:04:47</name>
            <Point>
              <coordinates>28.54103183746338,-15.787248949210426</coordinates>
            </Point>
          </Placemark>
          <Placemark>
            <name>00:03:15</name>
            <Point>
              <coordinates>28.532151482322018,-15.786118449587098</coordinates>
            </Point>
          </Placemark>
          <Placemark>
            <name>00:02:17</name>
            <Point>
              <coordinates>28.529382705688487,-15.782764275869397</coordinates>
            </Point>
          </Placemark>
          <Placemark>
            <name>00:01:23</name>
            <Point>
              <coordinates>28.530846323285783,-15.781979356494121</coordinates>
            </Point>
          </Placemark>
          <Placemark>
            <name>00:00:23</name>
            <Point>
              <coordinates>28.53117833818708,-15.776648930140936</coordinates>
            </Point>
          </Placemark>
          <Placemark>
            <name>00:00:54</name>
            <Point>
              <coordinates>28.532414754231763,-15.776829083761706</coordinates>
            </Point>
          </Placemark>
          <Placemark>
            <name>00:17:30</name>
            <Point>
              <coordinates>28.532440261840804,-15.77682750701953</coordinates>
            </Point>
          </Placemark>
          <Placemark>
            <name>00:00:50</name>
            <Point>
              <coordinates>28.531152534484857,-15.778370380402253</coordinates>
            </Point>
          </Placemark>
          <Placemark>
            <name>00:01:18</name>
            <Point>
              <coordinates>28.531133211576016,-15.778399614187482</coordinates>
            </Point>
          </Placemark>
          <Placemark>
            <name>00:03:30</name>
            <Point>
              <coordinates>28.531079864501955,-15.778483118331199</coordinates>
            </Point>
          </Placemark>
          <Placemark>
            <name>00:04:00</name>
            <Point>
              <coordinates>28.53109831809997,-15.778513908386635</coordinates>
            </Point>
          </Placemark>
          <Placemark>
            <name>00:00:54</name>
            <Point>
              <coordinates>28.531024932861317,-15.778615291305348</coordinates>
            </Point>
          </Placemark>
          <Placemark>
            <name>00:02:23</name>
            <Point>
              <coordinates>28.530627250671387,-15.782511949539503</coordinates>
            </Point>
          </Placemark>
          <Placemark>
            <name>00:00:42</name>
            <Point>
              <coordinates>28.530344554356166,-15.782776832581249</coordinates>
            </Point>
          </Placemark>
          <Placemark>
            <name>00:00:55</name>
            <Point>
              <coordinates>28.52988910675049,-15.783033561706697</coordinates>
            </Point>
          </Placemark>
          <Placemark>
            <name>00:01:30</name>
            <Point>
              <coordinates>28.52948265075683,-15.78359921773342</coordinates>
            </Point>
          </Placemark>
          <Placemark>
            <name>00:02:10</name>
            <Point>
              <coordinates>28.527167406949125,-15.784879684448653</coordinates>
            </Point>
          </Placemark>
          <Placemark>
            <name>00:01:37</name>
            <Point>
              <coordinates>28.525846705717193,-15.78597635381636</coordinates>
            </Point>
          </Placemark>
          <Placemark>
            <name>00:00:34</name>
            <Point>
              <coordinates>28.52535057067871,-15.788155555725586</coordinates>
            </Point>
          </Placemark>
          <Placemark>
            <name>00:02:12</name>
            <Point>
              <coordinates>28.525881247086954,-15.790270328522782</coordinates>
            </Point>
          </Placemark>
          <Placemark>
            <name>00:00:29</name>
            <Point>
              <coordinates>28.525429725646973,-15.790448427201756</coordinates>
            </Point>
          </Placemark>
          <Placemark>
            <name>00:02:59</name>
            <Point>
              <coordinates>28.521788024902342,-15.790703964233945</coordinates>
            </Point>
          </Placemark>
          <Placemark>
            <name>00:01:18</name>
            <Point>
              <coordinates>28.5216007232666,-15.790497486408452</coordinates>
            </Point>
          </Placemark>
          <Placemark>
            <name>00:00:41</name>
            <Point>
              <coordinates>28.5217444896698,-15.790820956231247</coordinates>
            </Point>
          </Placemark>
          <Placemark>
            <name>00:00:41</name>
            <Point>
              <coordinates>28.52209854125977,-15.791483759881725</coordinates>
            </Point>
          </Placemark>
          <Placemark>
            <name>00:01:00</name>
            <Point>
              <coordinates>28.522797966003424,-15.792599105835276</coordinates>
            </Point>
          </Placemark>
          <Placemark>
            <name>00:00:46</name>
            <Point>
              <coordinates>28.52529907226562,-15.794657389323238</coordinates>
            </Point>
          </Placemark>
          <Placemark>
            <name>00:00:42</name>
            <Point>
              <coordinates>28.525344848632812,-15.795024190631725</coordinates>
            </Point>
          </Placemark>
          <Placemark>
            <name>00:00:09</name>
            <Point>
              <coordinates>28.525416782924108,-15.795365606036434</coordinates>
            </Point>
          </Placemark>
          <Placemark>
            <name>00:01:00</name>
            <Point>
              <coordinates>28.52607765197754,-15.796045017243095</coordinates>
            </Point>
          </Placemark>
          <Placemark>
            <name>00:00:54</name>
            <Point>
              <coordinates>28.526606241861973,-15.796235508389286</coordinates>
            </Point>
          </Placemark>
          <Placemark>
            <name>00:00:50</name>
            <Point>
              <coordinates>28.527164632623844,-15.796961264177588</coordinates>
            </Point>
          </Placemark>
          <Placemark>
            <name>00:00:41</name>
            <Point>
              <coordinates>28.5273208618164,-15.797300338746844</coordinates>
            </Point>
          </Placemark>
          <Placemark>
            <name>00:00:09</name>
            <Point>
              <coordinates>28.527267728533065,-15.798486982075158</coordinates>
            </Point>
          </Placemark>
          <Placemark>
            <name>00:00:10</name>
            <Point>
              <coordinates>28.528126852852957,-15.799934387207514</coordinates>
            </Point>
          </Placemark>
          <Placemark>
            <name>00:00:53</name>
            <Point>
              <coordinates>28.52867279052735,-15.800323772431796</coordinates>
            </Point>
          </Placemark>
          <Placemark>
            <name>00:00:42</name>
            <Point>
              <coordinates>28.528793879917693,-15.800618580410324</coordinates>
            </Point>
          </Placemark>
          <Placemark>
            <name>00:02:19</name>
            <Point>
              <coordinates>28.52913602193197,-15.801101883253109</coordinates>
            </Point>
          </Placemark>
          <Placemark>
            <name>00:00:45</name>
            <Point>
              <coordinates>28.529155015945435,-15.801162838936087</coordinates>
            </Point>
          </Placemark>
          <Placemark>
            <name>00:10:20</name>
            <Point>
              <coordinates>28.529592697436975,-15.80153264449338</coordinates>
            </Point>
          </Placemark>
          <Placemark>
            <name>00:00:54</name>
            <Point>
              <coordinates>28.52959823608398,-15.801489194234678</coordinates>
            </Point>
          </Placemark>
          <Placemark>
            <name>00:00:42</name>
            <Point>
              <coordinates>28.529591969081334,-15.801534243992661</coordinates>
            </Point>
          </Placemark>
          <Placemark>
            <name>00:00:37</name>
            <Point>
              <coordinates>28.532936096191406,-15.803842680795173</coordinates>
            </Point>
          </Placemark>
          <Placemark>
            <name>00:11:54</name>
            <Point>
              <coordinates>28.534132885331847,-15.804448336114573</coordinates>
            </Point>
          </Placemark>
          <Placemark>
            <name>00:02:10</name>
            <Point>
              <coordinates>28.534166942943237,-15.804386485708026</coordinates>
            </Point>
          </Placemark>
          <Placemark>
            <name>00:00:47</name>
            <Point>
              <coordinates>28.53435643513997,-15.803840849135112</coordinates>
            </Point>
          </Placemark>
          <Placemark>
            <name>00:00:57</name>
            <Point>
              <coordinates>28.534548846158117,-15.803497401151416</coordinates>
            </Point>
          </Placemark>
          <Placemark>
            <name>00:03:02</name>
            <Point>
              <coordinates>28.53515797276649,-15.80290631325096</coordinates>
            </Point>
          </Placemark>
          <Placemark>
            <name>00:02:24</name>
            <Point>
              <coordinates>28.53528491655986,-15.80190281073578</coordinates>
            </Point>
          </Placemark>
          <Placemark>
            <name>00:01:10</name>
            <Point>
              <coordinates>28.535235478327817,-15.801726708047472</coordinates>
            </Point>
          </Placemark>
          <Placemark>
            <name>00:01:11</name>
            <Point>
              <coordinates>28.535206317901604,-15.801631530126091</coordinates>
            </Point>
          </Placemark>
          <Placemark>
            <name>00:00:31</name>
            <Point>
              <coordinates>28.5351254599435,-15.801487377713583</coordinates>
            </Point>
          </Placemark>
          <Placemark>
            <name>00:01:24</name>
            <Point>
              <coordinates>28.535244396754663,-15.800627163478845</coordinates>
            </Point>
          </Placemark>
          <Placemark>
            <name>00:00:42</name>
            <Point>
              <coordinates>28.535439082554404,-15.800424167088384</coordinates>
            </Point>
          </Placemark>
          <Placemark>
            <name>00:00:39</name>
            <Point>
              <coordinates>28.53556714739118,-15.80011735643779</coordinates>
            </Point>
          </Placemark>
          <Placemark>
            <name>00:01:49</name>
            <Point>
              <coordinates>28.5356129094174,-15.799998684933696</coordinates>
            </Point>
          </Placemark>
          <Placemark>
            <name>00:00:41</name>
            <Point>
              <coordinates>28.536745071411133,-15.79758167266954</coordinates>
            </Point>
          </Placemark>
          <Placemark>
            <name>00:00:34</name>
            <Point>
              <coordinates>28.536840983799525,-15.797132628305224</coordinates>
            </Point>
          </Placemark>
          <Placemark>
            <name>00:01:12</name>
            <Point>
              <coordinates>28.536802768707272,-15.796393394471092</coordinates>
            </Point>
          </Placemark>
          <Placemark>
            <name>00:00:40</name>
            <Point>
              <coordinates>28.536789417266846,-15.795955300332267</coordinates>
            </Point>
          </Placemark>
          <Placemark>
            <name>00:00:40</name>
            <Point>
              <coordinates>28.537713368733723,-15.79482661353277</coordinates>
            </Point>
          </Placemark>
          <Placemark>
            <name>00:00:51</name>
            <Point>
              <coordinates>28.53744298761542,-15.794499917464579</coordinates>
            </Point>
          </Placemark>
          <Placemark>
            <name>00:01:40</name>
            <Point>
              <coordinates>28.53776510138261,-15.792865853561617</coordinates>
            </Point>
          </Placemark>
          <Placemark>
            <name>00:01:00</name>
            <Point>
              <coordinates>28.538373756408692,-15.792609024048408</coordinates>
            </Point>
          </Placemark>
          <Placemark>
            <name>00:01:07</name>
            <Point>
              <coordinates>28.53842617915227,-15.792536222018883</coordinates>
            </Point>
          </Placemark>
          <Placemark>
            <name>00:00:29</name>
            <Point>
              <coordinates>28.538490840366908,-15.792420387268637</coordinates>
            </Point>
          </Placemark>
          <Placemark>
            <name>00:00:42</name>
            <Point>
              <coordinates>28.53983225141253,-15.792595863342486</coordinates>
            </Point>
          </Placemark>
          <Placemark>
            <name>00:01:16</name>
            <Point>
              <coordinates>28.53991449796237,-15.792601585388585</coordinates>
            </Point>
          </Placemark>
          <Placemark>
            <name>00:00:54</name>
            <Point>
              <coordinates>28.541831546359596,-15.791914621989108</coordinates>
            </Point>
          </Placemark>
          <Placemark>
            <name>00:01:00</name>
            <Point>
              <coordinates>28.54317951202393,-15.791813564300748</coordinates>
            </Point>
          </Placemark>
          <Placemark>
            <name>00:00:46</name>
            <Point>
              <coordinates>28.54905533790588,-15.792286038398974</coordinates>
            </Point>
          </Placemark>
          <Placemark>
            <name>00:02:07</name>
            <Point>
              <coordinates>28.549056212107345,-15.792305191358627</coordinates>
            </Point>
          </Placemark>
          <Placemark>
            <name>00:00:53</name>
            <Point>
              <coordinates>28.550491968790688,-15.792478243510022</coordinates>
            </Point>
          </Placemark>
          <Placemark>
            <name>00:04:07</name>
            <Point>
              <coordinates>28.550676252783806,-15.792697627370426</coordinates>
            </Point>
          </Placemark>
          <Placemark>
            <name>00:01:26</name>
            <Point>
              <coordinates>28.551337242126458,-15.794017587389561</coordinates>
            </Point>
          </Placemark>
          <Placemark>
            <name>00:00:47</name>
            <Point>
              <coordinates>28.556870778401684,-15.798172950745071</coordinates>
            </Point>
          </Placemark>
          <Placemark>
            <name>00:00:39</name>
            <Point>
              <coordinates>28.55742454528809,-15.798219680786133</coordinates>
            </Point>
          </Placemark>
          <Placemark>
            <name>00:00:46</name>
            <Point>
              <coordinates>28.55963058471679,-15.800616073608753</coordinates>
            </Point>
          </Placemark>
          <Placemark>
            <name>00:00:42</name>
            <Point>
              <coordinates>28.559743063790453,-15.800620079041376</coordinates>
            </Point>
          </Placemark>
          <Placemark>
            <name>00:01:58</name>
            <Point>
              <coordinates>28.56485366821288,-15.802198410034421</coordinates>
            </Point>
          </Placemark>
          <Placemark>
            <name>00:06:54</name>
            <Point>
              <coordinates>28.565596621969465,-15.801953840947174</coordinates>
            </Point>
          </Placemark>
          <Placemark>
            <name>00:08:06</name>
            <Point>
              <coordinates>28.565621411358904,-15.80193852789814</coordinates>
            </Point>
          </Placemark>
          <Placemark>
            <name>00:03:28</name>
            <Point>
              <coordinates>28.56900285993304,-15.80342864990264</coordinates>
            </Point>
          </Placemark>
          <Placemark>
            <name>00:07:48</name>
            <Point>
              <coordinates>28.569270207331712,-15.803231092599988</coordinates>
            </Point>
          </Placemark>
          <Placemark>
            <name>00:02:06</name>
            <Point>
              <coordinates>28.570442199707017,-15.803340821039983</coordinates>
            </Point>
          </Placemark>
          <Placemark>
            <name>00:00:40</name>
            <Point>
              <coordinates>28.570751462663925,-15.803236961364867</coordinates>
            </Point>
          </Placemark>
          <Placemark>
            <name>00:05:36</name>
            <Point>
              <coordinates>28.570791721344,-15.802952119284566</coordinates>
            </Point>
          </Placemark>
          <Placemark>
            <name>00:01:02</name>
            <Point>
              <coordinates>28.570792111483478,-15.802801999179419</coordinates>
            </Point>
          </Placemark>
          <Placemark>
            <name>00:01:05</name>
            <Point>
              <coordinates>28.570765177408855,-15.802297751109093</coordinates>
            </Point>
          </Placemark>
          <Placemark>
            <name>00:06:54</name>
            <Point>
              <coordinates>28.57250244030051,-15.800801332447952</coordinates>
            </Point>
          </Placemark>
          <Placemark>
            <name>00:00:48</name>
            <Point>
              <coordinates>28.572575807571408,-15.800743579864811</coordinates>
            </Point>
          </Placemark>
          <Placemark>
            <name>00:02:16</name>
            <Point>
              <coordinates>28.57308744347613,-15.800866168478592</coordinates>
            </Point>
          </Placemark>
          <Placemark>
            <name>00:02:34</name>
            <Point>
              <coordinates>28.576656977335613,-15.791090435453167</coordinates>
            </Point>
          </Placemark>
          <Placemark>
            <name>00:02:55</name>
            <Point>
              <coordinates>28.577053070068374,-15.790321826935733</coordinates>
            </Point>
          </Placemark>
          <Placemark>
            <name>00:01:44</name>
            <Point>
              <coordinates>28.57348124186199,-15.77951123979368</coordinates>
            </Point>
          </Placemark>
          <Placemark>
            <name>00:00:30</name>
            <Point>
              <coordinates>28.569704771041867,-15.776745915413148</coordinates>
            </Point>
          </Placemark>
          <Placemark>
            <name>00:01:06</name>
            <Point>
              <coordinates>28.5681055242365,-15.773520209573222</coordinates>
            </Point>
          </Placemark>
          <Placemark>
            <name>00:00:41</name>
            <Point>
              <coordinates>28.567892789840688,-15.773489117623095</coordinates>
            </Point>
          </Placemark>
          <Placemark>
            <name>00:00:24</name>
            <Point>
              <coordinates>28.56780624389648,-15.773460251945485</coordinates>
            </Point>
          </Placemark>
          <Placemark>
            <name>00:00:47</name>
            <Point>
              <coordinates>28.565652847290032,-15.771157476637416</coordinates>
            </Point>
          </Placemark>
          <Placemark>
            <name>00:02:18</name>
            <Point>
              <coordinates>28.565377442733094,-15.770562420721248</coordinates>
            </Point>
          </Placemark>
          <Placemark>
            <name>00:06:54</name>
            <Point>
              <coordinates>28.56536328965339,-15.77052016880264</coordinates>
            </Point>
          </Placemark>
          <Placemark>
            <name>00:01:18</name>
            <Point>
              <coordinates>28.565281794621395,-15.770160748409342</coordinates>
            </Point>
          </Placemark>
          <Placemark>
            <name>00:04:30</name>
            <Point>
              <coordinates>28.56524213155111,-15.770121701559235</coordinates>
            </Point>
          </Placemark>
          <Placemark>
            <name>00:01:17</name>
            <Point>
              <coordinates>28.565173075749318,-15.769998697136131</coordinates>
            </Point>
          </Placemark>
          <Placemark>
            <name>00:02:58</name>
            <Point>
              <coordinates>28.56505935422834,-15.769856053015781</coordinates>
            </Point>
          </Placemark>
          <Placemark>
            <name>00:02:12</name>
            <Point>
              <coordinates>28.56435376947576,-15.768917647275634</coordinates>
            </Point>
          </Placemark>
          <Placemark>
            <name>00:01:48</name>
            <Point>
              <coordinates>28.56398073832193,-15.7685626877688</coordinates>
            </Point>
          </Placemark>
          <Placemark>
            <name>00:02:36</name>
            <Point>
              <coordinates>28.56403204110953,-15.768474468819143</coordinates>
            </Point>
          </Placemark>
          <Placemark>
            <name>00:01:42</name>
            <Point>
              <coordinates>28.564015556784234,-15.768421397491108</coordinates>
            </Point>
          </Placemark>
          <Placemark>
            <name>00:00:42</name>
            <Point>
              <coordinates>28.564034053257537,-15.768335342409124</coordinates>
            </Point>
          </Placemark>
          <Placemark>
            <name>00:03:07</name>
            <Point>
              <coordinates>28.56401377916336,-15.768213391304968</coordinates>
            </Point>
          </Placemark>
          <Placemark>
            <name>00:01:24</name>
            <Point>
              <coordinates>28.563989639282223,-15.76819419860874</coordinates>
            </Point>
          </Placemark>
          <Placemark>
            <name>00:01:01</name>
            <Point>
              <coordinates>28.56382872841575,-15.76828063618112</coordinates>
            </Point>
          </Placemark>
          <Placemark>
            <name>00:01:42</name>
            <Point>
              <coordinates>28.563775006462542,-15.768309593201028</coordinates>
            </Point>
          </Placemark>
          <Placemark>
            <name>00:01:18</name>
            <Point>
              <coordinates>28.563356692974388,-15.76855916243357</coordinates>
            </Point>
          </Placemark>
          <Placemark>
            <name>00:07:18</name>
            <Point>
              <coordinates>28.562431283193074,-15.769004521305254</coordinates>
            </Point>
          </Placemark>
          <Placemark>
            <name>00:02:00</name>
            <Point>
              <coordinates>28.562506198883067,-15.769109201433395</coordinates>
            </Point>
          </Placemark>
          <Placemark>
            <name>00:04:54</name>
            <Point>
              <coordinates>28.562460218157078,-15.769173738909354</coordinates>
            </Point>
          </Placemark>
          <Placemark>
            <name>00:02:12</name>
            <Point>
              <coordinates>28.5624413056807,-15.769245407799135</coordinates>
            </Point>
          </Placemark>
          <Placemark>
            <name>00:02:06</name>
            <Point>
              <coordinates>28.562356948852532,-15.7693383353111</coordinates>
            </Point>
          </Placemark>
          <Placemark>
            <name>00:00:58</name>
            <Point>
              <coordinates>28.562307739257808,-15.769453144074959</coordinates>
            </Point>
          </Placemark>
          <Placemark>
            <name>00:00:55</name>
            <Point>
              <coordinates>28.56226921081543,-15.769569873810056</coordinates>
            </Point>
          </Placemark>
          <Placemark>
            <name>00:01:09</name>
            <Point>
              <coordinates>28.561211512638973,-15.771464347841103</coordinates>
            </Point>
          </Placemark>
          <Placemark>
            <name>00:00:48</name>
            <Point>
              <coordinates>28.561195611953735,-15.771477222442666</coordinates>
            </Point>
          </Placemark>
          <Placemark>
            <name>00:00:51</name>
            <Point>
              <coordinates>28.56108347574869,-15.771578894721616</coordinates>
            </Point>
          </Placemark>
          <Placemark>
            <name>00:00:51</name>
            <Point>
              <coordinates>28.56083615620931,-15.772130966187252</coordinates>
            </Point>
          </Placemark>
          <Placemark>
            <name>00:01:06</name>
            <Point>
              <coordinates>28.560033321380615,-15.773829539617589</coordinates>
            </Point>
          </Placemark>
          <Placemark>
            <name>00:02:57</name>
            <Point>
              <coordinates>28.55695095062255,-15.774321778615588</coordinates>
            </Point>
          </Placemark>
          <Placemark>
            <name>00:01:03</name>
            <Point>
              <coordinates>28.55589190396395,-15.77601233395752</coordinates>
            </Point>
          </Placemark>
          <Placemark>
            <name>00:03:30</name>
            <Point>
              <coordinates>28.54687752594821,-15.78283941423629</coordinates>
            </Point>
          </Placemark>
          <Placemark>
            <name>00:03:53</name>
            <Point>
              <coordinates>28.54691852667393,-15.782913281367579</coordinates>
            </Point>
          </Placemark>
          <Placemark>
            <name>00:07:09</name>
            <Point>
              <coordinates>28.540033102035505,-15.776324788729672</coordinates>
            </Point>
          </Placemark>
          <Placemark>
            <name>00:00:55</name>
            <Point>
              <coordinates>28.539770993319426,-15.776625373146945</coordinates>
            </Point>
          </Placemark>
          <Placemark>
            <name>00:00:48</name>
            <Point>
              <coordinates>28.53827667236328,-15.777064561844057</coordinates>
            </Point>
          </Placemark>
          <Placemark>
            <name>00:00:48</name>
            <Point>
              <coordinates>28.53788113594055,-15.777418732643161</coordinates>
            </Point>
          </Placemark>
          <Placemark>
            <name>00:00:38</name>
            <Point>
              <coordinates>28.53492873055594,-15.777457237244056</coordinates>
            </Point>
          </Placemark>
          <Placemark>
            <name>00:01:14</name>
            <Point>
              <coordinates>28.53400303767278,-15.777464719919235</coordinates>
            </Point>
          </Placemark>
          <Placemark>
            <name>00:00:39</name>
            <Point>
              <coordinates>28.53392028808594,-15.777408191136123</coordinates>
            </Point>
          </Placemark>
          <Placemark>
            <name>00:03:02</name>
            <Point>
              <coordinates>28.532458681048784,-15.776848966425604</coordinates>
            </Point>
          </Placemark>
          <Placemark>
            <name>00:01:30</name>
            <Point>
              <coordinates>28.537471389770506,-15.777168846130829</coordinates>
            </Point>
          </Placemark>
          <Placemark>
            <name>00:01:15</name>
            <Point>
              <coordinates>28.537907055446084,-15.777437210083264</coordinates>
            </Point>
          </Placemark>
          <Placemark>
            <name>00:05:41</name>
            <Point>
              <coordinates>28.540057905789073,-15.776553976125502</coordinates>
            </Point>
          </Placemark>
          <Placemark>
            <name>00:00:52</name>
            <Point>
              <coordinates>28.541027492947038,-15.777320331998563</coordinates>
            </Point>
          </Placemark>
          <Placemark>
            <name>00:08:08</name>
            <Point>
              <coordinates>28.541040653135752,-15.77732157125741</coordinates>
            </Point>
          </Placemark>
          <Placemark>
            <name>00:01:13</name>
            <Point>
              <coordinates>28.546869277954098,-15.782845643850951</coordinates>
            </Point>
          </Placemark>
          <Placemark>
            <name>00:00:56</name>
            <Point>
              <coordinates>28.562442398071287,-15.770336437225748</coordinates>
            </Point>
          </Placemark>
          <Placemark>
            <name>00:32:58</name>
            <Point>
              <coordinates>28.562069390036804,-15.769826935277205</coordinates>
            </Point>
          </Placemark>
        </Folder>
      </Folder>
    </Folder>
    <Style id="entry_445">
      <LineStyle>
        <color>FF01E6E7</color>
        <width>4</width>
      </LineStyle>
    </Style>
    <Style id="entry_raw_445">
      <LineStyle>
        <color>FF999999</color>
        <width>1</width>
      </LineStyle>
    </Style>
    <Style id="entry_clean_445">
      <LineStyle>
        <color>FFFFFFFF</color>
        <width>1.5</width>
      </LineStyle>
    </Style>
  </Document>
</kml>